Date,Open,High,Low,Close,Volume,Dividends,Stock Splits,Commodity Name,Ticker
2024-01-03 00:00:00-05:00,2034.199951171875,2044.0,2034.199951171875,2034.199951171875,54.0,0.0,0.0,Gold,GC=F
2024-01-04 00:00:00-05:00,2041.5999755859375,2044.5,2038.0,2042.300048828125,88.0,0.0,0.0,Gold,GC=F
2024-01-05 00:00:00-05:00,2044.5,2048.10009765625,2042.4000244140625,2042.4000244140625,12.0,0.0,0.0,Gold,GC=F
2024-01-08 00:00:00-05:00,2019.0999755859375,2033.699951171875,2019.0999755859375,2026.5999755859375,10.0,0.0,0.0,Gold,GC=F
2024-01-09 00:00:00-05:00,2035.800048828125,2035.800048828125,2026.4000244140625,2026.4000244140625,27.0,0.0,0.0,Gold,GC=F
2024-01-10 00:00:00-05:00,2029.0,2035.5999755859375,2021.699951171875,2021.699951171875,538.0,0.0,0.0,Gold,GC=F
2024-01-11 00:00:00-05:00,2025.0999755859375,2025.0999755859375,2014.300048828125,2014.300048828125,97.0,0.0,0.0,Gold,GC=F
2024-01-12 00:00:00-05:00,2031.0999755859375,2057.0,2031.0999755859375,2046.699951171875,390.0,0.0,0.0,Gold,GC=F
2024-01-16 00:00:00-05:00,2051.699951171875,2054.800048828125,2026.0,2026.0,46.0,0.0,0.0,Gold,GC=F
2024-01-17 00:00:00-05:00,2026.5,2026.5,2002.5999755859375,2002.5999755859375,764.0,0.0,0.0,Gold,GC=F
2024-01-18 00:00:00-05:00,2012.800048828125,2018.5999755859375,2009.5,2018.5999755859375,1474.0,0.0,0.0,Gold,GC=F
2024-01-19 00:00:00-05:00,2023.199951171875,2036.0,2019.5,2026.5,50.0,0.0,0.0,Gold,GC=F
2024-01-22 00:00:00-05:00,2021.300048828125,2021.300048828125,2019.800048828125,2019.800048828125,12.0,0.0,0.0,Gold,GC=F
2024-01-23 00:00:00-05:00,2030.300048828125,2030.300048828125,2022.5,2023.699951171875,15.0,0.0,0.0,Gold,GC=F
2024-01-24 00:00:00-05:00,2023.199951171875,2033.199951171875,2013.9000244140625,2013.9000244140625,253.0,0.0,0.0,Gold,GC=F
2024-01-25 00:00:00-05:00,2012.0999755859375,2022.4000244140625,2012.0999755859375,2016.9000244140625,548.0,0.0,0.0,Gold,GC=F
2024-01-26 00:00:00-05:00,2021.699951171875,2022.4000244140625,2016.800048828125,2016.800048828125,49.0,0.0,0.0,Gold,GC=F
2024-01-29 00:00:00-05:00,2025.199951171875,2025.199951171875,2025.199951171875,2025.199951171875,150708.0,0.0,0.0,Gold,GC=F
2024-01-30 00:00:00-05:00,2032.5,2048.5,2028.0999755859375,2031.5,26907.0,0.0,0.0,Gold,GC=F
2024-01-31 00:00:00-05:00,2035.4000244140625,2055.0,2030.0,2048.39990234375,2007.0,0.0,0.0,Gold,GC=F
2024-02-01 00:00:00-05:00,2040.199951171875,2064.5,2029.0,2053.0,947.0,0.0,0.0,Gold,GC=F
2024-02-02 00:00:00-05:00,2054.800048828125,2055.89990234375,2027.699951171875,2036.0999755859375,888.0,0.0,0.0,Gold,GC=F
2024-02-05 00:00:00-05:00,2038.9000244140625,2040.800048828125,2013.800048828125,2025.699951171875,412.0,0.0,0.0,Gold,GC=F
2024-02-06 00:00:00-05:00,2025.9000244140625,2037.300048828125,2025.9000244140625,2034.5,249.0,0.0,0.0,Gold,GC=F
2024-02-07 00:00:00-05:00,2032.800048828125,2039.5,2032.699951171875,2035.199951171875,71.0,0.0,0.0,Gold,GC=F
2024-02-08 00:00:00-05:00,2028.0,2036.699951171875,2020.300048828125,2032.199951171875,341.0,0.0,0.0,Gold,GC=F
2024-02-09 00:00:00-05:00,2032.0,2032.0,2020.0,2023.300048828125,62.0,0.0,0.0,Gold,GC=F
2024-02-12 00:00:00-05:00,2025.5,2025.5,2011.5999755859375,2018.199951171875,317.0,0.0,0.0,Gold,GC=F
2024-02-13 00:00:00-05:00,2025.0999755859375,2025.800048828125,1990.0,1992.9000244140625,198.0,0.0,0.0,Gold,GC=F
2024-02-14 00:00:00-05:00,1990.300048828125,1993.5,1984.800048828125,1990.300048828125,1916.0,0.0,0.0,Gold,GC=F
2024-02-15 00:00:00-05:00,1993.5999755859375,2007.199951171875,1993.5999755859375,2002.0999755859375,286.0,0.0,0.0,Gold,GC=F
2024-02-16 00:00:00-05:00,2005.0,2011.5,1996.5,2011.5,32.0,0.0,0.0,Gold,GC=F
2024-02-20 00:00:00-05:00,2015.5999755859375,2029.0,2015.5999755859375,2027.5,1326.0,0.0,0.0,Gold,GC=F
2024-02-21 00:00:00-05:00,2028.199951171875,2028.199951171875,2022.300048828125,2022.300048828125,15.0,0.0,0.0,Gold,GC=F
2024-02-22 00:00:00-05:00,2033.199951171875,2033.199951171875,2019.699951171875,2019.699951171875,964.0,0.0,0.0,Gold,GC=F
2024-02-23 00:00:00-05:00,2026.0,2038.5999755859375,2014.9000244140625,2038.5999755859375,22.0,0.0,0.0,Gold,GC=F
2024-02-26 00:00:00-05:00,2034.0999755859375,2035.4000244140625,2024.800048828125,2028.5,143.0,0.0,0.0,Gold,GC=F
2024-02-27 00:00:00-05:00,2035.9000244140625,2035.9000244140625,2034.0,2034.0,964.0,0.0,0.0,Gold,GC=F
2024-02-28 00:00:00-05:00,2029.5,2037.0,2024.800048828125,2033.0,581.0,0.0,0.0,Gold,GC=F
2024-02-29 00:00:00-05:00,2034.300048828125,2049.800048828125,2034.300048828125,2045.699951171875,706.0,0.0,0.0,Gold,GC=F
2024-03-01 00:00:00-05:00,2043.0999755859375,2086.89990234375,2041.800048828125,2086.89990234375,1210.0,0.0,0.0,Gold,GC=F
2024-03-04 00:00:00-05:00,2083.60009765625,2119.800048828125,2080.699951171875,2117.699951171875,805.0,0.0,0.0,Gold,GC=F
2024-03-05 00:00:00-05:00,2114.89990234375,2133.5,2111.39990234375,2133.5,1287.0,0.0,0.0,Gold,GC=F
2024-03-06 00:00:00-05:00,2125.5,2150.300048828125,2125.5,2150.300048828125,443.0,0.0,0.0,Gold,GC=F
2024-03-07 00:00:00-05:00,2147.0,2163.0,2147.0,2158.0,152.0,0.0,0.0,Gold,GC=F
2024-03-08 00:00:00-05:00,2167.300048828125,2194.89990234375,2166.300048828125,2178.60009765625,259.0,0.0,0.0,Gold,GC=F
2024-03-11 00:00:00-04:00,2181.0,2184.0,2177.199951171875,2182.5,738.0,0.0,0.0,Gold,GC=F
2024-03-12 00:00:00-04:00,2182.5,2182.699951171875,2160.39990234375,2160.39990234375,550.0,0.0,0.0,Gold,GC=F
2024-03-13 00:00:00-04:00,2162.5,2175.39990234375,2162.5,2175.39990234375,20.0,0.0,0.0,Gold,GC=F
2024-03-14 00:00:00-04:00,2163.0,2163.0,2162.300048828125,2163.0,515.0,0.0,0.0,Gold,GC=F
2024-03-15 00:00:00-04:00,2161.699951171875,2161.699951171875,2157.300048828125,2157.300048828125,100.0,0.0,0.0,Gold,GC=F
2024-03-18 00:00:00-04:00,2146.199951171875,2160.699951171875,2146.199951171875,2160.699951171875,21.0,0.0,0.0,Gold,GC=F
2024-03-19 00:00:00-04:00,2156.10009765625,2156.300048828125,2156.10009765625,2156.300048828125,12.0,0.0,0.0,Gold,GC=F
2024-03-20 00:00:00-04:00,2157.300048828125,2185.89990234375,2150.89990234375,2157.89990234375,17.0,0.0,0.0,Gold,GC=F
2024-03-21 00:00:00-04:00,2207.0,2211.60009765625,2182.39990234375,2182.39990234375,63.0,0.0,0.0,Gold,GC=F
2024-03-22 00:00:00-04:00,2179.199951171875,2179.60009765625,2157.5,2158.10009765625,19.0,0.0,0.0,Gold,GC=F
2024-03-25 00:00:00-04:00,2166.199951171875,2179.39990234375,2166.199951171875,2174.800048828125,79.0,0.0,0.0,Gold,GC=F
2024-03-26 00:00:00-04:00,2182.699951171875,2182.699951171875,2175.60009765625,2175.60009765625,202373.0,0.0,0.0,Gold,GC=F
2024-03-27 00:00:00-04:00,2179.39990234375,2196.199951171875,2172.10009765625,2190.60009765625,31200.0,0.0,0.0,Gold,GC=F
2024-03-28 00:00:00-04:00,2193.60009765625,2234.10009765625,2187.10009765625,2217.39990234375,2040.0,0.0,0.0,Gold,GC=F
2024-04-01 00:00:00-04:00,2235.699951171875,2264.199951171875,2230.0,2236.5,400.0,0.0,0.0,Gold,GC=F
2024-04-02 00:00:00-04:00,2252.0,2279.199951171875,2247.60009765625,2261.0,435.0,0.0,0.0,Gold,GC=F
2024-04-03 00:00:00-04:00,2281.699951171875,2298.800048828125,2267.89990234375,2294.39990234375,285.0,0.0,0.0,Gold,GC=F
2024-04-04 00:00:00-04:00,2301.699951171875,2302.89990234375,2280.0,2288.800048828125,251.0,0.0,0.0,Gold,GC=F
2024-04-05 00:00:00-04:00,2289.199951171875,2328.39990234375,2267.39990234375,2325.699951171875,344.0,0.0,0.0,Gold,GC=F
2024-04-08 00:00:00-04:00,2325.60009765625,2341.800048828125,2319.0,2331.699951171875,202.0,0.0,0.0,Gold,GC=F
2024-04-09 00:00:00-04:00,2337.800048828125,2364.699951171875,2337.800048828125,2343.5,211.0,0.0,0.0,Gold,GC=F
2024-04-10 00:00:00-04:00,2346.60009765625,2358.10009765625,2327.699951171875,2329.60009765625,377.0,0.0,0.0,Gold,GC=F
2024-04-11 00:00:00-04:00,2341.5,2376.300048828125,2330.60009765625,2354.800048828125,283.0,0.0,0.0,Gold,GC=F
2024-04-12 00:00:00-04:00,2377.300048828125,2429.0,2334.300048828125,2356.199951171875,584.0,0.0,0.0,Gold,GC=F
2024-04-15 00:00:00-04:00,2362.10009765625,2384.699951171875,2326.0,2365.800048828125,1801.0,0.0,0.0,Gold,GC=F
2024-04-16 00:00:00-04:00,2384.0,2390.800048828125,2371.39990234375,2390.800048828125,41.0,0.0,0.0,Gold,GC=F
2024-04-17 00:00:00-04:00,2384.199951171875,2391.39990234375,2369.300048828125,2371.699951171875,37.0,0.0,0.0,Gold,GC=F
2024-04-18 00:00:00-04:00,2368.39990234375,2384.39990234375,2368.39990234375,2382.300048828125,128.0,0.0,0.0,Gold,GC=F
2024-04-19 00:00:00-04:00,2379.300048828125,2399.800048828125,2377.300048828125,2398.39990234375,160.0,0.0,0.0,Gold,GC=F
2024-04-22 00:00:00-04:00,2383.300048828125,2383.300048828125,2326.89990234375,2332.199951171875,53.0,0.0,0.0,Gold,GC=F
2024-04-23 00:00:00-04:00,2327.699951171875,2330.800048828125,2294.199951171875,2327.699951171875,171.0,0.0,0.0,Gold,GC=F
2024-04-24 00:00:00-04:00,2321.300048828125,2328.699951171875,2314.60009765625,2324.5,95.0,0.0,0.0,Gold,GC=F
2024-04-25 00:00:00-04:00,2315.0,2329.800048828125,2305.0,2329.800048828125,1024.0,0.0,0.0,Gold,GC=F
2024-04-26 00:00:00-04:00,2347.89990234375,2347.89990234375,2332.800048828125,2334.800048828125,717.0,0.0,0.0,Gold,GC=F
2024-04-29 00:00:00-04:00,2334.800048828125,2345.5,2327.89990234375,2345.39990234375,405.0,0.0,0.0,Gold,GC=F
2024-04-30 00:00:00-04:00,2322.5,2322.5,2291.39990234375,2291.39990234375,113.0,0.0,0.0,Gold,GC=F
2024-05-01 00:00:00-04:00,2287.699951171875,2327.300048828125,2283.800048828125,2299.89990234375,42.0,0.0,0.0,Gold,GC=F
2024-05-02 00:00:00-04:00,2321.699951171875,2324.699951171875,2292.300048828125,2299.199951171875,56.0,0.0,0.0,Gold,GC=F
2024-05-03 00:00:00-04:00,2300.0,2301.0,2277.60009765625,2299.0,194.0,0.0,0.0,Gold,GC=F
2024-05-06 00:00:00-04:00,2322.800048828125,2325.5,2314.199951171875,2321.60009765625,9.0,0.0,0.0,Gold,GC=F
2024-05-07 00:00:00-04:00,2324.300048828125,2324.300048828125,2315.199951171875,2315.199951171875,25.0,0.0,0.0,Gold,GC=F
2024-05-08 00:00:00-04:00,2313.60009765625,2313.60009765625,2313.60009765625,2313.60009765625,4.0,0.0,0.0,Gold,GC=F
2024-05-09 00:00:00-04:00,2310.699951171875,2339.5,2310.699951171875,2332.10009765625,5.0,0.0,0.0,Gold,GC=F
2024-05-10 00:00:00-04:00,2367.300048828125,2367.300048828125,2367.300048828125,2367.300048828125,126.0,0.0,0.0,Gold,GC=F
2024-05-13 00:00:00-04:00,2358.300048828125,2358.300048828125,2336.10009765625,2336.10009765625,14.0,0.0,0.0,Gold,GC=F
2024-05-14 00:00:00-04:00,2336.0,2358.0,2336.0,2353.39990234375,6.0,0.0,0.0,Gold,GC=F
2024-05-15 00:00:00-04:00,2361.60009765625,2388.699951171875,2356.0,2388.699951171875,29.0,0.0,0.0,Gold,GC=F
2024-05-16 00:00:00-04:00,2389.5,2392.199951171875,2380.0,2380.0,7.0,0.0,0.0,Gold,GC=F
2024-05-17 00:00:00-04:00,2380.699951171875,2415.800048828125,2380.699951171875,2412.199951171875,213.0,0.0,0.0,Gold,GC=F
2024-05-20 00:00:00-04:00,2415.800048828125,2435.800048828125,2409.699951171875,2433.89990234375,40.0,0.0,0.0,Gold,GC=F
2024-05-21 00:00:00-04:00,2429.5,2429.5,2421.0,2421.699951171875,6.0,0.0,0.0,Gold,GC=F
2024-05-22 00:00:00-04:00,2417.5,2417.60009765625,2375.800048828125,2389.199951171875,180.0,0.0,0.0,Gold,GC=F
2024-05-23 00:00:00-04:00,2371.199951171875,2371.199951171875,2335.0,2335.0,365.0,0.0,0.0,Gold,GC=F
2024-05-24 00:00:00-04:00,2342.60009765625,2345.39990234375,2332.5,2332.5,25.0,0.0,0.0,Gold,GC=F
2024-05-28 00:00:00-04:00,2336.89990234375,2359.699951171875,2336.89990234375,2355.199951171875,26.0,0.0,0.0,Gold,GC=F
2024-05-29 00:00:00-04:00,2340.300048828125,2340.300048828125,2340.300048828125,2340.300048828125,119317.0,0.0,0.0,Gold,GC=F
2024-05-30 00:00:00-04:00,2336.89990234375,2349.5,2320.800048828125,2342.89990234375,32587.0,0.0,0.0,Gold,GC=F
2024-05-31 00:00:00-04:00,2344.10009765625,2354.0,2319.0,2322.89990234375,941.0,0.0,0.0,Gold,GC=F
2024-06-03 00:00:00-04:00,2322.60009765625,2347.5,2312.0,2346.60009765625,781.0,0.0,0.0,Gold,GC=F
2024-06-04 00:00:00-04:00,2347.5,2347.699951171875,2313.89990234375,2325.5,890.0,0.0,0.0,Gold,GC=F
2024-06-05 00:00:00-04:00,2326.39990234375,2354.300048828125,2326.199951171875,2354.10009765625,295.0,0.0,0.0,Gold,GC=F
2024-06-06 00:00:00-04:00,2355.0,2375.800048828125,2355.0,2370.300048828125,179.0,0.0,0.0,Gold,GC=F
2024-06-07 00:00:00-04:00,2379.89990234375,2385.10009765625,2285.39990234375,2305.199951171875,269.0,0.0,0.0,Gold,GC=F
2024-06-10 00:00:00-04:00,2290.60009765625,2309.300048828125,2290.5,2307.699951171875,69.0,0.0,0.0,Gold,GC=F
2024-06-11 00:00:00-04:00,2300.0,2314.10009765625,2300.0,2307.5,871.0,0.0,0.0,Gold,GC=F
2024-06-12 00:00:00-04:00,2314.89990234375,2338.699951171875,2310.300048828125,2336.0,132.0,0.0,0.0,Gold,GC=F
2024-06-13 00:00:00-04:00,2309.39990234375,2317.699951171875,2296.199951171875,2300.199951171875,298.0,0.0,0.0,Gold,GC=F
2024-06-14 00:00:00-04:00,2307.0,2331.39990234375,2305.800048828125,2331.39990234375,948.0,0.0,0.0,Gold,GC=F
2024-06-17 00:00:00-04:00,2320.199951171875,2320.199951171875,2309.60009765625,2312.39990234375,110.0,0.0,0.0,Gold,GC=F
2024-06-18 00:00:00-04:00,2311.800048828125,2330.39990234375,2311.800048828125,2330.39990234375,43.0,0.0,0.0,Gold,GC=F
2024-06-20 00:00:00-04:00,2328.89990234375,2354.0,2328.300048828125,2353.800048828125,183.0,0.0,0.0,Gold,GC=F
2024-06-21 00:00:00-04:00,2331.199951171875,2331.199951171875,2316.39990234375,2316.39990234375,76.0,0.0,0.0,Gold,GC=F
2024-06-24 00:00:00-04:00,2323.300048828125,2332.89990234375,2322.699951171875,2330.0,99.0,0.0,0.0,Gold,GC=F
2024-06-25 00:00:00-04:00,2324.39990234375,2333.0,2316.60009765625,2316.60009765625,105.0,0.0,0.0,Gold,GC=F
2024-06-26 00:00:00-04:00,2307.89990234375,2314.39990234375,2298.0,2299.199951171875,986.0,0.0,0.0,Gold,GC=F
2024-06-27 00:00:00-04:00,2296.800048828125,2329.0,2295.0,2324.5,1532.0,0.0,0.0,Gold,GC=F
2024-06-28 00:00:00-04:00,2325.39990234375,2338.300048828125,2319.0,2327.699951171875,92.0,0.0,0.0,Gold,GC=F
2024-07-01 00:00:00-04:00,2323.800048828125,2329.699951171875,2321.699951171875,2327.60009765625,237.0,0.0,0.0,Gold,GC=F
2024-07-02 00:00:00-04:00,2330.699951171875,2334.60009765625,2323.0,2323.0,30.0,0.0,0.0,Gold,GC=F
2024-07-03 00:00:00-04:00,2330.89990234375,2361.60009765625,2330.89990234375,2359.800048828125,59.0,0.0,0.0,Gold,GC=F
2024-07-05 00:00:00-04:00,2354.89990234375,2388.5,2354.89990234375,2388.5,72.0,0.0,0.0,Gold,GC=F
2024-07-08 00:00:00-04:00,2381.699951171875,2383.800048828125,2352.800048828125,2355.199951171875,64.0,0.0,0.0,Gold,GC=F
2024-07-09 00:00:00-04:00,2363.10009765625,2363.699951171875,2360.10009765625,2360.10009765625,9.0,0.0,0.0,Gold,GC=F
2024-07-10 00:00:00-04:00,2366.300048828125,2377.0,2365.800048828125,2372.199951171875,19.0,0.0,0.0,Gold,GC=F
2024-07-11 00:00:00-04:00,2378.699951171875,2416.699951171875,2378.699951171875,2415.0,72.0,0.0,0.0,Gold,GC=F
2024-07-12 00:00:00-04:00,2399.800048828125,2414.0,2391.300048828125,2414.0,355.0,0.0,0.0,Gold,GC=F
2024-07-15 00:00:00-04:00,2430.0,2436.0,2422.89990234375,2422.89990234375,540.0,0.0,0.0,Gold,GC=F
2024-07-16 00:00:00-04:00,2427.39990234375,2462.39990234375,2427.39990234375,2462.39990234375,93.0,0.0,0.0,Gold,GC=F
2024-07-17 00:00:00-04:00,2472.89990234375,2473.10009765625,2454.800048828125,2454.800048828125,10.0,0.0,0.0,Gold,GC=F
2024-07-18 00:00:00-04:00,2466.0,2466.0,2451.800048828125,2451.800048828125,2.0,0.0,0.0,Gold,GC=F
2024-07-19 00:00:00-04:00,2418.800048828125,2419.199951171875,2395.5,2395.5,15.0,0.0,0.0,Gold,GC=F
2024-07-22 00:00:00-04:00,2402.10009765625,2402.10009765625,2392.0,2392.0,18.0,0.0,0.0,Gold,GC=F
2024-07-23 00:00:00-04:00,2395.800048828125,2404.60009765625,2388.699951171875,2404.60009765625,41.0,0.0,0.0,Gold,GC=F
2024-07-24 00:00:00-04:00,2421.0,2421.0,2411.60009765625,2413.300048828125,6.0,0.0,0.0,Gold,GC=F
2024-07-25 00:00:00-04:00,2365.5,2365.5,2351.89990234375,2351.89990234375,31.0,0.0,0.0,Gold,GC=F
2024-07-26 00:00:00-04:00,2368.699951171875,2386.89990234375,2368.699951171875,2380.0,95.0,0.0,0.0,Gold,GC=F
2024-07-29 00:00:00-04:00,2377.300048828125,2377.300048828125,2377.300048828125,2377.300048828125,126409.0,0.0,0.0,Gold,GC=F
2024-07-30 00:00:00-04:00,2380.89990234375,2409.300048828125,2373.800048828125,2405.0,25944.0,0.0,0.0,Gold,GC=F
2024-07-31 00:00:00-04:00,2407.10009765625,2447.60009765625,2402.800048828125,2426.5,1313.0,0.0,0.0,Gold,GC=F
2024-08-01 00:00:00-04:00,2446.699951171875,2455.10009765625,2430.39990234375,2435.0,690.0,0.0,0.0,Gold,GC=F
2024-08-02 00:00:00-04:00,2444.0,2477.0,2416.0,2425.699951171875,550.0,0.0,0.0,Gold,GC=F
2024-08-05 00:00:00-04:00,2442.0,2449.800048828125,2367.39990234375,2401.699951171875,334.0,0.0,0.0,Gold,GC=F
2024-08-06 00:00:00-04:00,2414.5,2421.800048828125,2380.0,2389.10009765625,163.0,0.0,0.0,Gold,GC=F
2024-08-07 00:00:00-04:00,2392.199951171875,2401.0,2384.5,2390.5,130.0,0.0,0.0,Gold,GC=F
2024-08-08 00:00:00-04:00,2384.300048828125,2422.800048828125,2384.300048828125,2422.199951171875,201.0,0.0,0.0,Gold,GC=F
2024-08-09 00:00:00-04:00,2422.300048828125,2432.10009765625,2418.5,2432.10009765625,611.0,0.0,0.0,Gold,GC=F
2024-08-12 00:00:00-04:00,2432.699951171875,2469.800048828125,2432.0,2462.39990234375,566.0,0.0,0.0,Gold,GC=F
2024-08-13 00:00:00-04:00,2461.0,2470.0,2456.5,2466.699951171875,510.0,0.0,0.0,Gold,GC=F
2024-08-14 00:00:00-04:00,2468.0,2472.10009765625,2439.39990234375,2439.39990234375,274.0,0.0,0.0,Gold,GC=F
2024-08-15 00:00:00-04:00,2451.800048828125,2467.699951171875,2431.199951171875,2453.10009765625,285.0,0.0,0.0,Gold,GC=F
2024-08-16 00:00:00-04:00,2453.5,2508.0,2451.39990234375,2498.60009765625,197.0,0.0,0.0,Gold,GC=F
2024-08-19 00:00:00-04:00,2508.5,2508.5,2487.199951171875,2501.800048828125,88.0,0.0,0.0,Gold,GC=F
2024-08-20 00:00:00-04:00,2503.5,2527.300048828125,2500.699951171875,2511.300048828125,187.0,0.0,0.0,Gold,GC=F
2024-08-21 00:00:00-04:00,2511.0,2515.39990234375,2503.89990234375,2508.39990234375,96.0,0.0,0.0,Gold,GC=F
2024-08-22 00:00:00-04:00,2504.10009765625,2504.10009765625,2471.10009765625,2478.89990234375,210.0,0.0,0.0,Gold,GC=F
2024-08-23 00:00:00-04:00,2486.5,2508.39990234375,2486.5,2508.39990234375,94.0,0.0,0.0,Gold,GC=F
2024-08-26 00:00:00-04:00,2509.89990234375,2523.10009765625,2509.10009765625,2517.699951171875,290.0,0.0,0.0,Gold,GC=F
2024-08-27 00:00:00-04:00,2515.199951171875,2523.10009765625,2506.89990234375,2516.0,100.0,0.0,0.0,Gold,GC=F
2024-08-28 00:00:00-04:00,2501.0,2501.0,2501.0,2501.0,2353.0,0.0,0.0,Gold,GC=F
2024-08-29 00:00:00-04:00,2504.10009765625,2525.699951171875,2503.89990234375,2525.699951171875,3966.0,0.0,0.0,Gold,GC=F
2024-08-30 00:00:00-04:00,2519.5,2525.39990234375,2493.800048828125,2493.800048828125,208.0,0.0,0.0,Gold,GC=F
2024-09-03 00:00:00-04:00,2501.60009765625,2501.800048828125,2476.300048828125,2489.89990234375,206.0,0.0,0.0,Gold,GC=F
2024-09-04 00:00:00-04:00,2490.89990234375,2493.39990234375,2483.5,2493.39990234375,470.0,0.0,0.0,Gold,GC=F
2024-09-05 00:00:00-04:00,2493.699951171875,2513.300048828125,2493.39990234375,2511.39990234375,54.0,0.0,0.0,Gold,GC=F
2024-09-06 00:00:00-04:00,2510.300048828125,2517.89990234375,2483.699951171875,2493.5,96.0,0.0,0.0,Gold,GC=F
2024-09-09 00:00:00-04:00,2491.300048828125,2504.699951171875,2491.300048828125,2501.800048828125,96.0,0.0,0.0,Gold,GC=F
2024-09-10 00:00:00-04:00,2512.300048828125,2512.300048828125,2512.300048828125,2512.300048828125,5.0,0.0,0.0,Gold,GC=F
2024-09-11 00:00:00-04:00,2525.800048828125,2525.800048828125,2502.300048828125,2512.10009765625,90.0,0.0,0.0,Gold,GC=F
2024-09-12 00:00:00-04:00,2529.10009765625,2557.0,2523.39990234375,2551.199951171875,132.0,0.0,0.0,Gold,GC=F
2024-09-13 00:00:00-04:00,2568.800048828125,2581.800048828125,2565.0,2581.300048828125,31.0,0.0,0.0,Gold,GC=F
2024-09-16 00:00:00-04:00,2580.39990234375,2580.39990234375,2580.39990234375,2580.39990234375,28.0,0.0,0.0,Gold,GC=F
2024-09-17 00:00:00-04:00,2581.199951171875,2581.800048828125,2564.300048828125,2564.300048828125,22.0,0.0,0.0,Gold,GC=F
2024-09-18 00:00:00-04:00,2570.699951171875,2570.699951171875,2549.199951171875,2570.699951171875,25.0,0.0,0.0,Gold,GC=F
2024-09-19 00:00:00-04:00,2566.0,2588.0,2566.0,2588.0,99.0,0.0,0.0,Gold,GC=F
2024-09-20 00:00:00-04:00,2590.39990234375,2621.800048828125,2590.39990234375,2619.89990234375,17.0,0.0,0.0,Gold,GC=F
2024-09-23 00:00:00-04:00,2626.5,2626.5,2626.5,2626.5,9.0,0.0,0.0,Gold,GC=F
2024-09-24 00:00:00-04:00,2636.800048828125,2662.300048828125,2625.5,2651.199951171875,35.0,0.0,0.0,Gold,GC=F
2024-09-25 00:00:00-04:00,2656.300048828125,2664.199951171875,2649.300048828125,2659.199951171875,175.0,0.0,0.0,Gold,GC=F
2024-09-26 00:00:00-04:00,2662.300048828125,2669.89990234375,2660.800048828125,2669.89990234375,17216.0,0.0,0.0,Gold,GC=F
2024-09-27 00:00:00-04:00,2670.0,2672.10009765625,2641.699951171875,2644.300048828125,4228.0,0.0,0.0,Gold,GC=F
2024-09-30 00:00:00-04:00,2660.89990234375,2662.10009765625,2623.199951171875,2636.10009765625,973.0,0.0,0.0,Gold,GC=F
2024-10-01 00:00:00-04:00,2631.39990234375,2670.89990234375,2631.39990234375,2667.300048828125,153.0,0.0,0.0,Gold,GC=F
2024-10-02 00:00:00-04:00,2650.60009765625,2657.199951171875,2640.0,2647.10009765625,72.0,0.0,0.0,Gold,GC=F
2024-10-03 00:00:00-04:00,2642.800048828125,2657.10009765625,2640.0,2657.10009765625,354.0,0.0,0.0,Gold,GC=F
2024-10-04 00:00:00-04:00,2656.0,2667.0,2639.0,2645.800048828125,114.0,0.0,0.0,Gold,GC=F
2024-10-07 00:00:00-04:00,2648.699951171875,2657.39990234375,2639.0,2644.800048828125,284.0,0.0,0.0,Gold,GC=F
2024-10-08 00:00:00-04:00,2639.0,2639.0,2609.300048828125,2615.0,687.0,0.0,0.0,Gold,GC=F
2024-10-09 00:00:00-04:00,2603.0,2607.699951171875,2603.0,2606.0,152.0,0.0,0.0,Gold,GC=F
2024-10-10 00:00:00-04:00,2602.5,2628.300048828125,2602.5,2620.60009765625,320.0,0.0,0.0,Gold,GC=F
2024-10-11 00:00:00-04:00,2638.300048828125,2658.10009765625,2638.199951171875,2657.60009765625,12.0,0.0,0.0,Gold,GC=F
2024-10-14 00:00:00-04:00,2655.0,2655.300048828125,2647.800048828125,2647.800048828125,40.0,0.0,0.0,Gold,GC=F
2024-10-15 00:00:00-04:00,2661.39990234375,2661.39990234375,2661.39990234375,2661.39990234375,39.0,0.0,0.0,Gold,GC=F
2024-10-16 00:00:00-04:00,2674.0,2674.0,2674.0,2674.0,6.0,0.0,0.0,Gold,GC=F
2024-10-17 00:00:00-04:00,2677.39990234375,2691.699951171875,2677.199951171875,2691.0,30.0,0.0,0.0,Gold,GC=F
2024-10-18 00:00:00-04:00,2713.699951171875,2719.60009765625,2713.699951171875,2713.699951171875,29.0,0.0,0.0,Gold,GC=F
2024-10-21 00:00:00-04:00,2721.89990234375,2738.39990234375,2719.5,2723.10009765625,52.0,0.0,0.0,Gold,GC=F
2024-10-22 00:00:00-04:00,2731.699951171875,2746.0,2728.60009765625,2744.199951171875,93.0,0.0,0.0,Gold,GC=F
2024-10-23 00:00:00-04:00,2742.5,2742.5,2714.199951171875,2714.39990234375,18.0,0.0,0.0,Gold,GC=F
2024-10-24 00:00:00-04:00,2729.0,2736.10009765625,2729.0,2734.89990234375,27.0,0.0,0.0,Gold,GC=F
2024-10-25 00:00:00-04:00,2725.5,2742.39990234375,2725.5,2740.89990234375,29.0,0.0,0.0,Gold,GC=F
2024-10-28 00:00:00-04:00,2736.10009765625,2742.89990234375,2729.5,2742.89990234375,56.0,0.0,0.0,Gold,GC=F
2024-10-29 00:00:00-04:00,2768.39990234375,2768.39990234375,2768.39990234375,2768.39990234375,848.0,0.0,0.0,Gold,GC=F
2024-10-30 00:00:00-04:00,2774.60009765625,2789.0,2774.60009765625,2788.5,231.0,0.0,0.0,Gold,GC=F
2024-10-31 00:00:00-04:00,2787.39990234375,2787.5,2733.5,2738.300048828125,849.0,0.0,0.0,Gold,GC=F
2024-11-01 00:00:00-04:00,2745.5,2756.0,2734.199951171875,2738.60009765625,109.0,0.0,0.0,Gold,GC=F
2024-11-04 00:00:00-05:00,2736.5,2737.10009765625,2736.10009765625,2736.10009765625,16.0,0.0,0.0,Gold,GC=F
2024-11-05 00:00:00-05:00,2743.0,2743.89990234375,2740.300048828125,2740.300048828125,23.0,0.0,0.0,Gold,GC=F
2024-11-06 00:00:00-05:00,2734.5,2734.5,2659.39990234375,2667.60009765625,427.0,0.0,0.0,Gold,GC=F
2024-11-07 00:00:00-05:00,2662.5,2699.10009765625,2662.5,2698.39990234375,676.0,0.0,0.0,Gold,GC=F
2024-11-08 00:00:00-05:00,2688.5,2694.60009765625,2682.89990234375,2687.5,1038.0,0.0,0.0,Gold,GC=F
2024-11-11 00:00:00-05:00,2671.699951171875,2671.699951171875,2611.199951171875,2611.199951171875,20.0,0.0,0.0,Gold,GC=F
2024-11-12 00:00:00-05:00,2605.5,2605.5,2592.800048828125,2600.0,118.0,0.0,0.0,Gold,GC=F
2024-11-13 00:00:00-05:00,2611.10009765625,2611.800048828125,2580.800048828125,2580.800048828125,53.0,0.0,0.0,Gold,GC=F
2024-11-14 00:00:00-05:00,2555.10009765625,2576.199951171875,2554.199951171875,2568.199951171875,27.0,0.0,0.0,Gold,GC=F
2024-11-15 00:00:00-05:00,2565.699951171875,2565.699951171875,2565.699951171875,2565.699951171875,20.0,0.0,0.0,Gold,GC=F
2024-11-18 00:00:00-05:00,2591.699951171875,2610.699951171875,2589.39990234375,2610.60009765625,136.0,0.0,0.0,Gold,GC=F
2024-11-19 00:00:00-05:00,2621.89990234375,2627.699951171875,2619.300048828125,2627.10009765625,87.0,0.0,0.0,Gold,GC=F
2024-11-20 00:00:00-05:00,2638.5,2648.199951171875,2638.5,2648.199951171875,27.0,0.0,0.0,Gold,GC=F
2024-11-21 00:00:00-05:00,2659.300048828125,2672.10009765625,2655.699951171875,2672.10009765625,33.0,0.0,0.0,Gold,GC=F
2024-11-22 00:00:00-05:00,2687.5,2710.5,2685.60009765625,2709.89990234375,41.0,0.0,0.0,Gold,GC=F
2024-11-25 00:00:00-05:00,2689.39990234375,2689.39990234375,2616.800048828125,2616.800048828125,94.0,0.0,0.0,Gold,GC=F
2024-11-26 00:00:00-05:00,2625.60009765625,2625.60009765625,2620.300048828125,2620.300048828125,177858.0,0.0,0.0,Gold,GC=F
2024-11-27 00:00:00-05:00,2633.5,2657.89990234375,2627.199951171875,2639.89990234375,61653.0,0.0,0.0,Gold,GC=F
2024-11-29 00:00:00-05:00,2636.39990234375,2664.300048828125,2620.699951171875,2657.0,3861.0,0.0,0.0,Gold,GC=F
2024-12-02 00:00:00-05:00,2649.0,2649.800048828125,2621.699951171875,2634.89990234375,695.0,0.0,0.0,Gold,GC=F
2024-12-03 00:00:00-05:00,2639.0,2654.699951171875,2636.0,2644.699951171875,1062.0,0.0,0.0,Gold,GC=F
2024-12-04 00:00:00-05:00,2639.199951171875,2658.300048828125,2637.0,2653.800048828125,249.0,0.0,0.0,Gold,GC=F
2024-12-05 00:00:00-05:00,2652.39990234375,2655.0,2625.699951171875,2626.60009765625,573.0,0.0,0.0,Gold,GC=F
2024-12-06 00:00:00-05:00,2620.199951171875,2643.10009765625,2617.5,2638.60009765625,571.0,0.0,0.0,Gold,GC=F
2024-12-09 00:00:00-05:00,2632.10009765625,2677.10009765625,2630.800048828125,2664.89990234375,935.0,0.0,0.0,Gold,GC=F
2024-12-10 00:00:00-05:00,2662.300048828125,2698.199951171875,2661.0,2697.60009765625,437.0,0.0,0.0,Gold,GC=F
2024-12-11 00:00:00-05:00,2701.800048828125,2733.800048828125,2693.10009765625,2733.800048828125,3387.0,0.0,0.0,Gold,GC=F
2024-12-12 00:00:00-05:00,2725.10009765625,2725.10009765625,2677.39990234375,2687.5,2365.0,0.0,0.0,Gold,GC=F
2024-12-13 00:00:00-05:00,2688.199951171875,2689.300048828125,2647.89990234375,2656.0,1125.0,0.0,0.0,Gold,GC=F
2024-12-16 00:00:00-05:00,2658.300048828125,2663.300048828125,2651.0,2651.39990234375,877.0,0.0,0.0,Gold,GC=F
2024-12-17 00:00:00-05:00,2651.800048828125,2652.300048828125,2632.5,2644.39990234375,705.0,0.0,0.0,Gold,GC=F
2024-12-18 00:00:00-05:00,2644.300048828125,2647.10009765625,2590.199951171875,2636.5,566.0,0.0,0.0,Gold,GC=F
2024-12-19 00:00:00-05:00,2582.10009765625,2610.300048828125,2582.10009765625,2592.199951171875,238.0,0.0,0.0,Gold,GC=F
2024-12-20 00:00:00-05:00,2605.300048828125,2631.60009765625,2604.89990234375,2628.699951171875,592.0,0.0,0.0,Gold,GC=F
2024-12-23 00:00:00-05:00,2620.0,2627.699951171875,2611.10009765625,2612.300048828125,451.0,0.0,0.0,Gold,GC=F
2024-12-24 00:00:00-05:00,2613.0,2620.0,2609.5,2620.0,35.0,0.0,0.0,Gold,GC=F
2024-12-26 00:00:00-05:00,2628.5,2638.800048828125,2627.89990234375,2638.800048828125,84.0,0.0,0.0,Gold,GC=F
2024-12-27 00:00:00-05:00,2617.699951171875,2617.699951171875,2616.39990234375,2617.199951171875,642.0,0.0,0.0,Gold,GC=F
2024-12-30 00:00:00-05:00,2620.699951171875,2626.89990234375,2597.0,2606.10009765625,794.0,0.0,0.0,Gold,GC=F
2024-12-31 00:00:00-05:00,2608.39990234375,2629.199951171875,2604.89990234375,2629.199951171875,401.0,0.0,0.0,Gold,GC=F
2025-01-02 00:00:00-05:00,2633.0,2663.10009765625,2633.0,2658.89990234375,1728.0,0.0,0.0,Gold,GC=F
2025-01-03 00:00:00-05:00,2658.699951171875,2658.699951171875,2641.800048828125,2645.0,591.0,0.0,0.0,Gold,GC=F
2025-01-06 00:00:00-05:00,2645.5,2647.0,2617.300048828125,2638.39990234375,960.0,0.0,0.0,Gold,GC=F
2025-01-07 00:00:00-05:00,2653.39990234375,2657.5,2653.0,2656.699951171875,643.0,0.0,0.0,Gold,GC=F
2025-01-08 00:00:00-05:00,2655.5,2676.89990234375,2653.5,2664.5,999.0,0.0,0.0,Gold,GC=F
2025-01-09 00:00:00-05:00,2669.699951171875,2686.300048828125,2667.89990234375,2683.800048828125,1139.0,0.0,0.0,Gold,GC=F
2025-01-10 00:00:00-05:00,2686.10009765625,2720.10009765625,2683.699951171875,2708.5,1139.0,0.0,0.0,Gold,GC=F
2024-01-03 00:00:00-05:00,23.264999389648438,23.264999389648438,22.93000030517578,22.945999145507812,458.0,0.0,0.0,Silver,SI=F
2024-01-04 00:00:00-05:00,22.93000030517578,23.045000076293945,22.704999923706055,22.98900032043457,24.0,0.0,0.0,Silver,SI=F
2024-01-05 00:00:00-05:00,23.065000534057617,23.121999740600586,22.864999771118164,23.121999740600586,5.0,0.0,0.0,Silver,SI=F
2024-01-08 00:00:00-05:00,22.989999771118164,23.1200008392334,22.834999084472656,23.1200008392334,53.0,0.0,0.0,Silver,SI=F
2024-01-09 00:00:00-05:00,23.139999389648438,23.139999389648438,22.90399932861328,22.90399932861328,19.0,0.0,0.0,Silver,SI=F
2024-01-10 00:00:00-05:00,23.0,23.0,22.799999237060547,22.884000778198242,10.0,0.0,0.0,Silver,SI=F
2024-01-11 00:00:00-05:00,22.959999084472656,23.084999084472656,22.53499984741211,22.53700065612793,109.0,0.0,0.0,Silver,SI=F
2024-01-12 00:00:00-05:00,22.825000762939453,23.3799991607666,22.825000762939453,23.16200065612793,44.0,0.0,0.0,Silver,SI=F
2024-01-16 00:00:00-05:00,22.933000564575195,22.933000564575195,22.933000564575195,22.933000564575195,0.0,0.0,0.0,Silver,SI=F
2024-01-17 00:00:00-05:00,22.90999984741211,22.90999984741211,22.510000228881836,22.516000747680664,17.0,0.0,0.0,Silver,SI=F
2024-01-18 00:00:00-05:00,22.639999389648438,22.66699981689453,22.59000015258789,22.66699981689453,5.0,0.0,0.0,Silver,SI=F
2024-01-19 00:00:00-05:00,22.514999389648438,22.570999145507812,22.514999389648438,22.570999145507812,2.0,0.0,0.0,Silver,SI=F
2024-01-22 00:00:00-05:00,22.0049991607666,22.163000106811523,21.924999237060547,22.163000106811523,28.0,0.0,0.0,Silver,SI=F
2024-01-23 00:00:00-05:00,22.333999633789062,22.333999633789062,22.333999633789062,22.333999633789062,0.0,0.0,0.0,Silver,SI=F
2024-01-24 00:00:00-05:00,22.854999542236328,22.90999984741211,22.7549991607666,22.7549991607666,46.0,0.0,0.0,Silver,SI=F
2024-01-25 00:00:00-05:00,22.8700008392334,22.8700008392334,22.808000564575195,22.808000564575195,48.0,0.0,0.0,Silver,SI=F
2024-01-26 00:00:00-05:00,22.760000228881836,22.84000015258789,22.7549991607666,22.7549991607666,111.0,0.0,0.0,Silver,SI=F
2024-01-29 00:00:00-05:00,23.094999313354492,23.204999923706055,23.094999313354492,23.13800048828125,333.0,0.0,0.0,Silver,SI=F
2024-01-30 00:00:00-05:00,23.204999923706055,23.274999618530273,23.065000534057617,23.10700035095215,78.0,0.0,0.0,Silver,SI=F
2024-01-31 00:00:00-05:00,23.051000595092773,23.051000595092773,23.051000595092773,23.051000595092773,0.0,0.0,0.0,Silver,SI=F
2024-02-01 00:00:00-05:00,22.875,23.1299991607666,22.549999237060547,23.1299991607666,12.0,0.0,0.0,Silver,SI=F
2024-02-02 00:00:00-05:00,23.125,23.155000686645508,22.55500030517578,22.701000213623047,20.0,0.0,0.0,Silver,SI=F
2024-02-05 00:00:00-05:00,22.489999771118164,22.489999771118164,22.28499984741211,22.334999084472656,36.0,0.0,0.0,Silver,SI=F
2024-02-06 00:00:00-05:00,22.454999923706055,22.454999923706055,22.334999084472656,22.39299964904785,405.0,0.0,0.0,Silver,SI=F
2024-02-07 00:00:00-05:00,22.34000015258789,22.405000686645508,22.277999877929688,22.277999877929688,69.0,0.0,0.0,Silver,SI=F
2024-02-08 00:00:00-05:00,22.489999771118164,22.565000534057617,22.299999237060547,22.565000534057617,154.0,0.0,0.0,Silver,SI=F
2024-02-09 00:00:00-05:00,22.405000686645508,22.565000534057617,22.405000686645508,22.527999877929688,7.0,0.0,0.0,Silver,SI=F
2024-02-12 00:00:00-05:00,22.649999618530273,22.725000381469727,22.649999618530273,22.708999633789062,8.0,0.0,0.0,Silver,SI=F
2024-02-13 00:00:00-05:00,22.09600067138672,22.09600067138672,22.09600067138672,22.09600067138672,0.0,0.0,0.0,Silver,SI=F
2024-02-14 00:00:00-05:00,22.03499984741211,22.33099937438965,22.0049991607666,22.33099937438965,8.0,0.0,0.0,Silver,SI=F
2024-02-15 00:00:00-05:00,22.610000610351562,22.920000076293945,22.610000610351562,22.91200065612793,6.0,0.0,0.0,Silver,SI=F
2024-02-16 00:00:00-05:00,23.43899917602539,23.43899917602539,23.43899917602539,23.43899917602539,0.0,0.0,0.0,Silver,SI=F
2024-02-20 00:00:00-05:00,23.149999618530273,23.149999618530273,23.106000900268555,23.106000900268555,6.0,0.0,0.0,Silver,SI=F
2024-02-21 00:00:00-05:00,23.190000534057617,23.19499969482422,22.85099983215332,22.85099983215332,8.0,0.0,0.0,Silver,SI=F
2024-02-22 00:00:00-05:00,22.764999389648438,22.764999389648438,22.764999389648438,22.764999389648438,0.0,0.0,0.0,Silver,SI=F
2024-02-23 00:00:00-05:00,22.9689998626709,22.9689998626709,22.9689998626709,22.9689998626709,39.0,0.0,0.0,Silver,SI=F
2024-02-26 00:00:00-05:00,22.594999313354492,22.594999313354492,22.517000198364258,22.517000198364258,10.0,0.0,0.0,Silver,SI=F
2024-02-27 00:00:00-05:00,22.523000717163086,22.523000717163086,22.523000717163086,22.523000717163086,38667.0,0.0,0.0,Silver,SI=F
2024-02-28 00:00:00-05:00,22.44499969482422,22.5,22.2450008392334,22.40999984741211,5854.0,0.0,0.0,Silver,SI=F
2024-02-29 00:00:00-05:00,22.440000534057617,22.774999618530273,22.295000076293945,22.666000366210938,517.0,0.0,0.0,Silver,SI=F
2024-03-01 00:00:00-05:00,22.655000686645508,23.25,22.56999969482422,23.149999618530273,964.0,0.0,0.0,Silver,SI=F
2024-03-04 00:00:00-05:00,23.155000686645508,23.93000030517578,23.06999969482422,23.77899932861328,996.0,0.0,0.0,Silver,SI=F
2024-03-05 00:00:00-05:00,23.704999923706055,24.200000762939453,23.665000915527344,23.76300048828125,559.0,0.0,0.0,Silver,SI=F
2024-03-06 00:00:00-05:00,23.635000228881836,24.27199935913086,23.594999313354492,24.27199935913086,129.0,0.0,0.0,Silver,SI=F
2024-03-07 00:00:00-05:00,24.165000915527344,24.514999389648438,24.139999389648438,24.3700008392334,187.0,0.0,0.0,Silver,SI=F
2024-03-08 00:00:00-05:00,24.5049991607666,24.5049991607666,24.299999237060547,24.339000701904297,115.0,0.0,0.0,Silver,SI=F
2024-03-11 00:00:00-04:00,24.385000228881836,24.511999130249023,24.3700008392334,24.511999130249023,172.0,0.0,0.0,Silver,SI=F
2024-03-12 00:00:00-04:00,24.46500015258789,24.5049991607666,24.194000244140625,24.194000244140625,42.0,0.0,0.0,Silver,SI=F
2024-03-13 00:00:00-04:00,24.21500015258789,24.958999633789062,24.21500015258789,24.958999633789062,37.0,0.0,0.0,Silver,SI=F
2024-03-14 00:00:00-04:00,24.875,24.979999542236328,24.874000549316406,24.874000549316406,20.0,0.0,0.0,Silver,SI=F
2024-03-15 00:00:00-04:00,24.834999084472656,25.420000076293945,24.825000762939453,25.200000762939453,48.0,0.0,0.0,Silver,SI=F
2024-03-18 00:00:00-04:00,25.15999984741211,25.2450008392334,25.090999603271484,25.090999603271484,26.0,0.0,0.0,Silver,SI=F
2024-03-19 00:00:00-04:00,25.170000076293945,25.170000076293945,24.94499969482422,24.964000701904297,20.0,0.0,0.0,Silver,SI=F
2024-03-20 00:00:00-04:00,24.933000564575195,24.933000564575195,24.933000564575195,24.933000564575195,75.0,0.0,0.0,Silver,SI=F
2024-03-21 00:00:00-04:00,25.625,25.735000610351562,24.849000930786133,24.849000930786133,69.0,0.0,0.0,Silver,SI=F
2024-03-22 00:00:00-04:00,24.75,24.75,24.65999984741211,24.691999435424805,20.0,0.0,0.0,Silver,SI=F
2024-03-25 00:00:00-04:00,24.815000534057617,24.844999313354492,24.719999313354492,24.7450008392334,69.0,0.0,0.0,Silver,SI=F
2024-03-26 00:00:00-04:00,24.639999389648438,24.649999618530273,24.482999801635742,24.482999801635742,663.0,0.0,0.0,Silver,SI=F
2024-03-27 00:00:00-04:00,24.424999237060547,24.625,24.424999237060547,24.625,215.0,0.0,0.0,Silver,SI=F
2024-03-28 00:00:00-04:00,24.684999465942383,24.90999984741211,24.684999465942383,24.797000885009766,20.0,0.0,0.0,Silver,SI=F
2024-04-01 00:00:00-04:00,25.25,25.344999313354492,24.809999465942383,24.95400047302246,44.0,0.0,0.0,Silver,SI=F
2024-04-02 00:00:00-04:00,25.299999237060547,25.854999542236328,25.270000457763672,25.804000854492188,59.0,0.0,0.0,Silver,SI=F
2024-04-03 00:00:00-04:00,26.2549991607666,27.065000534057617,26.209999084472656,26.94499969482422,104.0,0.0,0.0,Silver,SI=F
2024-04-04 00:00:00-04:00,27.229999542236328,27.270000457763672,26.790000915527344,27.139999389648438,23.0,0.0,0.0,Silver,SI=F
2024-04-05 00:00:00-04:00,26.489999771118164,27.40999984741211,26.489999771118164,27.399999618530273,39.0,0.0,0.0,Silver,SI=F
2024-04-08 00:00:00-04:00,27.80500030517578,27.93000030517578,27.711999893188477,27.711999893188477,6.0,0.0,0.0,Silver,SI=F
2024-04-09 00:00:00-04:00,28.1200008392334,28.1200008392334,27.891000747680664,27.891000747680664,66.0,0.0,0.0,Silver,SI=F
2024-04-10 00:00:00-04:00,27.764999389648438,27.985000610351562,27.764999389648438,27.961000442504883,5.0,0.0,0.0,Silver,SI=F
2024-04-11 00:00:00-04:00,28.1299991607666,28.514999389648438,28.0,28.176000595092773,536.0,0.0,0.0,Silver,SI=F
2024-04-12 00:00:00-04:00,28.510000228881836,29.80500030517578,28.2549991607666,28.2549991607666,354.0,0.0,0.0,Silver,SI=F
2024-04-15 00:00:00-04:00,28.25,28.650999069213867,27.770000457763672,28.650999069213867,61.0,0.0,0.0,Silver,SI=F
2024-04-16 00:00:00-04:00,28.354999542236328,28.354999542236328,28.235000610351562,28.31800079345703,76.0,0.0,0.0,Silver,SI=F
2024-04-17 00:00:00-04:00,28.510000228881836,28.510000228881836,28.309999465942383,28.34600067138672,9.0,0.0,0.0,Silver,SI=F
2024-04-18 00:00:00-04:00,28.32900047302246,28.32900047302246,28.32900047302246,28.32900047302246,0.0,0.0,0.0,Silver,SI=F
2024-04-19 00:00:00-04:00,28.5049991607666,28.808000564575195,28.21500015258789,28.808000564575195,15.0,0.0,0.0,Silver,SI=F
2024-04-22 00:00:00-04:00,27.21299934387207,27.21299934387207,27.21299934387207,27.21299934387207,0.0,0.0,0.0,Silver,SI=F
2024-04-23 00:00:00-04:00,27.135000228881836,27.40999984741211,27.135000228881836,27.33099937438965,15.0,0.0,0.0,Silver,SI=F
2024-04-24 00:00:00-04:00,27.139999389648438,27.323999404907227,27.1299991607666,27.323999404907227,4.0,0.0,0.0,Silver,SI=F
2024-04-25 00:00:00-04:00,27.341999053955078,27.341999053955078,27.341999053955078,27.341999053955078,29.0,0.0,0.0,Silver,SI=F
2024-04-26 00:00:00-04:00,27.240999221801758,27.240999221801758,27.240999221801758,27.240999221801758,68254.0,0.0,0.0,Silver,SI=F
2024-04-29 00:00:00-04:00,27.200000762939453,27.440000534057617,26.959999084472656,27.37299919128418,11787.0,0.0,0.0,Silver,SI=F
2024-04-30 00:00:00-04:00,27.155000686645508,27.165000915527344,26.299999237060547,26.391000747680664,1881.0,0.0,0.0,Silver,SI=F
2024-05-01 00:00:00-04:00,26.28499984741211,26.94499969482422,26.28499984741211,26.48900032043457,387.0,0.0,0.0,Silver,SI=F
2024-05-02 00:00:00-04:00,26.71500015258789,26.795000076293945,26.03499984741211,26.58300018310547,277.0,0.0,0.0,Silver,SI=F
2024-05-03 00:00:00-04:00,26.6299991607666,26.78499984741211,26.15999984741211,26.44499969482422,194.0,0.0,0.0,Silver,SI=F
2024-05-06 00:00:00-04:00,26.950000762939453,27.389999389648438,26.950000762939453,27.368999481201172,48.0,0.0,0.0,Silver,SI=F
2024-05-07 00:00:00-04:00,27.299999237060547,27.44499969482422,27.280000686645508,27.30299949645996,74.0,0.0,0.0,Silver,SI=F
2024-05-08 00:00:00-04:00,27.264999389648438,27.420000076293945,27.264999389648438,27.361000061035156,123.0,0.0,0.0,Silver,SI=F
2024-05-09 00:00:00-04:00,27.604999542236328,28.200000762939453,27.600000381469727,28.131999969482422,333.0,0.0,0.0,Silver,SI=F
2024-05-10 00:00:00-04:00,28.594999313354492,28.594999313354492,28.229999542236328,28.274999618530273,75.0,0.0,0.0,Silver,SI=F
2024-05-13 00:00:00-04:00,28.059999465942383,28.344999313354492,28.03499984741211,28.22100067138672,253.0,0.0,0.0,Silver,SI=F
2024-05-14 00:00:00-04:00,28.270000457763672,28.610000610351562,28.110000610351562,28.485000610351562,212.0,0.0,0.0,Silver,SI=F
2024-05-15 00:00:00-04:00,28.610000610351562,29.513999938964844,28.610000610351562,29.513999938964844,31.0,0.0,0.0,Silver,SI=F
2024-05-16 00:00:00-04:00,29.8799991607666,29.8799991607666,29.5,29.665000915527344,29.0,0.0,0.0,Silver,SI=F
2024-05-17 00:00:00-04:00,29.760000228881836,31.604999542236328,29.760000228881836,31.047000885009766,118.0,0.0,0.0,Silver,SI=F
2024-05-20 00:00:00-04:00,30.9950008392334,32.20500183105469,30.9950008392334,32.20500183105469,83.0,0.0,0.0,Silver,SI=F
2024-05-21 00:00:00-04:00,32.494998931884766,32.5,31.405000686645508,31.868000030517578,55.0,0.0,0.0,Silver,SI=F
2024-05-22 00:00:00-04:00,32.029998779296875,32.029998779296875,31.15999984741211,31.295000076293945,31.0,0.0,0.0,Silver,SI=F
2024-05-23 00:00:00-04:00,30.344999313354492,30.709999084472656,30.1299991607666,30.284000396728516,104.0,0.0,0.0,Silver,SI=F
2024-05-24 00:00:00-04:00,30.3700008392334,30.3700008392334,30.329999923706055,30.329999923706055,10.0,0.0,0.0,Silver,SI=F
2024-05-28 00:00:00-04:00,31.540000915527344,32.1150016784668,31.5049991607666,31.97100067138672,45.0,0.0,0.0,Silver,SI=F
2024-05-29 00:00:00-04:00,32.202999114990234,32.202999114990234,32.202999114990234,32.202999114990234,932.0,0.0,0.0,Silver,SI=F
2024-05-30 00:00:00-04:00,32.0,32.04999923706055,31.110000610351562,31.38800048828125,257.0,0.0,0.0,Silver,SI=F
2024-05-31 00:00:00-04:00,30.424999237060547,30.489999771118164,30.297000885009766,30.297000885009766,44.0,0.0,0.0,Silver,SI=F
2024-06-03 00:00:00-04:00,30.440000534057617,30.641000747680664,29.850000381469727,30.641000747680664,209.0,0.0,0.0,Silver,SI=F
2024-06-04 00:00:00-04:00,29.7549991607666,29.9950008392334,29.469999313354492,29.488000869750977,39.0,0.0,0.0,Silver,SI=F
2024-06-05 00:00:00-04:00,29.549999237060547,29.969999313354492,29.549999237060547,29.947999954223633,16.0,0.0,0.0,Silver,SI=F
2024-06-06 00:00:00-04:00,30.559999465942383,31.31999969482422,30.559999465942383,31.246999740600586,282.0,0.0,0.0,Silver,SI=F
2024-06-07 00:00:00-04:00,31.524999618530273,31.524999618530273,29.299999237060547,29.334999084472656,10.0,0.0,0.0,Silver,SI=F
2024-06-10 00:00:00-04:00,29.59000015258789,29.768999099731445,29.479999542236328,29.768999099731445,32.0,0.0,0.0,Silver,SI=F
2024-06-11 00:00:00-04:00,29.155000686645508,29.5049991607666,29.132999420166016,29.132999420166016,3.0,0.0,0.0,Silver,SI=F
2024-06-12 00:00:00-04:00,30.176000595092773,30.176000595092773,29.75,30.176000595092773,8.0,0.0,0.0,Silver,SI=F
2024-06-13 00:00:00-04:00,29.125,29.325000762939453,28.815000534057617,28.989999771118164,21.0,0.0,0.0,Silver,SI=F
2024-06-14 00:00:00-04:00,29.385000228881836,29.540000915527344,29.385000228881836,29.402000427246094,16.0,0.0,0.0,Silver,SI=F
2024-06-17 00:00:00-04:00,29.325000762939453,29.325000762939453,29.325000762939453,29.325000762939453,0.0,0.0,0.0,Silver,SI=F
2024-06-18 00:00:00-04:00,29.0049991607666,29.5049991607666,28.954999923706055,29.5049991607666,66.0,0.0,0.0,Silver,SI=F
2024-06-20 00:00:00-04:00,29.5,30.775999069213867,29.5,30.775999069213867,20.0,0.0,0.0,Silver,SI=F
2024-06-21 00:00:00-04:00,30.5,30.510000228881836,29.572999954223633,29.572999954223633,20.0,0.0,0.0,Silver,SI=F
2024-06-24 00:00:00-04:00,29.5,29.5,29.48900032043457,29.48900032043457,5.0,0.0,0.0,Silver,SI=F
2024-06-25 00:00:00-04:00,29.5,29.5,28.836999893188477,28.836999893188477,5.0,0.0,0.0,Silver,SI=F
2024-06-26 00:00:00-04:00,28.909000396728516,28.909000396728516,28.909000396728516,28.909000396728516,52023.0,0.0,0.0,Silver,SI=F
2024-06-27 00:00:00-04:00,28.770000457763672,29.225000381469727,28.665000915527344,28.917999267578125,14649.0,0.0,0.0,Silver,SI=F
2024-06-28 00:00:00-04:00,28.940000534057617,29.579999923706055,28.81999969482422,29.23699951171875,538.0,0.0,0.0,Silver,SI=F
2024-07-01 00:00:00-04:00,29.100000381469727,29.440000534057617,29.0,29.299999237060547,664.0,0.0,0.0,Silver,SI=F
2024-07-02 00:00:00-04:00,29.309999465942383,29.6200008392334,29.225000381469727,29.35300064086914,153.0,0.0,0.0,Silver,SI=F
2024-07-03 00:00:00-04:00,29.594999313354492,30.549999237060547,29.540000915527344,30.54800033569336,261.0,0.0,0.0,Silver,SI=F
2024-07-05 00:00:00-04:00,30.264999389648438,31.469999313354492,30.165000915527344,31.38800048828125,451.0,0.0,0.0,Silver,SI=F
2024-07-08 00:00:00-04:00,31.200000762939453,31.200000762939453,30.618000030517578,30.618000030517578,171.0,0.0,0.0,Silver,SI=F
2024-07-09 00:00:00-04:00,30.77199935913086,30.77199935913086,30.77199935913086,30.77199935913086,6.0,0.0,0.0,Silver,SI=F
2024-07-10 00:00:00-04:00,30.770000457763672,30.770000457763672,30.726999282836914,30.726999282836914,121.0,0.0,0.0,Silver,SI=F
2024-07-11 00:00:00-04:00,30.940000534057617,31.704999923706055,30.905000686645508,31.393999099731445,257.0,0.0,0.0,Silver,SI=F
2024-07-12 00:00:00-04:00,31.364999771118164,31.364999771118164,30.459999084472656,30.88599967956543,41.0,0.0,0.0,Silver,SI=F
2024-07-15 00:00:00-04:00,30.690000534057617,31.0049991607666,30.594999313354492,30.672000885009766,43.0,0.0,0.0,Silver,SI=F
2024-07-16 00:00:00-04:00,30.809999465942383,31.30500030517578,30.780000686645508,31.19499969482422,8.0,0.0,0.0,Silver,SI=F
2024-07-17 00:00:00-04:00,31.204999923706055,31.28499984741211,30.136999130249023,30.136999130249023,69.0,0.0,0.0,Silver,SI=F
2024-07-18 00:00:00-04:00,30.5049991607666,30.5049991607666,29.989999771118164,29.9950008392334,4.0,0.0,0.0,Silver,SI=F
2024-07-19 00:00:00-04:00,29.75,29.75,28.899999618530273,29.08799934387207,73.0,0.0,0.0,Silver,SI=F
2024-07-22 00:00:00-04:00,29.170000076293945,29.170000076293945,28.780000686645508,29.124000549316406,27.0,0.0,0.0,Silver,SI=F
2024-07-23 00:00:00-04:00,29.0,29.131999969482422,28.799999237060547,29.131999969482422,21.0,0.0,0.0,Silver,SI=F
2024-07-24 00:00:00-04:00,29.115999221801758,29.115999221801758,28.985000610351562,29.115999221801758,9.0,0.0,0.0,Silver,SI=F
2024-07-25 00:00:00-04:00,28.700000762939453,28.700000762939453,27.549999237060547,27.80699920654297,157.0,0.0,0.0,Silver,SI=F
2024-07-26 00:00:00-04:00,28.010000228881836,28.010000228881836,27.739999771118164,27.860000610351562,75.0,0.0,0.0,Silver,SI=F
2024-07-29 00:00:00-04:00,28.049999237060547,28.049999237060547,27.702999114990234,27.702999114990234,819.0,0.0,0.0,Silver,SI=F
2024-07-30 00:00:00-04:00,27.825000762939453,28.364999771118164,27.799999237060547,28.364999771118164,320.0,0.0,0.0,Silver,SI=F
2024-07-31 00:00:00-04:00,28.71500015258789,28.885000228881836,28.71500015258789,28.777999877929688,17.0,0.0,0.0,Silver,SI=F
2024-08-01 00:00:00-04:00,28.94499969482422,28.94499969482422,28.33099937438965,28.33099937438965,16.0,0.0,0.0,Silver,SI=F
2024-08-02 00:00:00-04:00,28.899999618530273,28.93000030517578,28.246000289916992,28.246000289916992,101.0,0.0,0.0,Silver,SI=F
2024-08-05 00:00:00-04:00,28.165000915527344,28.559999465942383,26.84000015258789,27.076000213623047,38.0,0.0,0.0,Silver,SI=F
2024-08-06 00:00:00-04:00,27.21500015258789,27.229999542236328,27.09600067138672,27.09600067138672,110.0,0.0,0.0,Silver,SI=F
2024-08-07 00:00:00-04:00,26.915000915527344,26.915000915527344,26.69499969482422,26.829999923706055,7.0,0.0,0.0,Silver,SI=F
2024-08-08 00:00:00-04:00,27.05500030517578,27.5049991607666,27.05500030517578,27.5,36.0,0.0,0.0,Silver,SI=F
2024-08-09 00:00:00-04:00,27.48699951171875,27.48699951171875,27.48699951171875,27.48699951171875,2.0,0.0,0.0,Silver,SI=F
2024-08-12 00:00:00-04:00,27.84000015258789,27.924999237060547,27.780000686645508,27.91699981689453,11.0,0.0,0.0,Silver,SI=F
2024-08-13 00:00:00-04:00,27.69499969482422,27.69499969482422,27.69499969482422,27.69499969482422,4.0,0.0,0.0,Silver,SI=F
2024-08-14 00:00:00-04:00,27.253999710083008,27.253999710083008,27.253999710083008,27.253999710083008,30.0,0.0,0.0,Silver,SI=F
2024-08-15 00:00:00-04:00,28.145000457763672,28.341999053955078,28.145000457763672,28.341999053955078,41.0,0.0,0.0,Silver,SI=F
2024-08-16 00:00:00-04:00,28.777999877929688,28.777999877929688,28.777999877929688,28.777999877929688,15.0,0.0,0.0,Silver,SI=F
2024-08-19 00:00:00-04:00,29.239999771118164,29.239999771118164,29.239999771118164,29.239999771118164,18.0,0.0,0.0,Silver,SI=F
2024-08-20 00:00:00-04:00,29.854999542236328,29.954999923706055,29.454999923706055,29.454999923706055,15.0,0.0,0.0,Silver,SI=F
2024-08-21 00:00:00-04:00,29.47599983215332,29.47599983215332,29.47599983215332,29.47599983215332,1.0,0.0,0.0,Silver,SI=F
2024-08-22 00:00:00-04:00,29.44499969482422,29.450000762939453,29.0,29.006000518798828,4.0,0.0,0.0,Silver,SI=F
2024-08-23 00:00:00-04:00,29.785999298095703,29.785999298095703,29.785999298095703,29.785999298095703,8.0,0.0,0.0,Silver,SI=F
2024-08-26 00:00:00-04:00,30.104999542236328,30.104999542236328,29.905000686645508,29.976999282836914,53.0,0.0,0.0,Silver,SI=F
2024-08-27 00:00:00-04:00,29.951000213623047,29.985000610351562,29.951000213623047,29.951000213623047,78.0,0.0,0.0,Silver,SI=F
2024-08-28 00:00:00-04:00,29.176000595092773,29.176000595092773,29.176000595092773,29.176000595092773,42397.0,0.0,0.0,Silver,SI=F
2024-08-29 00:00:00-04:00,29.110000610351562,29.655000686645508,29.110000610351562,29.55699920654297,7849.0,0.0,0.0,Silver,SI=F
2024-08-30 00:00:00-04:00,29.3799991607666,29.55500030517578,28.709999084472656,28.731000900268555,488.0,0.0,0.0,Silver,SI=F
2024-09-03 00:00:00-04:00,28.354999542236328,28.565000534057617,27.69499969482422,27.951000213623047,292.0,0.0,0.0,Silver,SI=F
2024-09-04 00:00:00-04:00,27.885000228881836,28.21500015258789,27.885000228881836,28.16699981689453,237.0,0.0,0.0,Silver,SI=F
2024-09-05 00:00:00-04:00,28.19499969482422,28.770000457763672,28.19499969482422,28.719999313354492,299.0,0.0,0.0,Silver,SI=F
2024-09-06 00:00:00-04:00,28.584999084472656,28.584999084472656,27.808000564575195,27.808000564575195,72.0,0.0,0.0,Silver,SI=F
2024-09-09 00:00:00-04:00,28.084999084472656,28.34000015258789,28.049999237060547,28.291000366210938,72.0,0.0,0.0,Silver,SI=F
2024-09-10 00:00:00-04:00,28.2450008392334,28.256999969482422,28.204999923706055,28.256999969482422,20.0,0.0,0.0,Silver,SI=F
2024-09-11 00:00:00-04:00,28.4950008392334,28.68000030517578,28.4950008392334,28.562999725341797,18.0,0.0,0.0,Silver,SI=F
2024-09-12 00:00:00-04:00,28.80500030517578,29.799999237060547,28.790000915527344,29.743000030517578,33.0,0.0,0.0,Silver,SI=F
2024-09-13 00:00:00-04:00,29.979999542236328,30.770000457763672,29.979999542236328,30.698999404907227,66.0,0.0,0.0,Silver,SI=F
2024-09-16 00:00:00-04:00,30.885000228881836,31.014999389648438,30.764999389648438,30.770999908447266,116.0,0.0,0.0,Silver,SI=F
2024-09-17 00:00:00-04:00,30.618999481201172,30.700000762939453,30.618999481201172,30.618999481201172,52.0,0.0,0.0,Silver,SI=F
2024-09-18 00:00:00-04:00,30.65999984741211,30.729999542236328,30.299999237060547,30.340999603271484,86.0,0.0,0.0,Silver,SI=F
2024-09-19 00:00:00-04:00,30.049999237060547,31.0939998626709,30.049999237060547,31.0939998626709,26.0,0.0,0.0,Silver,SI=F
2024-09-20 00:00:00-04:00,31.065000534057617,31.200000762939453,31.065000534057617,31.176000595092773,3.0,0.0,0.0,Silver,SI=F
2024-09-23 00:00:00-04:00,30.6299991607666,30.864999771118164,30.6299991607666,30.767000198364258,70.0,0.0,0.0,Silver,SI=F
2024-09-24 00:00:00-04:00,30.860000610351562,32.111000061035156,30.825000762939453,32.111000061035156,35.0,0.0,0.0,Silver,SI=F
2024-09-25 00:00:00-04:00,31.80500030517578,31.989999771118164,31.697999954223633,31.697999954223633,38.0,0.0,0.0,Silver,SI=F
2024-09-26 00:00:00-04:00,32.23500061035156,32.25,32.025001525878906,32.025001525878906,301.0,0.0,0.0,Silver,SI=F
2024-09-27 00:00:00-04:00,31.815000534057617,32.13999938964844,31.44499969482422,31.518999099731445,120.0,0.0,0.0,Silver,SI=F
2024-09-30 00:00:00-04:00,31.604999542236328,31.604999542236328,31.1200008392334,31.163999557495117,73.0,0.0,0.0,Silver,SI=F
2024-10-01 00:00:00-04:00,31.350000381469727,31.594999313354492,31.309999465942383,31.44499969482422,86.0,0.0,0.0,Silver,SI=F
2024-10-02 00:00:00-04:00,31.05500030517578,31.700000762939453,31.05500030517578,31.628000259399414,24.0,0.0,0.0,Silver,SI=F
2024-10-03 00:00:00-04:00,31.459999084472656,32.18899917602539,31.440000534057617,32.18899917602539,146.0,0.0,0.0,Silver,SI=F
2024-10-04 00:00:00-04:00,32.095001220703125,32.86000061035156,31.610000610351562,32.12799835205078,156.0,0.0,0.0,Silver,SI=F
2024-10-07 00:00:00-04:00,31.59000015258789,31.7450008392334,31.59000015258789,31.7450008392334,1.0,0.0,0.0,Silver,SI=F
2024-10-08 00:00:00-04:00,31.385000228881836,31.385000228881836,30.354999542236328,30.354999542236328,21.0,0.0,0.0,Silver,SI=F
2024-10-09 00:00:00-04:00,30.485000610351562,30.485000610351562,30.424999237060547,30.424999237060547,2.0,0.0,0.0,Silver,SI=F
2024-10-10 00:00:00-04:00,31.0049991607666,31.0049991607666,31.0049991607666,31.0049991607666,4.0,0.0,0.0,Silver,SI=F
2024-10-11 00:00:00-04:00,31.53499984741211,31.53499984741211,31.520000457763672,31.520000457763672,15.0,0.0,0.0,Silver,SI=F
2024-10-14 00:00:00-04:00,31.08300018310547,31.200000762939453,31.08300018310547,31.08300018310547,2.0,0.0,0.0,Silver,SI=F
2024-10-15 00:00:00-04:00,31.527000427246094,31.527000427246094,31.527000427246094,31.527000427246094,0.0,0.0,0.0,Silver,SI=F
2024-10-16 00:00:00-04:00,31.649999618530273,31.760000228881836,31.645000457763672,31.760000228881836,25.0,0.0,0.0,Silver,SI=F
2024-10-17 00:00:00-04:00,31.68000030517578,31.854999542236328,31.572999954223633,31.572999954223633,26.0,0.0,0.0,Silver,SI=F
2024-10-18 00:00:00-04:00,33.03200149536133,33.68000030517578,33.03200149536133,33.03200149536133,33.0,0.0,0.0,Silver,SI=F
2024-10-21 00:00:00-04:00,33.8650016784668,34.255001068115234,33.8650016784668,33.86899948120117,58.0,0.0,0.0,Silver,SI=F
2024-10-22 00:00:00-04:00,34.474998474121094,34.834999084472656,34.42499923706055,34.83100128173828,80.0,0.0,0.0,Silver,SI=F
2024-10-23 00:00:00-04:00,34.55500030517578,34.55500030517578,33.63999938964844,33.63999938964844,6.0,0.0,0.0,Silver,SI=F
2024-10-24 00:00:00-04:00,34.13999938964844,34.13999938964844,33.611000061035156,33.611000061035156,24.0,0.0,0.0,Silver,SI=F
2024-10-25 00:00:00-04:00,33.25,33.70500183105469,33.25,33.60300064086914,22.0,0.0,0.0,Silver,SI=F
2024-10-28 00:00:00-04:00,33.77000045776367,33.83000183105469,33.77000045776367,33.83000183105469,3.0,0.0,0.0,Silver,SI=F
2024-10-29 00:00:00-04:00,34.26900100708008,34.26900100708008,34.26900100708008,34.26900100708008,133.0,0.0,0.0,Silver,SI=F
2024-10-30 00:00:00-04:00,34.119998931884766,34.16999816894531,33.540000915527344,33.91400146484375,79.0,0.0,0.0,Silver,SI=F
2024-10-31 00:00:00-04:00,33.525001525878906,33.525001525878906,32.59000015258789,32.65299987792969,37.0,0.0,0.0,Silver,SI=F
2024-11-01 00:00:00-04:00,32.54199981689453,32.54199981689453,32.400001525878906,32.54199981689453,98.0,0.0,0.0,Silver,SI=F
2024-11-04 00:00:00-05:00,32.47999954223633,32.47999954223633,32.47999954223633,32.47999954223633,0.0,0.0,0.0,Silver,SI=F
2024-11-05 00:00:00-05:00,32.654998779296875,32.654998779296875,32.654998779296875,32.654998779296875,6.0,0.0,0.0,Silver,SI=F
2024-11-06 00:00:00-05:00,32.040000915527344,32.040000915527344,31.0,31.22100067138672,6.0,0.0,0.0,Silver,SI=F
2024-11-07 00:00:00-05:00,31.44499969482422,31.764999389648438,31.44499969482422,31.764999389648438,222.0,0.0,0.0,Silver,SI=F
2024-11-08 00:00:00-05:00,31.4950008392334,31.4950008392334,31.344999313354492,31.358999252319336,3.0,0.0,0.0,Silver,SI=F
2024-11-11 00:00:00-05:00,31.114999771118164,31.114999771118164,30.5,30.540000915527344,69.0,0.0,0.0,Silver,SI=F
2024-11-12 00:00:00-05:00,30.309999465942383,30.68600082397461,30.309999465942383,30.68600082397461,5.0,0.0,0.0,Silver,SI=F
2024-11-13 00:00:00-05:00,30.969999313354492,30.969999313354492,30.43000030517578,30.59000015258789,5.0,0.0,0.0,Silver,SI=F
2024-11-14 00:00:00-05:00,30.170000076293945,30.56999969482422,29.735000610351562,30.507999420166016,38.0,0.0,0.0,Silver,SI=F
2024-11-15 00:00:00-05:00,30.31999969482422,30.371000289916992,30.2450008392334,30.371000289916992,2.0,0.0,0.0,Silver,SI=F
2024-11-18 00:00:00-05:00,31.163000106811523,31.163000106811523,31.163000106811523,31.163000106811523,6.0,0.0,0.0,Silver,SI=F
2024-11-19 00:00:00-05:00,31.454999923706055,31.475000381469727,31.149999618530273,31.20800018310547,10.0,0.0,0.0,Silver,SI=F
2024-11-20 00:00:00-05:00,31.18000030517578,31.18000030517578,30.95599937438965,30.95599937438965,7.0,0.0,0.0,Silver,SI=F
2024-11-21 00:00:00-05:00,30.94499969482422,30.94499969482422,30.75,30.91200065612793,30.0,0.0,0.0,Silver,SI=F
2024-11-22 00:00:00-05:00,31.299999237060547,31.30900001525879,31.260000228881836,31.30900001525879,5.0,0.0,0.0,Silver,SI=F
2024-11-25 00:00:00-05:00,30.815000534057617,30.815000534057617,30.209999084472656,30.209999084472656,12.0,0.0,0.0,Silver,SI=F
2024-11-26 00:00:00-05:00,30.38800048828125,30.38800048828125,30.38800048828125,30.38800048828125,55215.0,0.0,0.0,Silver,SI=F
2024-11-27 00:00:00-05:00,30.489999771118164,30.75,29.989999771118164,30.111000061035156,19729.0,0.0,0.0,Silver,SI=F
2024-11-29 00:00:00-05:00,30.135000228881836,30.950000762939453,29.655000686645508,30.684999465942383,2230.0,0.0,0.0,Silver,SI=F
2024-12-02 00:00:00-05:00,30.510000228881836,30.670000076293945,30.170000076293945,30.448999404907227,158.0,0.0,0.0,Silver,SI=F
2024-12-03 00:00:00-05:00,30.934999465942383,31.110000610351562,30.8700008392334,31.07699966430664,211.0,0.0,0.0,Silver,SI=F
2024-12-04 00:00:00-05:00,31.155000686645508,31.5049991607666,30.920000076293945,31.5049991607666,504.0,0.0,0.0,Silver,SI=F
2024-12-05 00:00:00-05:00,31.290000915527344,31.475000381469727,31.134000778198242,31.134000778198242,211.0,0.0,0.0,Silver,SI=F
2024-12-06 00:00:00-05:00,31.299999237060547,31.334999084472656,31.079999923706055,31.18600082397461,35.0,0.0,0.0,Silver,SI=F
2024-12-09 00:00:00-05:00,31.440000534057617,32.51499938964844,31.440000534057617,32.215999603271484,642.0,0.0,0.0,Silver,SI=F
2024-12-10 00:00:00-05:00,32.10499954223633,32.362998962402344,32.03499984741211,32.362998962402344,689.0,0.0,0.0,Silver,SI=F
2024-12-11 00:00:00-05:00,32.34000015258789,32.5620002746582,32.20500183105469,32.5620002746582,484.0,0.0,0.0,Silver,SI=F
2024-12-12 00:00:00-05:00,32.529998779296875,32.77000045776367,31.225000381469727,31.22800064086914,108.0,0.0,0.0,Silver,SI=F
2024-12-13 00:00:00-05:00,31.0,31.0,30.559999465942383,30.655000686645508,47.0,0.0,0.0,Silver,SI=F
2024-12-16 00:00:00-05:00,30.815000534057617,30.815000534057617,30.68000030517578,30.69700050354004,36.0,0.0,0.0,Silver,SI=F
2024-12-17 00:00:00-05:00,30.344999313354492,30.572999954223633,30.290000915527344,30.572999954223633,365.0,0.0,0.0,Silver,SI=F
2024-12-18 00:00:00-05:00,30.440000534057617,30.440000534057617,29.8799991607666,30.40999984741211,290.0,0.0,0.0,Silver,SI=F
2024-12-19 00:00:00-05:00,29.604999542236328,29.614999771118164,28.854999542236328,29.0939998626709,81.0,0.0,0.0,Silver,SI=F
2024-12-20 00:00:00-05:00,29.165000915527344,29.844999313354492,29.104999542236328,29.65999984741211,61.0,0.0,0.0,Silver,SI=F
2024-12-23 00:00:00-05:00,29.895000457763672,29.989999771118164,29.88800048828125,29.88800048828125,54.0,0.0,0.0,Silver,SI=F
2024-12-24 00:00:00-05:00,29.974000930786133,29.974000930786133,29.974000930786133,29.974000930786133,66.0,0.0,0.0,Silver,SI=F
2024-12-26 00:00:00-05:00,30.014999389648438,30.114999771118164,29.979999542236328,30.047000885009766,109.0,0.0,0.0,Silver,SI=F
2024-12-27 00:00:00-05:00,29.934999465942383,29.934999465942383,29.604999542236328,29.655000686645508,502.0,0.0,0.0,Silver,SI=F
2024-12-30 00:00:00-05:00,29.65999984741211,29.719999313354492,28.989999771118164,29.106000900268555,200.0,0.0,0.0,Silver,SI=F
2024-12-31 00:00:00-05:00,29.135000228881836,29.170000076293945,28.940000534057617,28.940000534057617,172.0,0.0,0.0,Silver,SI=F
2025-01-02 00:00:00-05:00,29.260000228881836,29.71500015258789,29.260000228881836,29.621999740600586,307.0,0.0,0.0,Silver,SI=F
2025-01-03 00:00:00-05:00,30.079999923706055,30.079999923706055,29.805999755859375,29.805999755859375,91.0,0.0,0.0,Silver,SI=F
2025-01-06 00:00:00-05:00,30.3700008392334,30.459999084472656,29.959999084472656,30.341999053955078,186.0,0.0,0.0,Silver,SI=F
2025-01-07 00:00:00-05:00,30.44700050354004,30.44700050354004,30.44700050354004,30.44700050354004,6.0,0.0,0.0,Silver,SI=F
2025-01-08 00:00:00-05:00,30.524999618530273,30.649999618530273,30.280000686645508,30.45199966430664,46.0,0.0,0.0,Silver,SI=F
2025-01-09 00:00:00-05:00,30.96500015258789,30.96500015258789,30.735000610351562,30.791000366210938,192.0,0.0,0.0,Silver,SI=F
2025-01-10 00:00:00-05:00,31.53499984741211,31.53499984741211,31.09000015258789,31.090999603271484,192.0,0.0,0.0,Silver,SI=F
2024-01-03 00:00:00-05:00,974.7000122070312,975.7999877929688,965.2999877929688,974.4000244140625,37.0,0.0,0.0,Platinum,PL=F
2024-01-04 00:00:00-05:00,966.0,966.4000244140625,953.9000244140625,953.9000244140625,26.0,0.0,0.0,Platinum,PL=F
2024-01-05 00:00:00-05:00,949.7999877929688,965.7000122070312,944.5,959.2999877929688,7.0,0.0,0.0,Platinum,PL=F
2024-01-08 00:00:00-05:00,945.0,946.7000122070312,945.0,946.7000122070312,4.0,0.0,0.0,Platinum,PL=F
2024-01-09 00:00:00-05:00,944.4000244140625,944.4000244140625,931.0,931.0,9.0,0.0,0.0,Platinum,PL=F
2024-01-10 00:00:00-05:00,927.5,927.5,918.7999877929688,918.7999877929688,44.0,0.0,0.0,Platinum,PL=F
2024-01-11 00:00:00-05:00,907.2999877929688,909.0,907.2000122070312,909.0,30.0,0.0,0.0,Platinum,PL=F
2024-01-12 00:00:00-05:00,910.0999755859375,910.0999755859375,910.0999755859375,910.0999755859375,18.0,0.0,0.0,Platinum,PL=F
2024-01-16 00:00:00-05:00,895.0999755859375,896.7999877929688,893.0999755859375,895.0999755859375,3.0,0.0,0.0,Platinum,PL=F
2024-01-17 00:00:00-05:00,894.2000122070312,894.2000122070312,878.7999877929688,882.7999877929688,12.0,0.0,0.0,Platinum,PL=F
2024-01-18 00:00:00-05:00,903.2999877929688,903.2999877929688,903.2999877929688,903.2999877929688,2.0,0.0,0.0,Platinum,PL=F
2024-01-19 00:00:00-05:00,897.2999877929688,898.0,897.2999877929688,897.2999877929688,2.0,0.0,0.0,Platinum,PL=F
2024-01-22 00:00:00-05:00,894.4000244140625,894.4000244140625,894.4000244140625,894.4000244140625,12.0,0.0,0.0,Platinum,PL=F
2024-01-23 00:00:00-05:00,896.2000122070312,896.2000122070312,896.2000122070312,896.2000122070312,0.0,0.0,0.0,Platinum,PL=F
2024-01-24 00:00:00-05:00,902.0999755859375,906.7000122070312,902.0,905.5999755859375,5.0,0.0,0.0,Platinum,PL=F
2024-01-25 00:00:00-05:00,887.4000244140625,887.4000244140625,887.4000244140625,887.4000244140625,5.0,0.0,0.0,Platinum,PL=F
2024-01-26 00:00:00-05:00,911.2999877929688,911.2999877929688,911.2999877929688,911.2999877929688,0.0,0.0,0.0,Platinum,PL=F
2024-01-29 00:00:00-05:00,928.5999755859375,928.5999755859375,928.5999755859375,928.5999755859375,82.0,0.0,0.0,Platinum,PL=F
2024-01-30 00:00:00-05:00,915.7000122070312,926.0,915.7000122070312,923.2999877929688,18.0,0.0,0.0,Platinum,PL=F
2024-01-31 00:00:00-05:00,924.4000244140625,924.4000244140625,924.4000244140625,924.4000244140625,0.0,0.0,0.0,Platinum,PL=F
2024-02-01 00:00:00-05:00,914.0,914.0,914.0,914.0,0.0,0.0,0.0,Platinum,PL=F
2024-02-02 00:00:00-05:00,893.7999877929688,893.7999877929688,893.7999877929688,893.7999877929688,0.0,0.0,0.0,Platinum,PL=F
2024-02-05 00:00:00-05:00,895.9000244140625,895.9000244140625,895.9000244140625,895.9000244140625,0.0,0.0,0.0,Platinum,PL=F
2024-02-06 00:00:00-05:00,903.2000122070312,903.2000122070312,903.2000122070312,903.2000122070312,0.0,0.0,0.0,Platinum,PL=F
2024-02-07 00:00:00-05:00,879.4000244140625,879.4000244140625,879.4000244140625,879.4000244140625,0.0,0.0,0.0,Platinum,PL=F
2024-02-08 00:00:00-05:00,886.5999755859375,886.5999755859375,886.5999755859375,886.5999755859375,0.0,0.0,0.0,Platinum,PL=F
2024-02-09 00:00:00-05:00,871.4000244140625,871.4000244140625,871.4000244140625,871.4000244140625,0.0,0.0,0.0,Platinum,PL=F
2024-02-12 00:00:00-05:00,891.0999755859375,891.0999755859375,891.0999755859375,891.0999755859375,0.0,0.0,0.0,Platinum,PL=F
2024-02-13 00:00:00-05:00,872.7000122070312,872.7000122070312,872.7000122070312,872.7000122070312,0.0,0.0,0.0,Platinum,PL=F
2024-02-14 00:00:00-05:00,891.2000122070312,891.2000122070312,891.2000122070312,891.2000122070312,0.0,0.0,0.0,Platinum,PL=F
2024-02-15 00:00:00-05:00,899.0999755859375,899.0999755859375,899.0999755859375,899.0999755859375,0.0,0.0,0.0,Platinum,PL=F
2024-02-16 00:00:00-05:00,907.5999755859375,907.5999755859375,907.5999755859375,907.5999755859375,0.0,0.0,0.0,Platinum,PL=F
2024-02-20 00:00:00-05:00,909.7000122070312,909.7000122070312,909.7000122070312,909.7000122070312,4.0,0.0,0.0,Platinum,PL=F
2024-02-21 00:00:00-05:00,885.0,885.0,885.0,885.0,8.0,0.0,0.0,Platinum,PL=F
2024-02-22 00:00:00-05:00,901.7000122070312,901.7000122070312,901.7000122070312,901.7000122070312,4.0,0.0,0.0,Platinum,PL=F
2024-02-23 00:00:00-05:00,906.0,906.0,906.0,906.0,0.0,0.0,0.0,Platinum,PL=F
2024-02-26 00:00:00-05:00,876.7999877929688,876.7999877929688,876.7999877929688,876.7999877929688,0.0,0.0,0.0,Platinum,PL=F
2024-02-27 00:00:00-05:00,892.7999877929688,892.7999877929688,892.7999877929688,892.7999877929688,112.0,0.0,0.0,Platinum,PL=F
2024-02-28 00:00:00-05:00,881.9000244140625,881.9000244140625,877.5999755859375,880.7000122070312,6.0,0.0,0.0,Platinum,PL=F
2024-02-29 00:00:00-05:00,879.9000244140625,879.9000244140625,879.9000244140625,879.9000244140625,6.0,0.0,0.0,Platinum,PL=F
2024-03-01 00:00:00-05:00,884.2000122070312,884.2000122070312,884.2000122070312,884.2000122070312,0.0,0.0,0.0,Platinum,PL=F
2024-03-04 00:00:00-05:00,900.5,900.5,900.5,900.5,0.0,0.0,0.0,Platinum,PL=F
2024-03-05 00:00:00-05:00,883.2999877929688,883.2999877929688,883.2999877929688,883.2999877929688,0.0,0.0,0.0,Platinum,PL=F
2024-03-06 00:00:00-05:00,910.7000122070312,910.7000122070312,910.7000122070312,910.7000122070312,0.0,0.0,0.0,Platinum,PL=F
2024-03-07 00:00:00-05:00,920.0999755859375,920.0999755859375,920.0999755859375,920.0999755859375,0.0,0.0,0.0,Platinum,PL=F
2024-03-08 00:00:00-05:00,912.0,912.0,912.0,912.0,0.0,0.0,0.0,Platinum,PL=F
2024-03-11 00:00:00-04:00,937.7000122070312,937.7000122070312,937.7000122070312,937.7000122070312,0.0,0.0,0.0,Platinum,PL=F
2024-03-12 00:00:00-04:00,925.4000244140625,925.4000244140625,925.4000244140625,925.4000244140625,0.0,0.0,0.0,Platinum,PL=F
2024-03-13 00:00:00-04:00,942.2999877929688,942.2999877929688,942.2999877929688,942.2999877929688,0.0,0.0,0.0,Platinum,PL=F
2024-03-14 00:00:00-04:00,933.4000244140625,933.4000244140625,933.4000244140625,933.4000244140625,0.0,0.0,0.0,Platinum,PL=F
2024-03-15 00:00:00-04:00,941.2000122070312,941.2000122070312,941.2000122070312,941.2000122070312,0.0,0.0,0.0,Platinum,PL=F
2024-03-18 00:00:00-04:00,918.5,918.5,918.5,918.5,0.0,0.0,0.0,Platinum,PL=F
2024-03-19 00:00:00-04:00,898.9000244140625,898.9000244140625,898.9000244140625,898.9000244140625,0.0,0.0,0.0,Platinum,PL=F
2024-03-20 00:00:00-04:00,897.0999755859375,897.0999755859375,897.0999755859375,897.0999755859375,0.0,0.0,0.0,Platinum,PL=F
2024-03-21 00:00:00-04:00,910.7000122070312,910.7000122070312,910.7000122070312,910.7000122070312,0.0,0.0,0.0,Platinum,PL=F
2024-03-22 00:00:00-04:00,896.0999755859375,896.0999755859375,896.0999755859375,896.0999755859375,0.0,0.0,0.0,Platinum,PL=F
2024-03-25 00:00:00-04:00,906.7000122070312,906.7000122070312,906.7000122070312,906.7000122070312,0.0,0.0,0.0,Platinum,PL=F
2024-03-26 00:00:00-04:00,908.5999755859375,908.5999755859375,908.5999755859375,908.5999755859375,12088.0,0.0,0.0,Platinum,PL=F
2024-03-27 00:00:00-04:00,903.7999877929688,907.7999877929688,888.7999877929688,895.9000244140625,3032.0,0.0,0.0,Platinum,PL=F
2024-03-28 00:00:00-04:00,897.9000244140625,909.0999755859375,891.9000244140625,907.7000122070312,88.0,0.0,0.0,Platinum,PL=F
2024-04-01 00:00:00-04:00,909.0,911.2999877929688,894.5,900.9000244140625,79.0,0.0,0.0,Platinum,PL=F
2024-04-02 00:00:00-04:00,910.9000244140625,924.7000122070312,910.9000244140625,922.2000122070312,166.0,0.0,0.0,Platinum,PL=F
2024-04-03 00:00:00-04:00,927.0,938.7999877929688,927.0,934.0,36.0,0.0,0.0,Platinum,PL=F
2024-04-04 00:00:00-04:00,940.0,943.2999877929688,939.7999877929688,939.7999877929688,8.0,0.0,0.0,Platinum,PL=F
2024-04-05 00:00:00-04:00,929.0,929.5,928.5,928.5,3.0,0.0,0.0,Platinum,PL=F
2024-04-08 00:00:00-04:00,961.9000244140625,965.5,961.9000244140625,961.9000244140625,2.0,0.0,0.0,Platinum,PL=F
2024-04-09 00:00:00-04:00,969.9000244140625,982.2999877929688,969.9000244140625,972.4000244140625,4.0,0.0,0.0,Platinum,PL=F
2024-04-10 00:00:00-04:00,966.0,966.0,958.7000122070312,964.5999755859375,2.0,0.0,0.0,Platinum,PL=F
2024-04-11 00:00:00-04:00,976.0999755859375,976.0999755859375,976.0999755859375,976.0999755859375,0.0,0.0,0.0,Platinum,PL=F
2024-04-12 00:00:00-04:00,990.5,990.5,990.5,990.5,0.0,0.0,0.0,Platinum,PL=F
2024-04-15 00:00:00-04:00,969.7999877929688,969.7999877929688,969.7999877929688,969.7999877929688,0.0,0.0,0.0,Platinum,PL=F
2024-04-16 00:00:00-04:00,964.0,964.0,964.0,964.0,0.0,0.0,0.0,Platinum,PL=F
2024-04-17 00:00:00-04:00,942.7000122070312,942.7000122070312,942.7000122070312,942.7000122070312,2.0,0.0,0.0,Platinum,PL=F
2024-04-18 00:00:00-04:00,942.2999877929688,946.0999755859375,940.0,945.2999877929688,24.0,0.0,0.0,Platinum,PL=F
2024-04-19 00:00:00-04:00,944.0999755859375,944.0999755859375,934.0999755859375,934.0999755859375,8.0,0.0,0.0,Platinum,PL=F
2024-04-22 00:00:00-04:00,922.2000122070312,922.2000122070312,922.2000122070312,922.2000122070312,0.0,0.0,0.0,Platinum,PL=F
2024-04-23 00:00:00-04:00,915.0999755859375,926.0,913.7000122070312,913.7000122070312,10.0,0.0,0.0,Platinum,PL=F
2024-04-24 00:00:00-04:00,910.5,910.5,908.0999755859375,910.0,30.0,0.0,0.0,Platinum,PL=F
2024-04-25 00:00:00-04:00,905.4000244140625,913.7000122070312,905.4000244140625,913.7000122070312,10.0,0.0,0.0,Platinum,PL=F
2024-04-26 00:00:00-04:00,914.2999877929688,914.2999877929688,914.2999877929688,914.2999877929688,149.0,0.0,0.0,Platinum,PL=F
2024-04-29 00:00:00-04:00,939.7999877929688,954.0999755859375,939.7999877929688,954.0999755859375,18.0,0.0,0.0,Platinum,PL=F
2024-04-30 00:00:00-04:00,941.2000122070312,941.2000122070312,941.2000122070312,941.2000122070312,0.0,0.0,0.0,Platinum,PL=F
2024-05-01 00:00:00-04:00,950.4000244140625,950.4000244140625,949.0,949.0,1.0,0.0,0.0,Platinum,PL=F
2024-05-02 00:00:00-04:00,956.7000122070312,956.7000122070312,956.7000122070312,956.7000122070312,0.0,0.0,0.0,Platinum,PL=F
2024-05-03 00:00:00-04:00,959.5999755859375,959.5999755859375,959.5999755859375,959.5999755859375,0.0,0.0,0.0,Platinum,PL=F
2024-05-06 00:00:00-04:00,959.2999877929688,959.2999877929688,959.2999877929688,959.2999877929688,0.0,0.0,0.0,Platinum,PL=F
2024-05-07 00:00:00-04:00,960.2000122070312,981.4000244140625,960.0,981.4000244140625,40.0,0.0,0.0,Platinum,PL=F
2024-05-08 00:00:00-04:00,973.7999877929688,978.5999755859375,973.7999877929688,978.5999755859375,3.0,0.0,0.0,Platinum,PL=F
2024-05-09 00:00:00-04:00,984.7000122070312,984.7000122070312,984.7000122070312,984.7000122070312,0.0,0.0,0.0,Platinum,PL=F
2024-05-10 00:00:00-04:00,1001.0999755859375,1001.0999755859375,1001.0999755859375,1001.0999755859375,0.0,0.0,0.0,Platinum,PL=F
2024-05-13 00:00:00-04:00,1005.2999877929688,1005.2999877929688,1005.2999877929688,1005.2999877929688,0.0,0.0,0.0,Platinum,PL=F
2024-05-14 00:00:00-04:00,1039.300048828125,1039.300048828125,1039.300048828125,1039.300048828125,0.0,0.0,0.0,Platinum,PL=F
2024-05-15 00:00:00-04:00,1055.0,1063.300048828125,1055.0,1063.300048828125,1.0,0.0,0.0,Platinum,PL=F
2024-05-16 00:00:00-04:00,1065.4000244140625,1065.4000244140625,1065.4000244140625,1065.4000244140625,0.0,0.0,0.0,Platinum,PL=F
2024-05-17 00:00:00-04:00,1084.5999755859375,1084.5999755859375,1084.5999755859375,1084.5999755859375,2.0,0.0,0.0,Platinum,PL=F
2024-05-20 00:00:00-04:00,1059.699951171875,1059.699951171875,1059.699951171875,1059.699951171875,0.0,0.0,0.0,Platinum,PL=F
2024-05-21 00:00:00-04:00,1056.699951171875,1056.699951171875,1056.699951171875,1056.699951171875,0.0,0.0,0.0,Platinum,PL=F
2024-05-22 00:00:00-04:00,1044.0999755859375,1044.0999755859375,1044.0999755859375,1044.0999755859375,0.0,0.0,0.0,Platinum,PL=F
2024-05-23 00:00:00-04:00,1025.699951171875,1025.699951171875,1025.699951171875,1025.699951171875,2.0,0.0,0.0,Platinum,PL=F
2024-05-24 00:00:00-04:00,1034.800048828125,1034.800048828125,1034.800048828125,1034.800048828125,2.0,0.0,0.0,Platinum,PL=F
2024-05-28 00:00:00-04:00,1061.699951171875,1061.699951171875,1061.699951171875,1061.699951171875,2.0,0.0,0.0,Platinum,PL=F
2024-05-29 00:00:00-04:00,1042.699951171875,1042.699951171875,1042.699951171875,1042.699951171875,59.0,0.0,0.0,Platinum,PL=F
2024-05-30 00:00:00-04:00,1034.800048828125,1038.300048828125,1032.699951171875,1032.9000244140625,11.0,0.0,0.0,Platinum,PL=F
2024-05-31 00:00:00-04:00,1028.0,1037.699951171875,1028.0,1037.699951171875,2.0,0.0,0.0,Platinum,PL=F
2024-06-03 00:00:00-04:00,1018.5,1018.5,1018.5,1018.5,2.0,0.0,0.0,Platinum,PL=F
2024-06-04 00:00:00-04:00,991.5999755859375,991.5999755859375,991.5999755859375,991.5999755859375,2.0,0.0,0.0,Platinum,PL=F
2024-06-05 00:00:00-04:00,996.0,996.0,996.0,996.0,2.0,0.0,0.0,Platinum,PL=F
2024-06-06 00:00:00-04:00,1008.2999877929688,1008.2999877929688,1008.2999877929688,1008.2999877929688,2.0,0.0,0.0,Platinum,PL=F
2024-06-07 00:00:00-04:00,967.7999877929688,967.7999877929688,967.7999877929688,967.7999877929688,25.0,0.0,0.0,Platinum,PL=F
2024-06-10 00:00:00-04:00,972.5,972.5,972.5,972.5,25.0,0.0,0.0,Platinum,PL=F
2024-06-11 00:00:00-04:00,955.5999755859375,955.5999755859375,955.5999755859375,955.5999755859375,25.0,0.0,0.0,Platinum,PL=F
2024-06-12 00:00:00-04:00,968.2000122070312,968.2000122070312,968.2000122070312,968.2000122070312,25.0,0.0,0.0,Platinum,PL=F
2024-06-13 00:00:00-04:00,951.2999877929688,951.2999877929688,951.2999877929688,951.2999877929688,25.0,0.0,0.0,Platinum,PL=F
2024-06-14 00:00:00-04:00,955.2999877929688,955.2999877929688,955.2999877929688,955.2999877929688,25.0,0.0,0.0,Platinum,PL=F
2024-06-17 00:00:00-04:00,963.2000122070312,967.7999877929688,961.2000122070312,967.7999877929688,8.0,0.0,0.0,Platinum,PL=F
2024-06-18 00:00:00-04:00,974.0999755859375,974.0999755859375,974.0999755859375,974.0999755859375,8.0,0.0,0.0,Platinum,PL=F
2024-06-20 00:00:00-04:00,981.5999755859375,981.5999755859375,981.5999755859375,981.5999755859375,8.0,0.0,0.0,Platinum,PL=F
2024-06-21 00:00:00-04:00,993.7000122070312,993.7000122070312,993.7000122070312,993.7000122070312,8.0,0.0,0.0,Platinum,PL=F
2024-06-24 00:00:00-04:00,999.0999755859375,999.0999755859375,999.0999755859375,999.0999755859375,8.0,0.0,0.0,Platinum,PL=F
2024-06-25 00:00:00-04:00,983.7000122070312,983.7000122070312,983.7000122070312,983.7000122070312,8.0,0.0,0.0,Platinum,PL=F
2024-06-26 00:00:00-04:00,1020.7000122070312,1020.7000122070312,1020.7000122070312,1020.7000122070312,7691.0,0.0,0.0,Platinum,PL=F
2024-06-27 00:00:00-04:00,1016.5,1016.7000122070312,986.4000244140625,991.7000122070312,3307.0,0.0,0.0,Platinum,PL=F
2024-06-28 00:00:00-04:00,988.9000244140625,1012.4000244140625,987.5,1001.9000244140625,67.0,0.0,0.0,Platinum,PL=F
2024-07-01 00:00:00-04:00,983.2000122070312,990.7999877929688,978.2999877929688,978.2999877929688,21.0,0.0,0.0,Platinum,PL=F
2024-07-02 00:00:00-04:00,998.2000122070312,1003.5999755859375,998.2000122070312,998.2000122070312,2.0,0.0,0.0,Platinum,PL=F
2024-07-03 00:00:00-04:00,1002.0,1002.0,1002.0,1002.0,0.0,0.0,0.0,Platinum,PL=F
2024-07-05 00:00:00-04:00,1039.0999755859375,1039.199951171875,1032.300048828125,1035.300048828125,7.0,0.0,0.0,Platinum,PL=F
2024-07-08 00:00:00-04:00,1003.7000122070312,1003.7000122070312,1003.7000122070312,1003.7000122070312,0.0,0.0,0.0,Platinum,PL=F
2024-07-09 00:00:00-04:00,996.2999877929688,996.2999877929688,989.7000122070312,989.7000122070312,6.0,0.0,0.0,Platinum,PL=F
2024-07-10 00:00:00-04:00,997.5,997.5,997.5,997.5,26.0,0.0,0.0,Platinum,PL=F
2024-07-11 00:00:00-04:00,994.5,1012.4000244140625,994.5,1005.5,8.0,0.0,0.0,Platinum,PL=F
2024-07-12 00:00:00-04:00,1004.5,1004.5,996.0999755859375,999.0,25.0,0.0,0.0,Platinum,PL=F
2024-07-15 00:00:00-04:00,990.4000244140625,1015.2000122070312,990.4000244140625,998.5,22.0,0.0,0.0,Platinum,PL=F
2024-07-16 00:00:00-04:00,1000.0,1010.0,1000.0,1000.0,3.0,0.0,0.0,Platinum,PL=F
2024-07-17 00:00:00-04:00,996.9000244140625,996.9000244140625,996.9000244140625,996.9000244140625,0.0,0.0,0.0,Platinum,PL=F
2024-07-18 00:00:00-04:00,974.7000122070312,974.7000122070312,974.7000122070312,974.7000122070312,0.0,0.0,0.0,Platinum,PL=F
2024-07-19 00:00:00-04:00,963.0,963.0,962.5,962.5,4.0,0.0,0.0,Platinum,PL=F
2024-07-22 00:00:00-04:00,961.0,961.0,945.4000244140625,945.4000244140625,5.0,0.0,0.0,Platinum,PL=F
2024-07-23 00:00:00-04:00,945.0,945.0,945.0,945.0,5.0,0.0,0.0,Platinum,PL=F
2024-07-24 00:00:00-04:00,958.7999877929688,958.7999877929688,958.7999877929688,958.7999877929688,0.0,0.0,0.0,Platinum,PL=F
2024-07-25 00:00:00-04:00,941.2000122070312,941.2000122070312,934.9000244140625,934.9000244140625,1.0,0.0,0.0,Platinum,PL=F
2024-07-26 00:00:00-04:00,934.0999755859375,934.0999755859375,934.0999755859375,934.0999755859375,0.0,0.0,0.0,Platinum,PL=F
2024-07-29 00:00:00-04:00,949.0,949.0,949.0,949.0,274.0,0.0,0.0,Platinum,PL=F
2024-07-30 00:00:00-04:00,955.0,965.0,955.0,965.0,8.0,0.0,0.0,Platinum,PL=F
2024-07-31 00:00:00-04:00,982.2000122070312,982.2000122070312,982.2000122070312,982.2000122070312,8.0,0.0,0.0,Platinum,PL=F
2024-08-01 00:00:00-04:00,965.4000244140625,965.4000244140625,965.4000244140625,965.4000244140625,8.0,0.0,0.0,Platinum,PL=F
2024-08-02 00:00:00-04:00,967.2000122070312,967.2000122070312,962.7000122070312,962.7000122070312,1.0,0.0,0.0,Platinum,PL=F
2024-08-05 00:00:00-04:00,911.0,911.0,911.0,911.0,1.0,0.0,0.0,Platinum,PL=F
2024-08-06 00:00:00-04:00,911.2999877929688,915.4000244140625,911.2999877929688,915.4000244140625,1.0,0.0,0.0,Platinum,PL=F
2024-08-07 00:00:00-04:00,924.0999755859375,924.0999755859375,924.0999755859375,924.0999755859375,1.0,0.0,0.0,Platinum,PL=F
2024-08-08 00:00:00-04:00,934.2999877929688,934.2999877929688,934.2999877929688,934.2999877929688,1.0,0.0,0.0,Platinum,PL=F
2024-08-09 00:00:00-04:00,928.2999877929688,928.2999877929688,927.5999755859375,927.5999755859375,2.0,0.0,0.0,Platinum,PL=F
2024-08-12 00:00:00-04:00,945.0999755859375,945.0999755859375,945.0999755859375,945.0999755859375,2.0,0.0,0.0,Platinum,PL=F
2024-08-13 00:00:00-04:00,943.0999755859375,943.0999755859375,943.0999755859375,943.0999755859375,2.0,0.0,0.0,Platinum,PL=F
2024-08-14 00:00:00-04:00,927.5999755859375,927.5999755859375,927.5999755859375,927.5999755859375,2.0,0.0,0.0,Platinum,PL=F
2024-08-15 00:00:00-04:00,960.0,960.0,960.0,960.0,50.0,0.0,0.0,Platinum,PL=F
2024-08-16 00:00:00-04:00,957.2999877929688,957.2999877929688,957.2999877929688,957.2999877929688,50.0,0.0,0.0,Platinum,PL=F
2024-08-19 00:00:00-04:00,958.9000244140625,958.9000244140625,958.9000244140625,958.9000244140625,50.0,0.0,0.0,Platinum,PL=F
2024-08-20 00:00:00-04:00,951.5999755859375,951.5999755859375,951.5999755859375,951.5999755859375,50.0,0.0,0.0,Platinum,PL=F
2024-08-21 00:00:00-04:00,969.4000244140625,980.2000122070312,968.2000122070312,968.2000122070312,4.0,0.0,0.0,Platinum,PL=F
2024-08-22 00:00:00-04:00,948.5999755859375,948.5999755859375,948.5999755859375,948.5999755859375,0.0,0.0,0.0,Platinum,PL=F
2024-08-23 00:00:00-04:00,960.4000244140625,960.4000244140625,960.4000244140625,960.4000244140625,0.0,0.0,0.0,Platinum,PL=F
2024-08-26 00:00:00-04:00,968.5999755859375,968.5999755859375,968.5999755859375,968.5999755859375,0.0,0.0,0.0,Platinum,PL=F
2024-08-27 00:00:00-04:00,959.0,959.0,959.0,959.0,0.0,0.0,0.0,Platinum,PL=F
2024-08-28 00:00:00-04:00,933.7000122070312,933.7000122070312,933.7000122070312,933.7000122070312,57.0,0.0,0.0,Platinum,PL=F
2024-08-29 00:00:00-04:00,936.4000244140625,943.2000122070312,936.4000244140625,941.4000244140625,29.0,0.0,0.0,Platinum,PL=F
2024-08-30 00:00:00-04:00,927.7999877929688,927.7999877929688,927.7999877929688,927.7999877929688,29.0,0.0,0.0,Platinum,PL=F
2024-09-03 00:00:00-04:00,905.2999877929688,905.2999877929688,905.2999877929688,905.2999877929688,29.0,0.0,0.0,Platinum,PL=F
2024-09-04 00:00:00-04:00,903.7999877929688,903.7999877929688,903.7999877929688,903.7999877929688,29.0,0.0,0.0,Platinum,PL=F
2024-09-05 00:00:00-04:00,925.9000244140625,925.9000244140625,925.9000244140625,925.9000244140625,29.0,0.0,0.0,Platinum,PL=F
2024-09-06 00:00:00-04:00,914.2999877929688,914.2999877929688,914.2999877929688,914.2999877929688,29.0,0.0,0.0,Platinum,PL=F
2024-09-09 00:00:00-04:00,942.5,942.5,942.5,942.5,29.0,0.0,0.0,Platinum,PL=F
2024-09-10 00:00:00-04:00,939.9000244140625,939.9000244140625,939.9000244140625,939.9000244140625,29.0,0.0,0.0,Platinum,PL=F
2024-09-11 00:00:00-04:00,952.4000244140625,952.4000244140625,952.4000244140625,952.4000244140625,16.0,0.0,0.0,Platinum,PL=F
2024-09-12 00:00:00-04:00,971.7000122070312,981.9000244140625,971.7000122070312,981.9000244140625,1.0,0.0,0.0,Platinum,PL=F
2024-09-13 00:00:00-04:00,1006.5,1006.5,1006.5,1006.5,1.0,0.0,0.0,Platinum,PL=F
2024-09-16 00:00:00-04:00,987.9000244140625,987.9000244140625,987.9000244140625,987.9000244140625,1.0,0.0,0.0,Platinum,PL=F
2024-09-17 00:00:00-04:00,994.7999877929688,994.7999877929688,982.7999877929688,982.7999877929688,20.0,0.0,0.0,Platinum,PL=F
2024-09-18 00:00:00-04:00,974.7999877929688,974.7999877929688,974.7999877929688,974.7999877929688,0.0,0.0,0.0,Platinum,PL=F
2024-09-19 00:00:00-04:00,994.0999755859375,994.0999755859375,994.0999755859375,994.0999755859375,0.0,0.0,0.0,Platinum,PL=F
2024-09-20 00:00:00-04:00,981.5999755859375,981.5999755859375,981.5999755859375,981.5999755859375,0.0,0.0,0.0,Platinum,PL=F
2024-09-23 00:00:00-04:00,961.5,961.5,961.5,961.5,0.0,0.0,0.0,Platinum,PL=F
2024-09-24 00:00:00-04:00,987.4000244140625,987.4000244140625,987.4000244140625,987.4000244140625,0.0,0.0,0.0,Platinum,PL=F
2024-09-25 00:00:00-04:00,991.4000244140625,991.4000244140625,991.4000244140625,991.4000244140625,0.0,0.0,0.0,Platinum,PL=F
2024-09-26 00:00:00-04:00,1011.0999755859375,1011.0999755859375,1011.0999755859375,1011.0999755859375,11039.0,0.0,0.0,Platinum,PL=F
2024-09-27 00:00:00-04:00,1011.7999877929688,1018.5999755859375,998.0,1008.5,1555.0,0.0,0.0,Platinum,PL=F
2024-09-30 00:00:00-04:00,1007.7999877929688,1008.4000244140625,969.7000122070312,979.0,243.0,0.0,0.0,Platinum,PL=F
2024-10-01 00:00:00-04:00,977.5999755859375,993.0999755859375,977.5999755859375,988.4000244140625,38.0,0.0,0.0,Platinum,PL=F
2024-10-02 00:00:00-04:00,1004.4000244140625,1004.4000244140625,1004.4000244140625,1004.4000244140625,8.0,0.0,0.0,Platinum,PL=F
2024-10-03 00:00:00-04:00,980.0999755859375,993.2000122070312,978.0,993.2000122070312,56.0,0.0,0.0,Platinum,PL=F
2024-10-04 00:00:00-04:00,990.0,994.0,989.2000122070312,989.7999877929688,51.0,0.0,0.0,Platinum,PL=F
2024-10-07 00:00:00-04:00,981.0,981.0,971.2999877929688,977.0,23.0,0.0,0.0,Platinum,PL=F
2024-10-08 00:00:00-04:00,965.9000244140625,965.9000244140625,951.7000122070312,951.7000122070312,32.0,0.0,0.0,Platinum,PL=F
2024-10-09 00:00:00-04:00,948.0,952.2000122070312,948.0,948.7000122070312,6.0,0.0,0.0,Platinum,PL=F
2024-10-10 00:00:00-04:00,967.7000122070312,967.7000122070312,967.7000122070312,967.7000122070312,3.0,0.0,0.0,Platinum,PL=F
2024-10-11 00:00:00-04:00,985.0,985.0,985.0,985.0,0.0,0.0,0.0,Platinum,PL=F
2024-10-14 00:00:00-04:00,994.9000244140625,994.9000244140625,994.9000244140625,994.9000244140625,0.0,0.0,0.0,Platinum,PL=F
2024-10-15 00:00:00-04:00,987.7000122070312,987.7000122070312,987.7000122070312,987.7000122070312,0.0,0.0,0.0,Platinum,PL=F
2024-10-16 00:00:00-04:00,993.7999877929688,993.7999877929688,993.7999877929688,993.7999877929688,0.0,0.0,0.0,Platinum,PL=F
2024-10-17 00:00:00-04:00,997.0,997.0,997.0,997.0,0.0,0.0,0.0,Platinum,PL=F
2024-10-18 00:00:00-04:00,1006.9000244140625,1015.0999755859375,1006.9000244140625,1015.0999755859375,2.0,0.0,0.0,Platinum,PL=F
2024-10-21 00:00:00-04:00,1010.7000122070312,1010.7000122070312,1007.5999755859375,1007.5999755859375,2.0,0.0,0.0,Platinum,PL=F
2024-10-22 00:00:00-04:00,1033.0,1033.0,1033.0,1033.0,0.0,0.0,0.0,Platinum,PL=F
2024-10-23 00:00:00-04:00,1024.0999755859375,1024.0999755859375,1019.7999877929688,1019.7999877929688,20.0,0.0,0.0,Platinum,PL=F
2024-10-24 00:00:00-04:00,1024.199951171875,1024.199951171875,1024.199951171875,1024.199951171875,0.0,0.0,0.0,Platinum,PL=F
2024-10-25 00:00:00-04:00,1027.199951171875,1027.199951171875,1027.0,1027.199951171875,1.0,0.0,0.0,Platinum,PL=F
2024-10-28 00:00:00-04:00,1036.9000244140625,1040.0,1036.9000244140625,1037.300048828125,4.0,0.0,0.0,Platinum,PL=F
2024-10-29 00:00:00-04:00,1050.0,1051.0,1050.0,1051.0,108.0,0.0,0.0,Platinum,PL=F
2024-10-30 00:00:00-04:00,1053.800048828125,1053.800048828125,1013.0999755859375,1013.0999755859375,38.0,0.0,0.0,Platinum,PL=F
2024-10-31 00:00:00-04:00,991.5999755859375,991.5999755859375,991.5999755859375,991.5999755859375,16.0,0.0,0.0,Platinum,PL=F
2024-11-01 00:00:00-04:00,995.0999755859375,995.0999755859375,995.0999755859375,995.0999755859375,5.0,0.0,0.0,Platinum,PL=F
2024-11-04 00:00:00-05:00,982.4000244140625,982.4000244140625,982.4000244140625,982.4000244140625,0.0,0.0,0.0,Platinum,PL=F
2024-11-05 00:00:00-05:00,1000.4000244140625,1000.4000244140625,1000.4000244140625,1000.4000244140625,0.0,0.0,0.0,Platinum,PL=F
2024-11-06 00:00:00-05:00,986.0,986.0,986.0,986.0,0.0,0.0,0.0,Platinum,PL=F
2024-11-07 00:00:00-05:00,986.7999877929688,992.7999877929688,986.7999877929688,992.7999877929688,1.0,0.0,0.0,Platinum,PL=F
2024-11-08 00:00:00-05:00,973.5999755859375,973.5999755859375,973.5999755859375,973.5999755859375,6.0,0.0,0.0,Platinum,PL=F
2024-11-11 00:00:00-05:00,979.7999877929688,979.7999877929688,964.2999877929688,964.2999877929688,1.0,0.0,0.0,Platinum,PL=F
2024-11-12 00:00:00-05:00,942.9000244140625,942.9000244140625,942.9000244140625,942.9000244140625,1.0,0.0,0.0,Platinum,PL=F
2024-11-13 00:00:00-05:00,938.0999755859375,938.0999755859375,938.0999755859375,938.0999755859375,1.0,0.0,0.0,Platinum,PL=F
2024-11-14 00:00:00-05:00,938.7000122070312,938.7000122070312,938.7000122070312,938.7000122070312,1.0,0.0,0.0,Platinum,PL=F
2024-11-15 00:00:00-05:00,939.7999877929688,939.7999877929688,939.7999877929688,939.7999877929688,1.0,0.0,0.0,Platinum,PL=F
2024-11-18 00:00:00-05:00,969.0999755859375,969.0999755859375,969.0999755859375,969.0999755859375,1.0,0.0,0.0,Platinum,PL=F
2024-11-19 00:00:00-05:00,973.2999877929688,973.2999877929688,973.2999877929688,973.2999877929688,1.0,0.0,0.0,Platinum,PL=F
2024-11-20 00:00:00-05:00,960.7000122070312,960.7000122070312,960.7000122070312,960.7000122070312,1.0,0.0,0.0,Platinum,PL=F
2024-11-21 00:00:00-05:00,965.2000122070312,965.2000122070312,965.2000122070312,965.2000122070312,1.0,0.0,0.0,Platinum,PL=F
2024-11-22 00:00:00-05:00,969.7000122070312,969.7000122070312,969.7000122070312,969.7000122070312,1.0,0.0,0.0,Platinum,PL=F
2024-11-25 00:00:00-05:00,938.7999877929688,938.7999877929688,938.7999877929688,938.7999877929688,1.0,0.0,0.0,Platinum,PL=F
2024-11-26 00:00:00-05:00,923.2999877929688,923.2999877929688,923.2999877929688,923.2999877929688,65.0,0.0,0.0,Platinum,PL=F
2024-11-27 00:00:00-05:00,924.7999877929688,938.0,924.7999877929688,926.9000244140625,53.0,0.0,0.0,Platinum,PL=F
2024-11-29 00:00:00-05:00,949.9000244140625,949.9000244140625,949.5,949.5,0.0,0.0,0.0,Platinum,PL=F
2024-12-02 00:00:00-05:00,945.9000244140625,945.9000244140625,945.9000244140625,945.9000244140625,0.0,0.0,0.0,Platinum,PL=F
2024-12-03 00:00:00-05:00,955.7999877929688,955.7999877929688,955.7999877929688,955.7999877929688,0.0,0.0,0.0,Platinum,PL=F
2024-12-04 00:00:00-05:00,948.9000244140625,948.9000244140625,948.9000244140625,948.9000244140625,0.0,0.0,0.0,Platinum,PL=F
2024-12-05 00:00:00-05:00,937.2000122070312,937.2000122070312,937.2000122070312,937.2000122070312,0.0,0.0,0.0,Platinum,PL=F
2024-12-06 00:00:00-05:00,930.0,930.0,930.0,930.0,2.0,0.0,0.0,Platinum,PL=F
2024-12-09 00:00:00-05:00,950.2000122070312,950.2000122070312,950.2000122070312,950.2000122070312,0.0,0.0,0.0,Platinum,PL=F
2024-12-10 00:00:00-05:00,945.2999877929688,945.2999877929688,945.2999877929688,945.2999877929688,0.0,0.0,0.0,Platinum,PL=F
2024-12-11 00:00:00-05:00,947.0,947.0,947.0,947.0,0.0,0.0,0.0,Platinum,PL=F
2024-12-12 00:00:00-05:00,937.0,937.0,936.0999755859375,936.5999755859375,8.0,0.0,0.0,Platinum,PL=F
2024-12-13 00:00:00-05:00,921.2999877929688,921.2999877929688,921.2999877929688,921.2999877929688,22.0,0.0,0.0,Platinum,PL=F
2024-12-16 00:00:00-05:00,938.2999877929688,938.2999877929688,938.2999877929688,938.2999877929688,22.0,0.0,0.0,Platinum,PL=F
2024-12-17 00:00:00-05:00,941.5,941.5,941.5,941.5,22.0,0.0,0.0,Platinum,PL=F
2024-12-18 00:00:00-05:00,932.5999755859375,932.5999755859375,932.5999755859375,932.5999755859375,22.0,0.0,0.0,Platinum,PL=F
2024-12-19 00:00:00-05:00,921.5,921.5,921.5,921.5,22.0,0.0,0.0,Platinum,PL=F
2024-12-20 00:00:00-05:00,932.0,934.4000244140625,932.0,934.4000244140625,2.0,0.0,0.0,Platinum,PL=F
2024-12-23 00:00:00-05:00,946.9000244140625,946.9000244140625,946.9000244140625,946.9000244140625,2.0,0.0,0.0,Platinum,PL=F
2024-12-24 00:00:00-05:00,958.5,958.5,958.5,958.5,2.0,0.0,0.0,Platinum,PL=F
2024-12-26 00:00:00-05:00,952.2000122070312,952.2000122070312,952.2000122070312,952.2000122070312,2.0,0.0,0.0,Platinum,PL=F
2024-12-27 00:00:00-05:00,917.5,917.5,917.5,917.5,8998.0,0.0,0.0,Platinum,PL=F
2024-12-30 00:00:00-05:00,920.0,925.2000122070312,896.5,902.4000244140625,4929.0,0.0,0.0,Platinum,PL=F
2024-12-31 00:00:00-05:00,898.0999755859375,900.5,893.5,894.0,39.0,0.0,0.0,Platinum,PL=F
2025-01-02 00:00:00-05:00,894.2000122070312,913.5,894.2000122070312,908.9000244140625,229.0,0.0,0.0,Platinum,PL=F
2025-01-03 00:00:00-05:00,934.5999755859375,934.5999755859375,934.5999755859375,934.5999755859375,0.0,0.0,0.0,Platinum,PL=F
2025-01-06 00:00:00-05:00,930.7000122070312,936.2000122070312,929.2999877929688,929.2999877929688,45.0,0.0,0.0,Platinum,PL=F
2025-01-07 00:00:00-05:00,956.2000122070312,965.5,956.2000122070312,962.7999877929688,6.0,0.0,0.0,Platinum,PL=F
2025-01-08 00:00:00-05:00,968.4000244140625,969.7999877929688,968.0,969.7999877929688,18.0,0.0,0.0,Platinum,PL=F
2025-01-09 00:00:00-05:00,965.0999755859375,970.2999877929688,965.0999755859375,970.2999877929688,28.0,0.0,0.0,Platinum,PL=F
2025-01-10 00:00:00-05:00,983.0,983.2000122070312,982.0,982.0999755859375,28.0,0.0,0.0,Platinum,PL=F
2024-01-03 00:00:00-05:00,1071.5,1071.5,1065.9000244140625,1065.9000244140625,2.0,0.0,0.0,Palladium,PA=F
2024-01-04 00:00:00-05:00,1033.0,1033.0,1033.0,1033.0,2.0,0.0,0.0,Palladium,PA=F
2024-01-05 00:00:00-05:00,1032.300048828125,1032.300048828125,1032.300048828125,1032.300048828125,2.0,0.0,0.0,Palladium,PA=F
2024-01-08 00:00:00-05:00,993.9000244140625,993.9000244140625,993.9000244140625,993.9000244140625,2.0,0.0,0.0,Palladium,PA=F
2024-01-09 00:00:00-05:00,969.5,972.0,969.5,972.0,2.0,0.0,0.0,Palladium,PA=F
2024-01-10 00:00:00-05:00,987.0,990.4000244140625,984.5,990.4000244140625,4.0,0.0,0.0,Palladium,PA=F
2024-01-11 00:00:00-05:00,974.2999877929688,974.2999877929688,974.2999877929688,974.2999877929688,4.0,0.0,0.0,Palladium,PA=F
2024-01-12 00:00:00-05:00,972.4000244140625,972.4000244140625,972.4000244140625,972.4000244140625,4.0,0.0,0.0,Palladium,PA=F
2024-01-16 00:00:00-05:00,931.4000244140625,931.4000244140625,931.4000244140625,931.4000244140625,4.0,0.0,0.0,Palladium,PA=F
2024-01-17 00:00:00-05:00,913.2000122070312,913.2000122070312,913.2000122070312,913.2000122070312,4.0,0.0,0.0,Palladium,PA=F
2024-01-18 00:00:00-05:00,936.9000244140625,936.9000244140625,936.9000244140625,936.9000244140625,4.0,0.0,0.0,Palladium,PA=F
2024-01-19 00:00:00-05:00,941.7999877929688,941.7999877929688,941.7999877929688,941.7999877929688,4.0,0.0,0.0,Palladium,PA=F
2024-01-22 00:00:00-05:00,934.0,934.0,934.0,934.0,4.0,0.0,0.0,Palladium,PA=F
2024-01-23 00:00:00-05:00,939.0999755859375,939.0999755859375,939.0999755859375,939.0999755859375,4.0,0.0,0.0,Palladium,PA=F
2024-01-24 00:00:00-05:00,967.2999877929688,967.2999877929688,967.2999877929688,967.2999877929688,4.0,0.0,0.0,Palladium,PA=F
2024-01-25 00:00:00-05:00,936.4000244140625,936.4000244140625,936.4000244140625,936.4000244140625,4.0,0.0,0.0,Palladium,PA=F
2024-01-26 00:00:00-05:00,955.0999755859375,955.0999755859375,955.0999755859375,955.0999755859375,4.0,0.0,0.0,Palladium,PA=F
2024-01-29 00:00:00-05:00,974.2999877929688,974.2999877929688,974.2999877929688,974.2999877929688,8.0,0.0,0.0,Palladium,PA=F
2024-01-30 00:00:00-05:00,975.7999877929688,975.7999877929688,974.0,975.7999877929688,1.0,0.0,0.0,Palladium,PA=F
2024-01-31 00:00:00-05:00,992.9000244140625,992.9000244140625,992.9000244140625,992.9000244140625,0.0,0.0,0.0,Palladium,PA=F
2024-02-01 00:00:00-05:00,967.7000122070312,967.7000122070312,967.7000122070312,967.7000122070312,0.0,0.0,0.0,Palladium,PA=F
2024-02-02 00:00:00-05:00,945.7000122070312,945.7000122070312,945.7000122070312,945.7000122070312,0.0,0.0,0.0,Palladium,PA=F
2024-02-05 00:00:00-05:00,952.7999877929688,952.7999877929688,952.7999877929688,952.7999877929688,0.0,0.0,0.0,Palladium,PA=F
2024-02-06 00:00:00-05:00,948.0,948.0,948.0,948.0,0.0,0.0,0.0,Palladium,PA=F
2024-02-07 00:00:00-05:00,896.9000244140625,896.9000244140625,896.9000244140625,896.9000244140625,0.0,0.0,0.0,Palladium,PA=F
2024-02-08 00:00:00-05:00,865.0,888.5999755859375,865.0,888.5999755859375,22.0,0.0,0.0,Palladium,PA=F
2024-02-09 00:00:00-05:00,865.0,865.9000244140625,865.0,865.9000244140625,6.0,0.0,0.0,Palladium,PA=F
2024-02-12 00:00:00-05:00,898.0,898.0,893.5,893.5,1.0,0.0,0.0,Palladium,PA=F
2024-02-13 00:00:00-05:00,898.0,907.5,856.0,857.4000244140625,11.0,0.0,0.0,Palladium,PA=F
2024-02-14 00:00:00-05:00,930.7999877929688,930.7999877929688,930.7999877929688,930.7999877929688,11.0,0.0,0.0,Palladium,PA=F
2024-02-15 00:00:00-05:00,948.7000122070312,948.7000122070312,948.7000122070312,948.7000122070312,11.0,0.0,0.0,Palladium,PA=F
2024-02-16 00:00:00-05:00,948.7000122070312,948.7000122070312,948.7000122070312,948.7000122070312,11.0,0.0,0.0,Palladium,PA=F
2024-02-20 00:00:00-05:00,979.2999877929688,979.2999877929688,979.2999877929688,979.2999877929688,11.0,0.0,0.0,Palladium,PA=F
2024-02-21 00:00:00-05:00,946.0999755859375,946.0999755859375,946.0999755859375,946.0999755859375,11.0,0.0,0.0,Palladium,PA=F
2024-02-22 00:00:00-05:00,966.9000244140625,966.9000244140625,966.9000244140625,966.9000244140625,11.0,0.0,0.0,Palladium,PA=F
2024-02-23 00:00:00-05:00,985.2000122070312,985.2000122070312,985.2000122070312,985.2000122070312,11.0,0.0,0.0,Palladium,PA=F
2024-02-26 00:00:00-05:00,953.7000122070312,953.7000122070312,953.7000122070312,953.7000122070312,11.0,0.0,0.0,Palladium,PA=F
2024-02-27 00:00:00-05:00,939.0999755859375,939.0999755859375,939.0999755859375,939.0999755859375,2041.0,0.0,0.0,Palladium,PA=F
2024-02-28 00:00:00-05:00,934.5,938.0,904.5,918.0,496.0,0.0,0.0,Palladium,PA=F
2024-02-29 00:00:00-05:00,933.5,940.5,929.5,933.5,17.0,0.0,0.0,Palladium,PA=F
2024-03-01 00:00:00-05:00,941.0,952.7999877929688,941.0,952.7999877929688,5.0,0.0,0.0,Palladium,PA=F
2024-03-04 00:00:00-05:00,956.5,964.9000244140625,956.0,964.9000244140625,2.0,0.0,0.0,Palladium,PA=F
2024-03-05 00:00:00-05:00,938.5999755859375,938.5999755859375,938.5999755859375,938.5999755859375,0.0,0.0,0.0,Palladium,PA=F
2024-03-06 00:00:00-05:00,956.5,1037.9000244140625,956.5,1037.9000244140625,12.0,0.0,0.0,Palladium,PA=F
2024-03-07 00:00:00-05:00,1031.0,1031.0,1031.0,1031.0,15.0,0.0,0.0,Palladium,PA=F
2024-03-08 00:00:00-05:00,1016.0,1016.0,1016.0,1016.0,0.0,0.0,0.0,Palladium,PA=F
2024-03-11 00:00:00-04:00,1032.5999755859375,1032.5999755859375,1032.5999755859375,1032.5999755859375,0.0,0.0,0.0,Palladium,PA=F
2024-03-12 00:00:00-04:00,1041.0999755859375,1041.0999755859375,1041.0999755859375,1041.0999755859375,0.0,0.0,0.0,Palladium,PA=F
2024-03-13 00:00:00-04:00,1055.0,1080.5,1055.0,1062.800048828125,5.0,0.0,0.0,Palladium,PA=F
2024-03-14 00:00:00-04:00,1080.0,1080.0,1071.800048828125,1071.800048828125,1.0,0.0,0.0,Palladium,PA=F
2024-03-15 00:00:00-04:00,1083.5,1083.5,1083.5,1083.5,0.0,0.0,0.0,Palladium,PA=F
2024-03-18 00:00:00-04:00,1035.5999755859375,1035.5999755859375,1035.5999755859375,1035.5999755859375,0.0,0.0,0.0,Palladium,PA=F
2024-03-19 00:00:00-04:00,993.9000244140625,993.9000244140625,993.9000244140625,993.9000244140625,0.0,0.0,0.0,Palladium,PA=F
2024-03-20 00:00:00-04:00,994.7000122070312,994.7000122070312,994.7000122070312,994.7000122070312,1.0,0.0,0.0,Palladium,PA=F
2024-03-21 00:00:00-04:00,1013.4000244140625,1013.4000244140625,1013.4000244140625,1013.4000244140625,0.0,0.0,0.0,Palladium,PA=F
2024-03-22 00:00:00-04:00,992.7999877929688,992.7999877929688,992.7999877929688,992.7999877929688,0.0,0.0,0.0,Palladium,PA=F
2024-03-25 00:00:00-04:00,1007.7999877929688,1007.7999877929688,1007.7999877929688,1007.7999877929688,0.0,0.0,0.0,Palladium,PA=F
2024-03-26 00:00:00-04:00,992.7000122070312,992.7000122070312,992.7000122070312,992.7000122070312,10.0,0.0,0.0,Palladium,PA=F
2024-03-27 00:00:00-04:00,979.0,979.0,979.0,979.0,0.0,0.0,0.0,Palladium,PA=F
2024-03-28 00:00:00-04:00,1009.5,1009.5,1009.5,1009.5,0.0,0.0,0.0,Palladium,PA=F
2024-04-01 00:00:00-04:00,992.0,992.0,992.0,992.0,0.0,0.0,0.0,Palladium,PA=F
2024-04-02 00:00:00-04:00,992.2999877929688,992.2999877929688,992.2999877929688,992.2999877929688,0.0,0.0,0.0,Palladium,PA=F
2024-04-03 00:00:00-04:00,1009.7000122070312,1009.7000122070312,1009.7000122070312,1009.7000122070312,0.0,0.0,0.0,Palladium,PA=F
2024-04-04 00:00:00-04:00,1029.300048828125,1029.300048828125,1029.300048828125,1029.300048828125,0.0,0.0,0.0,Palladium,PA=F
2024-04-05 00:00:00-04:00,995.4000244140625,995.4000244140625,995.4000244140625,995.4000244140625,0.0,0.0,0.0,Palladium,PA=F
2024-04-08 00:00:00-04:00,1038.5,1038.5,1038.5,1038.5,0.0,0.0,0.0,Palladium,PA=F
2024-04-09 00:00:00-04:00,1074.0999755859375,1074.0999755859375,1074.0999755859375,1074.0999755859375,0.0,0.0,0.0,Palladium,PA=F
2024-04-10 00:00:00-04:00,1051.699951171875,1051.699951171875,1051.699951171875,1051.699951171875,0.0,0.0,0.0,Palladium,PA=F
2024-04-11 00:00:00-04:00,1038.9000244140625,1038.9000244140625,1038.9000244140625,1038.9000244140625,0.0,0.0,0.0,Palladium,PA=F
2024-04-12 00:00:00-04:00,1057.699951171875,1057.699951171875,1057.699951171875,1057.699951171875,0.0,0.0,0.0,Palladium,PA=F
2024-04-15 00:00:00-04:00,1042.0999755859375,1042.0999755859375,1042.0999755859375,1042.0999755859375,0.0,0.0,0.0,Palladium,PA=F
2024-04-16 00:00:00-04:00,1029.4000244140625,1029.4000244140625,1029.4000244140625,1029.4000244140625,0.0,0.0,0.0,Palladium,PA=F
2024-04-17 00:00:00-04:00,1029.0,1029.0,1029.0,1029.0,0.0,0.0,0.0,Palladium,PA=F
2024-04-18 00:00:00-04:00,1037.5999755859375,1037.5999755859375,1037.5999755859375,1037.5999755859375,0.0,0.0,0.0,Palladium,PA=F
2024-04-19 00:00:00-04:00,1025.5,1025.5,1025.5,1025.5,0.0,0.0,0.0,Palladium,PA=F
2024-04-22 00:00:00-04:00,1014.7000122070312,1014.7000122070312,1014.7000122070312,1014.7000122070312,0.0,0.0,0.0,Palladium,PA=F
2024-04-23 00:00:00-04:00,1025.9000244140625,1025.9000244140625,1025.9000244140625,1025.9000244140625,0.0,0.0,0.0,Palladium,PA=F
2024-04-24 00:00:00-04:00,1007.4000244140625,1007.4000244140625,1007.4000244140625,1007.4000244140625,0.0,0.0,0.0,Palladium,PA=F
2024-04-25 00:00:00-04:00,981.0999755859375,981.0999755859375,981.0999755859375,981.0999755859375,0.0,0.0,0.0,Palladium,PA=F
2024-04-26 00:00:00-04:00,957.4000244140625,957.4000244140625,957.4000244140625,957.4000244140625,1.0,0.0,0.0,Palladium,PA=F
2024-04-29 00:00:00-04:00,976.7000122070312,976.7000122070312,972.5,976.7000122070312,2.0,0.0,0.0,Palladium,PA=F
2024-04-30 00:00:00-04:00,951.9000244140625,951.9000244140625,951.9000244140625,951.9000244140625,0.0,0.0,0.0,Palladium,PA=F
2024-05-01 00:00:00-04:00,947.7000122070312,947.7000122070312,947.7000122070312,947.7000122070312,0.0,0.0,0.0,Palladium,PA=F
2024-05-02 00:00:00-04:00,938.2000122070312,938.2000122070312,938.2000122070312,938.2000122070312,0.0,0.0,0.0,Palladium,PA=F
2024-05-03 00:00:00-04:00,947.5,947.5,947.5,947.5,0.0,0.0,0.0,Palladium,PA=F
2024-05-06 00:00:00-04:00,982.2999877929688,982.2999877929688,982.2999877929688,982.2999877929688,0.0,0.0,0.0,Palladium,PA=F
2024-05-07 00:00:00-04:00,978.7999877929688,978.7999877929688,978.7999877929688,978.7999877929688,0.0,0.0,0.0,Palladium,PA=F
2024-05-08 00:00:00-04:00,955.4000244140625,955.4000244140625,955.4000244140625,955.4000244140625,0.0,0.0,0.0,Palladium,PA=F
2024-05-09 00:00:00-04:00,970.4000244140625,970.4000244140625,970.4000244140625,970.4000244140625,0.0,0.0,0.0,Palladium,PA=F
2024-05-10 00:00:00-04:00,980.7999877929688,980.7999877929688,980.7999877929688,980.7999877929688,0.0,0.0,0.0,Palladium,PA=F
2024-05-13 00:00:00-04:00,964.9000244140625,964.9000244140625,964.9000244140625,964.9000244140625,0.0,0.0,0.0,Palladium,PA=F
2024-05-14 00:00:00-04:00,981.5,981.5,981.5,981.5,0.0,0.0,0.0,Palladium,PA=F
2024-05-15 00:00:00-04:00,1014.0999755859375,1014.0999755859375,1014.0999755859375,1014.0999755859375,0.0,0.0,0.0,Palladium,PA=F
2024-05-16 00:00:00-04:00,997.5,997.5,997.5,997.5,0.0,0.0,0.0,Palladium,PA=F
2024-05-17 00:00:00-04:00,1009.9000244140625,1009.9000244140625,1009.9000244140625,1009.9000244140625,0.0,0.0,0.0,Palladium,PA=F
2024-05-20 00:00:00-04:00,1030.699951171875,1030.699951171875,1030.699951171875,1030.699951171875,0.0,0.0,0.0,Palladium,PA=F
2024-05-21 00:00:00-04:00,1029.4000244140625,1029.4000244140625,1029.4000244140625,1029.4000244140625,0.0,0.0,0.0,Palladium,PA=F
2024-05-22 00:00:00-04:00,1002.9000244140625,1002.9000244140625,1002.9000244140625,1002.9000244140625,0.0,0.0,0.0,Palladium,PA=F
2024-05-23 00:00:00-04:00,973.2999877929688,973.2999877929688,973.2999877929688,973.2999877929688,0.0,0.0,0.0,Palladium,PA=F
2024-05-24 00:00:00-04:00,969.0999755859375,969.0999755859375,969.0999755859375,969.0999755859375,0.0,0.0,0.0,Palladium,PA=F
2024-05-28 00:00:00-04:00,976.7000122070312,976.7000122070312,976.7000122070312,976.7000122070312,0.0,0.0,0.0,Palladium,PA=F
2024-05-29 00:00:00-04:00,963.0999755859375,963.0999755859375,963.0999755859375,963.0999755859375,4087.0,0.0,0.0,Palladium,PA=F
2024-05-30 00:00:00-04:00,955.0,957.5,929.0,944.2999877929688,394.0,0.0,0.0,Palladium,PA=F
2024-05-31 00:00:00-04:00,942.0,950.0,899.2000122070312,899.2000122070312,19.0,0.0,0.0,Palladium,PA=F
2024-06-03 00:00:00-04:00,913.0,913.0,913.0,913.0,0.0,0.0,0.0,Palladium,PA=F
2024-06-04 00:00:00-04:00,904.5,910.2999877929688,902.0,910.2999877929688,2.0,0.0,0.0,Palladium,PA=F
2024-06-05 00:00:00-04:00,909.5,924.5,909.5,924.5,1.0,0.0,0.0,Palladium,PA=F
2024-06-06 00:00:00-04:00,923.7999877929688,923.7999877929688,923.7999877929688,923.7999877929688,11.0,0.0,0.0,Palladium,PA=F
2024-06-07 00:00:00-04:00,909.5,909.5,909.5,909.5,0.0,0.0,0.0,Palladium,PA=F
2024-06-10 00:00:00-04:00,896.4000244140625,896.4000244140625,896.4000244140625,896.4000244140625,0.0,0.0,0.0,Palladium,PA=F
2024-06-11 00:00:00-04:00,876.9000244140625,876.9000244140625,876.9000244140625,876.9000244140625,0.0,0.0,0.0,Palladium,PA=F
2024-06-12 00:00:00-04:00,878.0,900.0,878.0,899.7999877929688,12.0,0.0,0.0,Palladium,PA=F
2024-06-13 00:00:00-04:00,881.5,881.5,876.5,877.4000244140625,8.0,0.0,0.0,Palladium,PA=F
2024-06-14 00:00:00-04:00,890.5999755859375,890.5999755859375,890.5999755859375,890.5999755859375,0.0,0.0,0.0,Palladium,PA=F
2024-06-17 00:00:00-04:00,876.5,883.5999755859375,876.5,883.5999755859375,2.0,0.0,0.0,Palladium,PA=F
2024-06-18 00:00:00-04:00,880.9000244140625,880.9000244140625,880.9000244140625,880.9000244140625,0.0,0.0,0.0,Palladium,PA=F
2024-06-20 00:00:00-04:00,905.0,915.5,905.0,905.4000244140625,9.0,0.0,0.0,Palladium,PA=F
2024-06-21 00:00:00-04:00,940.5,950.0,918.0999755859375,918.0999755859375,29.0,0.0,0.0,Palladium,PA=F
2024-06-24 00:00:00-04:00,981.5,981.5,976.0999755859375,976.0999755859375,1.0,0.0,0.0,Palladium,PA=F
2024-06-25 00:00:00-04:00,933.7000122070312,933.7000122070312,933.7000122070312,933.7000122070312,1.0,0.0,0.0,Palladium,PA=F
2024-06-26 00:00:00-04:00,949.5,950.0,922.7000122070312,922.7000122070312,4.0,0.0,0.0,Palladium,PA=F
2024-06-27 00:00:00-04:00,927.5999755859375,927.5999755859375,927.5999755859375,927.5999755859375,1.0,0.0,0.0,Palladium,PA=F
2024-06-28 00:00:00-04:00,977.9000244140625,977.9000244140625,977.9000244140625,977.9000244140625,1.0,0.0,0.0,Palladium,PA=F
2024-07-01 00:00:00-04:00,979.0,979.0,972.4000244140625,972.4000244140625,2.0,0.0,0.0,Palladium,PA=F
2024-07-02 00:00:00-04:00,1020.2000122070312,1020.2000122070312,1020.2000122070312,1020.2000122070312,2.0,0.0,0.0,Palladium,PA=F
2024-07-03 00:00:00-04:00,1019.0,1040.5,1011.0,1034.199951171875,4.0,0.0,0.0,Palladium,PA=F
2024-07-05 00:00:00-04:00,1035.800048828125,1035.800048828125,1035.800048828125,1035.800048828125,4.0,0.0,0.0,Palladium,PA=F
2024-07-08 00:00:00-04:00,1011.5,1011.5,1011.5,1011.5,4.0,0.0,0.0,Palladium,PA=F
2024-07-09 00:00:00-04:00,982.5,982.5,982.5,982.5,4.0,0.0,0.0,Palladium,PA=F
2024-07-10 00:00:00-04:00,987.5999755859375,987.5999755859375,987.5999755859375,987.5999755859375,4.0,0.0,0.0,Palladium,PA=F
2024-07-11 00:00:00-04:00,993.4000244140625,993.4000244140625,993.4000244140625,993.4000244140625,4.0,0.0,0.0,Palladium,PA=F
2024-07-12 00:00:00-04:00,969.0999755859375,969.0999755859375,969.0999755859375,969.0999755859375,4.0,0.0,0.0,Palladium,PA=F
2024-07-15 00:00:00-04:00,946.7000122070312,946.7000122070312,946.7000122070312,946.7000122070312,4.0,0.0,0.0,Palladium,PA=F
2024-07-16 00:00:00-04:00,953.0,953.0,953.0,953.0,4.0,0.0,0.0,Palladium,PA=F
2024-07-17 00:00:00-04:00,950.5,950.5,950.5,950.5,4.0,0.0,0.0,Palladium,PA=F
2024-07-18 00:00:00-04:00,926.2999877929688,926.2999877929688,926.2999877929688,926.2999877929688,4.0,0.0,0.0,Palladium,PA=F
2024-07-19 00:00:00-04:00,899.0999755859375,899.0999755859375,899.0999755859375,899.0999755859375,4.0,0.0,0.0,Palladium,PA=F
2024-07-22 00:00:00-04:00,889.2000122070312,889.2000122070312,889.2000122070312,889.2000122070312,4.0,0.0,0.0,Palladium,PA=F
2024-07-23 00:00:00-04:00,909.0999755859375,909.0999755859375,909.0999755859375,909.0999755859375,4.0,0.0,0.0,Palladium,PA=F
2024-07-24 00:00:00-04:00,922.0,922.0,922.0,922.0,4.0,0.0,0.0,Palladium,PA=F
2024-07-25 00:00:00-04:00,894.0,894.0,894.0,894.0,4.0,0.0,0.0,Palladium,PA=F
2024-07-26 00:00:00-04:00,884.9000244140625,884.9000244140625,884.9000244140625,884.9000244140625,4.0,0.0,0.0,Palladium,PA=F
2024-07-29 00:00:00-04:00,885.7999877929688,885.7999877929688,885.7999877929688,885.7999877929688,2.0,0.0,0.0,Palladium,PA=F
2024-07-30 00:00:00-04:00,878.0,878.0,873.5,878.0,1.0,0.0,0.0,Palladium,PA=F
2024-07-31 00:00:00-04:00,922.5999755859375,922.5999755859375,922.5999755859375,922.5999755859375,0.0,0.0,0.0,Palladium,PA=F
2024-08-01 00:00:00-04:00,891.7999877929688,891.7999877929688,891.7999877929688,891.7999877929688,0.0,0.0,0.0,Palladium,PA=F
2024-08-02 00:00:00-04:00,879.2000122070312,879.2000122070312,879.2000122070312,879.2000122070312,0.0,0.0,0.0,Palladium,PA=F
2024-08-05 00:00:00-04:00,836.0,846.0,822.7999877929688,822.7999877929688,2.0,0.0,0.0,Palladium,PA=F
2024-08-06 00:00:00-04:00,857.0999755859375,857.0999755859375,857.0999755859375,857.0999755859375,0.0,0.0,0.0,Palladium,PA=F
2024-08-07 00:00:00-04:00,883.7999877929688,883.7999877929688,883.7999877929688,883.7999877929688,0.0,0.0,0.0,Palladium,PA=F
2024-08-08 00:00:00-04:00,905.9000244140625,905.9000244140625,905.9000244140625,905.9000244140625,0.0,0.0,0.0,Palladium,PA=F
2024-08-09 00:00:00-04:00,893.5,893.5,893.5,893.5,0.0,0.0,0.0,Palladium,PA=F
2024-08-12 00:00:00-04:00,896.5,896.5,896.5,896.5,0.0,0.0,0.0,Palladium,PA=F
2024-08-13 00:00:00-04:00,921.5999755859375,921.5999755859375,921.5999755859375,921.5999755859375,0.0,0.0,0.0,Palladium,PA=F
2024-08-14 00:00:00-04:00,919.7999877929688,919.7999877929688,919.7999877929688,919.7999877929688,0.0,0.0,0.0,Palladium,PA=F
2024-08-15 00:00:00-04:00,935.5999755859375,935.5999755859375,935.5999755859375,935.5999755859375,0.0,0.0,0.0,Palladium,PA=F
2024-08-16 00:00:00-04:00,941.7000122070312,941.7000122070312,941.7000122070312,941.7000122070312,0.0,0.0,0.0,Palladium,PA=F
2024-08-19 00:00:00-04:00,918.7000122070312,918.7000122070312,918.7000122070312,918.7000122070312,0.0,0.0,0.0,Palladium,PA=F
2024-08-20 00:00:00-04:00,913.9000244140625,913.9000244140625,913.9000244140625,913.9000244140625,0.0,0.0,0.0,Palladium,PA=F
2024-08-21 00:00:00-04:00,940.5999755859375,940.5999755859375,940.5999755859375,940.5999755859375,1.0,0.0,0.0,Palladium,PA=F
2024-08-22 00:00:00-04:00,920.0,920.0,920.0,920.0,0.0,0.0,0.0,Palladium,PA=F
2024-08-23 00:00:00-04:00,942.5,942.5,942.5,942.5,0.0,0.0,0.0,Palladium,PA=F
2024-08-26 00:00:00-04:00,960.2000122070312,960.2000122070312,960.2000122070312,960.2000122070312,0.0,0.0,0.0,Palladium,PA=F
2024-08-27 00:00:00-04:00,958.5,958.5,958.5,958.5,0.0,0.0,0.0,Palladium,PA=F
2024-08-28 00:00:00-04:00,933.9000244140625,933.9000244140625,933.9000244140625,933.9000244140625,3097.0,0.0,0.0,Palladium,PA=F
2024-08-29 00:00:00-04:00,933.5,976.0,932.5,972.5,852.0,0.0,0.0,Palladium,PA=F
2024-08-30 00:00:00-04:00,979.0,989.0,961.0999755859375,961.0999755859375,77.0,0.0,0.0,Palladium,PA=F
2024-09-03 00:00:00-04:00,974.0,974.5,931.0999755859375,931.0999755859375,7.0,0.0,0.0,Palladium,PA=F
2024-09-04 00:00:00-04:00,927.2000122070312,927.2000122070312,927.2000122070312,927.2000122070312,0.0,0.0,0.0,Palladium,PA=F
2024-09-05 00:00:00-04:00,929.0,935.0,929.0,934.7000122070312,6.0,0.0,0.0,Palladium,PA=F
2024-09-06 00:00:00-04:00,939.0,939.0,896.2999877929688,896.2999877929688,5.0,0.0,0.0,Palladium,PA=F
2024-09-09 00:00:00-04:00,913.0,936.7999877929688,899.5,936.7999877929688,5.0,0.0,0.0,Palladium,PA=F
2024-09-10 00:00:00-04:00,960.0,960.0,960.0,960.0,0.0,0.0,0.0,Palladium,PA=F
2024-09-11 00:00:00-04:00,1014.0,1014.0,1010.2000122070312,1010.2000122070312,6.0,0.0,0.0,Palladium,PA=F
2024-09-12 00:00:00-04:00,1016.0,1053.800048828125,1016.0,1053.800048828125,8.0,0.0,0.0,Palladium,PA=F
2024-09-13 00:00:00-04:00,1076.0,1076.0,1076.0,1076.0,0.0,0.0,0.0,Palladium,PA=F
2024-09-16 00:00:00-04:00,1084.4000244140625,1084.4000244140625,1084.4000244140625,1084.4000244140625,0.0,0.0,0.0,Palladium,PA=F
2024-09-17 00:00:00-04:00,1104.699951171875,1104.699951171875,1104.699951171875,1104.699951171875,0.0,0.0,0.0,Palladium,PA=F
2024-09-18 00:00:00-04:00,1087.5,1087.5,1068.300048828125,1068.300048828125,2.0,0.0,0.0,Palladium,PA=F
2024-09-19 00:00:00-04:00,1100.4000244140625,1100.4000244140625,1100.4000244140625,1100.4000244140625,0.0,0.0,0.0,Palladium,PA=F
2024-09-20 00:00:00-04:00,1079.9000244140625,1079.9000244140625,1079.9000244140625,1079.9000244140625,0.0,0.0,0.0,Palladium,PA=F
2024-09-23 00:00:00-04:00,1046.9000244140625,1046.9000244140625,1046.9000244140625,1046.9000244140625,0.0,0.0,0.0,Palladium,PA=F
2024-09-24 00:00:00-04:00,1056.5,1061.9000244140625,1056.5,1061.9000244140625,1.0,0.0,0.0,Palladium,PA=F
2024-09-25 00:00:00-04:00,1033.300048828125,1033.300048828125,1033.300048828125,1033.300048828125,0.0,0.0,0.0,Palladium,PA=F
2024-09-26 00:00:00-04:00,1060.0,1060.0,1044.300048828125,1044.300048828125,8.0,0.0,0.0,Palladium,PA=F
2024-09-27 00:00:00-04:00,1014.0,1014.0,1014.0,1014.0,0.0,0.0,0.0,Palladium,PA=F
2024-09-30 00:00:00-04:00,998.9000244140625,998.9000244140625,998.9000244140625,998.9000244140625,0.0,0.0,0.0,Palladium,PA=F
2024-10-01 00:00:00-04:00,993.5999755859375,993.5999755859375,993.5999755859375,993.5999755859375,3.0,0.0,0.0,Palladium,PA=F
2024-10-02 00:00:00-04:00,1016.4000244140625,1016.4000244140625,1016.4000244140625,1016.4000244140625,1.0,0.0,0.0,Palladium,PA=F
2024-10-03 00:00:00-04:00,997.2999877929688,997.2999877929688,997.2999877929688,997.2999877929688,0.0,0.0,0.0,Palladium,PA=F
2024-10-04 00:00:00-04:00,995.2000122070312,995.2000122070312,995.2000122070312,995.2000122070312,0.0,0.0,0.0,Palladium,PA=F
2024-10-07 00:00:00-04:00,1023.0,1023.0,1023.0,1023.0,0.0,0.0,0.0,Palladium,PA=F
2024-10-08 00:00:00-04:00,1003.5999755859375,1003.5999755859375,1003.5999755859375,1003.5999755859375,0.0,0.0,0.0,Palladium,PA=F
2024-10-09 00:00:00-04:00,1036.9000244140625,1036.9000244140625,1036.9000244140625,1036.9000244140625,0.0,0.0,0.0,Palladium,PA=F
2024-10-10 00:00:00-04:00,1065.4000244140625,1065.4000244140625,1065.4000244140625,1065.4000244140625,0.0,0.0,0.0,Palladium,PA=F
2024-10-11 00:00:00-04:00,1061.800048828125,1061.800048828125,1061.800048828125,1061.800048828125,2.0,0.0,0.0,Palladium,PA=F
2024-10-14 00:00:00-04:00,1023.0999755859375,1023.0999755859375,1023.0999755859375,1023.0999755859375,0.0,0.0,0.0,Palladium,PA=F
2024-10-15 00:00:00-04:00,1004.2000122070312,1004.2000122070312,1004.2000122070312,1004.2000122070312,12.0,0.0,0.0,Palladium,PA=F
2024-10-16 00:00:00-04:00,1019.0,1019.0,1019.0,1019.0,12.0,0.0,0.0,Palladium,PA=F
2024-10-17 00:00:00-04:00,1038.300048828125,1038.300048828125,1038.300048828125,1038.300048828125,12.0,0.0,0.0,Palladium,PA=F
2024-10-18 00:00:00-04:00,1077.699951171875,1077.699951171875,1077.699951171875,1077.699951171875,12.0,0.0,0.0,Palladium,PA=F
2024-10-21 00:00:00-04:00,1048.4000244140625,1048.4000244140625,1048.4000244140625,1048.4000244140625,12.0,0.0,0.0,Palladium,PA=F
2024-10-22 00:00:00-04:00,1074.199951171875,1074.199951171875,1074.199951171875,1074.199951171875,12.0,0.0,0.0,Palladium,PA=F
2024-10-23 00:00:00-04:00,1057.5,1057.5,1057.5,1057.5,12.0,0.0,0.0,Palladium,PA=F
2024-10-24 00:00:00-04:00,1161.0,1161.0,1161.0,1161.0,3.0,0.0,0.0,Palladium,PA=F
2024-10-25 00:00:00-04:00,1199.699951171875,1199.699951171875,1199.699951171875,1199.699951171875,0.0,0.0,0.0,Palladium,PA=F
2024-10-28 00:00:00-04:00,1222.0,1222.0,1222.0,1222.0,0.0,0.0,0.0,Palladium,PA=F
2024-10-29 00:00:00-04:00,1227.0,1227.0,1227.0,1227.0,10.0,0.0,0.0,Palladium,PA=F
2024-10-30 00:00:00-04:00,1151.5,1154.5,1149.0,1149.0,5.0,0.0,0.0,Palladium,PA=F
2024-10-31 00:00:00-04:00,1106.5,1106.5,1106.5,1106.5,5.0,0.0,0.0,Palladium,PA=F
2024-11-01 00:00:00-04:00,1103.800048828125,1103.800048828125,1103.800048828125,1103.800048828125,5.0,0.0,0.0,Palladium,PA=F
2024-11-04 00:00:00-05:00,1066.4000244140625,1066.4000244140625,1066.4000244140625,1066.4000244140625,5.0,0.0,0.0,Palladium,PA=F
2024-11-05 00:00:00-05:00,1076.9000244140625,1076.9000244140625,1076.9000244140625,1076.9000244140625,5.0,0.0,0.0,Palladium,PA=F
2024-11-06 00:00:00-05:00,1036.0999755859375,1036.0999755859375,1036.0999755859375,1036.0999755859375,5.0,0.0,0.0,Palladium,PA=F
2024-11-07 00:00:00-05:00,1017.4000244140625,1017.4000244140625,1017.4000244140625,1017.4000244140625,5.0,0.0,0.0,Palladium,PA=F
2024-11-08 00:00:00-05:00,988.9000244140625,988.9000244140625,988.9000244140625,988.9000244140625,5.0,0.0,0.0,Palladium,PA=F
2024-11-11 00:00:00-05:00,979.4000244140625,979.4000244140625,979.4000244140625,979.4000244140625,5.0,0.0,0.0,Palladium,PA=F
2024-11-12 00:00:00-05:00,938.2999877929688,938.2999877929688,938.2999877929688,938.2999877929688,5.0,0.0,0.0,Palladium,PA=F
2024-11-13 00:00:00-05:00,929.5,929.5,929.5,929.5,5.0,0.0,0.0,Palladium,PA=F
2024-11-14 00:00:00-05:00,923.4000244140625,923.4000244140625,923.4000244140625,923.4000244140625,5.0,0.0,0.0,Palladium,PA=F
2024-11-15 00:00:00-05:00,941.2999877929688,941.2999877929688,941.2999877929688,941.2999877929688,5.0,0.0,0.0,Palladium,PA=F
2024-11-18 00:00:00-05:00,1006.2000122070312,1006.2000122070312,1006.2000122070312,1006.2000122070312,5.0,0.0,0.0,Palladium,PA=F
2024-11-19 00:00:00-05:00,1035.300048828125,1035.300048828125,1035.300048828125,1035.300048828125,5.0,0.0,0.0,Palladium,PA=F
2024-11-20 00:00:00-05:00,1023.9000244140625,1023.9000244140625,1023.9000244140625,1023.9000244140625,5.0,0.0,0.0,Palladium,PA=F
2024-11-21 00:00:00-05:00,1042.5999755859375,1042.5999755859375,1042.5999755859375,1042.5999755859375,1.0,0.0,0.0,Palladium,PA=F
2024-11-22 00:00:00-05:00,1025.0,1040.0,1017.0,1017.0,4.0,0.0,0.0,Palladium,PA=F
2024-11-25 00:00:00-05:00,979.7999877929688,979.7999877929688,979.7999877929688,979.7999877929688,4.0,0.0,0.0,Palladium,PA=F
2024-11-26 00:00:00-05:00,987.2000122070312,987.2000122070312,987.2000122070312,987.2000122070312,3690.0,0.0,0.0,Palladium,PA=F
2024-11-27 00:00:00-05:00,986.5,1001.5,973.5,982.7999877929688,1146.0,0.0,0.0,Palladium,PA=F
2024-11-29 00:00:00-05:00,993.0,995.0,970.5,990.2000122070312,45.0,0.0,0.0,Palladium,PA=F
2024-12-02 00:00:00-05:00,975.0,1004.5,975.0,991.9000244140625,16.0,0.0,0.0,Palladium,PA=F
2024-12-03 00:00:00-05:00,1003.0,1003.0,978.0,983.7000122070312,9.0,0.0,0.0,Palladium,PA=F
2024-12-04 00:00:00-05:00,966.0,988.7999877929688,961.0,988.7999877929688,101.0,0.0,0.0,Palladium,PA=F
2024-12-05 00:00:00-05:00,970.0999755859375,971.5,970.0999755859375,970.0999755859375,1.0,0.0,0.0,Palladium,PA=F
2024-12-06 00:00:00-05:00,960.2999877929688,960.2999877929688,960.2999877929688,960.2999877929688,0.0,0.0,0.0,Palladium,PA=F
2024-12-09 00:00:00-05:00,980.5,991.5,979.0,988.5999755859375,5.0,0.0,0.0,Palladium,PA=F
2024-12-10 00:00:00-05:00,974.5999755859375,974.5999755859375,974.5999755859375,974.5999755859375,5.0,0.0,0.0,Palladium,PA=F
2024-12-11 00:00:00-05:00,991.5,1002.7000122070312,991.5,1002.7000122070312,2.0,0.0,0.0,Palladium,PA=F
2024-12-12 00:00:00-05:00,983.0,983.0,983.0,983.0,1.0,0.0,0.0,Palladium,PA=F
2024-12-13 00:00:00-05:00,953.0999755859375,953.0999755859375,953.0999755859375,953.0999755859375,2.0,0.0,0.0,Palladium,PA=F
2024-12-16 00:00:00-05:00,944.7999877929688,944.7999877929688,944.7999877929688,944.7999877929688,0.0,0.0,0.0,Palladium,PA=F
2024-12-17 00:00:00-05:00,932.5999755859375,932.5999755859375,932.5999755859375,932.5999755859375,0.0,0.0,0.0,Palladium,PA=F
2024-12-18 00:00:00-05:00,920.0,920.0,919.5999755859375,919.5999755859375,3.0,0.0,0.0,Palladium,PA=F
2024-12-19 00:00:00-05:00,897.0999755859375,897.0999755859375,897.0999755859375,897.0999755859375,0.0,0.0,0.0,Palladium,PA=F
2024-12-20 00:00:00-05:00,906.5999755859375,906.5999755859375,906.5999755859375,906.5999755859375,0.0,0.0,0.0,Palladium,PA=F
2024-12-23 00:00:00-05:00,915.2999877929688,915.2999877929688,915.2999877929688,915.2999877929688,0.0,0.0,0.0,Palladium,PA=F
2024-12-24 00:00:00-05:00,930.0,938.2999877929688,930.0,938.2999877929688,3.0,0.0,0.0,Palladium,PA=F
2024-12-26 00:00:00-05:00,906.4000244140625,906.4000244140625,906.4000244140625,906.4000244140625,0.0,0.0,0.0,Palladium,PA=F
2024-12-27 00:00:00-05:00,893.5999755859375,893.5999755859375,893.5999755859375,893.5999755859375,13.0,0.0,0.0,Palladium,PA=F
2024-12-30 00:00:00-05:00,893.5,894.2000122070312,893.5,894.2000122070312,9.0,0.0,0.0,Palladium,PA=F
2024-12-31 00:00:00-05:00,902.9000244140625,902.9000244140625,902.9000244140625,902.9000244140625,0.0,0.0,0.0,Palladium,PA=F
2025-01-02 00:00:00-05:00,905.2000122070312,905.2000122070312,905.2000122070312,905.2000122070312,0.0,0.0,0.0,Palladium,PA=F
2025-01-03 00:00:00-05:00,915.5999755859375,915.5999755859375,915.5999755859375,915.5999755859375,0.0,0.0,0.0,Palladium,PA=F
2025-01-06 00:00:00-05:00,909.5999755859375,909.5999755859375,909.5999755859375,909.5999755859375,0.0,0.0,0.0,Palladium,PA=F
2025-01-07 00:00:00-05:00,921.2999877929688,921.2999877929688,921.2999877929688,921.2999877929688,0.0,0.0,0.0,Palladium,PA=F
2025-01-08 00:00:00-05:00,921.5,921.5,921.5,921.5,0.0,0.0,0.0,Palladium,PA=F
2025-01-09 00:00:00-05:00,923.9000244140625,923.9000244140625,923.9000244140625,923.9000244140625,6.0,0.0,0.0,Palladium,PA=F
2025-01-10 00:00:00-05:00,961.7000122070312,961.7000122070312,961.7000122070312,961.7000122070312,6.0,0.0,0.0,Palladium,PA=F
2024-01-03 00:00:00-05:00,70.5,73.2300033569336,69.27999877929688,72.69999694824219,334861.0,0.0,0.0,Crude Oil WTI,CL=F
2024-01-04 00:00:00-05:00,73.04000091552734,74.0,71.05999755859375,72.19000244140625,344467.0,0.0,0.0,Crude Oil WTI,CL=F
2024-01-05 00:00:00-05:00,72.4000015258789,74.23999786376953,72.20999908447266,73.80999755859375,325525.0,0.0,0.0,Crude Oil WTI,CL=F
2024-01-08 00:00:00-05:00,73.51000213623047,73.94999694824219,70.12999725341797,70.7699966430664,392249.0,0.0,0.0,Crude Oil WTI,CL=F
2024-01-09 00:00:00-05:00,70.91000366210938,72.93000030517578,70.47000122070312,72.23999786376953,363445.0,0.0,0.0,Crude Oil WTI,CL=F
2024-01-10 00:00:00-05:00,72.16999816894531,73.58999633789062,71.01000213623047,71.37000274658203,352772.0,0.0,0.0,Crude Oil WTI,CL=F
2024-01-11 00:00:00-05:00,71.33000183105469,73.80999755859375,71.16999816894531,72.0199966430664,373645.0,0.0,0.0,Crude Oil WTI,CL=F
2024-01-12 00:00:00-05:00,73.01000213623047,75.25,72.36000061035156,72.68000030517578,403636.0,0.0,0.0,Crude Oil WTI,CL=F
2024-01-16 00:00:00-05:00,72.62999725341797,73.55999755859375,71.2300033569336,72.4000015258789,430437.0,0.0,0.0,Crude Oil WTI,CL=F
2024-01-17 00:00:00-05:00,72.0,72.94999694824219,70.5,72.55999755859375,315679.0,0.0,0.0,Crude Oil WTI,CL=F
2024-01-18 00:00:00-05:00,72.77999877929688,74.37999725341797,72.18000030517578,74.08000183105469,86646.0,0.0,0.0,Crude Oil WTI,CL=F
2024-01-19 00:00:00-05:00,74.08000183105469,74.91000366210938,73.19999694824219,73.41000366210938,78234.0,0.0,0.0,Crude Oil WTI,CL=F
2024-01-22 00:00:00-05:00,73.41000366210938,75.75,72.88999938964844,75.19000244140625,372284.0,0.0,0.0,Crude Oil WTI,CL=F
2024-01-23 00:00:00-05:00,74.68000030517578,75.25,73.41000366210938,74.37000274658203,306060.0,0.0,0.0,Crude Oil WTI,CL=F
2024-01-24 00:00:00-05:00,74.56999969482422,75.83000183105469,73.94000244140625,75.08999633789062,323726.0,0.0,0.0,Crude Oil WTI,CL=F
2024-01-25 00:00:00-05:00,75.30000305175781,77.51000213623047,75.16000366210938,77.36000061035156,320177.0,0.0,0.0,Crude Oil WTI,CL=F
2024-01-26 00:00:00-05:00,77.1500015258789,78.26000213623047,76.05999755859375,78.01000213623047,365456.0,0.0,0.0,Crude Oil WTI,CL=F
2024-01-29 00:00:00-05:00,78.9000015258789,79.29000091552734,76.41000366210938,76.77999877929688,331925.0,0.0,0.0,Crude Oil WTI,CL=F
2024-01-30 00:00:00-05:00,77.0199966430664,78.13999938964844,75.8499984741211,77.81999969482422,347242.0,0.0,0.0,Crude Oil WTI,CL=F
2024-01-31 00:00:00-05:00,77.83999633789062,78.11000061035156,75.5199966430664,75.8499984741211,344493.0,0.0,0.0,Crude Oil WTI,CL=F
2024-02-01 00:00:00-05:00,75.95999908447266,76.94999694824219,73.69999694824219,73.81999969482422,577936.0,0.0,0.0,Crude Oil WTI,CL=F
2024-02-02 00:00:00-05:00,73.91000366210938,74.5199966430664,71.79000091552734,72.27999877929688,467768.0,0.0,0.0,Crude Oil WTI,CL=F
2024-02-05 00:00:00-05:00,72.75,73.27999877929688,71.41000366210938,72.77999877929688,350843.0,0.0,0.0,Crude Oil WTI,CL=F
2024-02-06 00:00:00-05:00,72.76000213623047,73.81999969482422,72.37999725341797,73.30999755859375,310955.0,0.0,0.0,Crude Oil WTI,CL=F
2024-02-07 00:00:00-05:00,73.5,74.22000122070312,73.2300033569336,73.86000061035156,294955.0,0.0,0.0,Crude Oil WTI,CL=F
2024-02-08 00:00:00-05:00,74.08000183105469,76.58999633789062,73.55999755859375,76.22000122070312,377906.0,0.0,0.0,Crude Oil WTI,CL=F
2024-02-09 00:00:00-05:00,76.41999816894531,77.29000091552734,75.93000030517578,76.83999633789062,302612.0,0.0,0.0,Crude Oil WTI,CL=F
2024-02-12 00:00:00-05:00,76.5999984741211,77.08999633789062,75.54000091552734,76.91999816894531,248476.0,0.0,0.0,Crude Oil WTI,CL=F
2024-02-13 00:00:00-05:00,77.02999877929688,78.47000122070312,76.87000274658203,77.87000274658203,338174.0,0.0,0.0,Crude Oil WTI,CL=F
2024-02-14 00:00:00-05:00,77.80999755859375,78.7699966430664,76.37999725341797,76.63999938964844,296131.0,0.0,0.0,Crude Oil WTI,CL=F
2024-02-15 00:00:00-05:00,76.5999984741211,78.44000244140625,75.77999877929688,78.02999877929688,122432.0,0.0,0.0,Crude Oil WTI,CL=F
2024-02-16 00:00:00-05:00,78.11000061035156,79.3499984741211,77.22000122070312,79.19000244140625,113713.0,0.0,0.0,Crude Oil WTI,CL=F
2024-02-20 00:00:00-05:00,78.9800033569336,79.80000305175781,77.66999816894531,78.18000030517578,435235.0,0.0,0.0,Crude Oil WTI,CL=F
2024-02-21 00:00:00-05:00,77.1500015258789,78.08000183105469,76.31999969482422,77.91000366210938,323243.0,0.0,0.0,Crude Oil WTI,CL=F
2024-02-22 00:00:00-05:00,78.08999633789062,78.91999816894531,77.2300033569336,78.61000061035156,330511.0,0.0,0.0,Crude Oil WTI,CL=F
2024-02-23 00:00:00-05:00,78.37000274658203,78.38999938964844,76.3499984741211,76.48999786376953,353437.0,0.0,0.0,Crude Oil WTI,CL=F
2024-02-26 00:00:00-05:00,76.4000015258789,78.02999877929688,75.83999633789062,77.58000183105469,274710.0,0.0,0.0,Crude Oil WTI,CL=F
2024-02-27 00:00:00-05:00,77.62000274658203,79.0,77.16999816894531,78.87000274658203,269236.0,0.0,0.0,Crude Oil WTI,CL=F
2024-02-28 00:00:00-05:00,78.4800033569336,79.62000274658203,77.77999877929688,78.54000091552734,330043.0,0.0,0.0,Crude Oil WTI,CL=F
2024-02-29 00:00:00-05:00,78.19999694824219,79.27999877929688,77.94000244140625,78.26000213623047,317939.0,0.0,0.0,Crude Oil WTI,CL=F
2024-03-01 00:00:00-05:00,78.27999877929688,80.8499984741211,78.05000305175781,79.97000122070312,363417.0,0.0,0.0,Crude Oil WTI,CL=F
2024-03-04 00:00:00-05:00,80.13999938964844,80.41000366210938,78.55999755859375,78.73999786376953,347214.0,0.0,0.0,Crude Oil WTI,CL=F
2024-03-05 00:00:00-05:00,78.73999786376953,79.48999786376953,77.5199966430664,78.1500015258789,436521.0,0.0,0.0,Crude Oil WTI,CL=F
2024-03-06 00:00:00-05:00,78.1500015258789,80.66999816894531,77.98999786376953,79.12999725341797,371049.0,0.0,0.0,Crude Oil WTI,CL=F
2024-03-07 00:00:00-05:00,79.12999725341797,79.52999877929688,78.0199966430664,78.93000030517578,432923.0,0.0,0.0,Crude Oil WTI,CL=F
2024-03-08 00:00:00-05:00,79.51000213623047,79.98999786376953,77.55999755859375,78.01000213623047,347533.0,0.0,0.0,Crude Oil WTI,CL=F
2024-03-11 00:00:00-04:00,77.80000305175781,78.47000122070312,76.79000091552734,77.93000030517578,329873.0,0.0,0.0,Crude Oil WTI,CL=F
2024-03-12 00:00:00-04:00,78.08999633789062,78.7300033569336,77.33999633789062,77.55999755859375,309922.0,0.0,0.0,Crude Oil WTI,CL=F
2024-03-13 00:00:00-04:00,78.05999755859375,79.9000015258789,77.56999969482422,79.72000122070312,316390.0,0.0,0.0,Crude Oil WTI,CL=F
2024-03-14 00:00:00-04:00,79.62999725341797,81.62000274658203,79.56999969482422,81.26000213623047,297450.0,0.0,0.0,Crude Oil WTI,CL=F
2024-03-15 00:00:00-04:00,81.13999938964844,81.44999694824219,80.48999786376953,81.04000091552734,185078.0,0.0,0.0,Crude Oil WTI,CL=F
2024-03-18 00:00:00-04:00,81.02999877929688,83.08999633789062,81.01000213623047,82.72000122070312,84718.0,0.0,0.0,Crude Oil WTI,CL=F
2024-03-19 00:00:00-04:00,82.8499984741211,83.8499984741211,82.38999938964844,83.47000122070312,76814.0,0.0,0.0,Crude Oil WTI,CL=F
2024-03-20 00:00:00-04:00,83.19999694824219,83.20999908447266,81.44000244140625,81.68000030517578,351161.0,0.0,0.0,Crude Oil WTI,CL=F
2024-03-21 00:00:00-04:00,81.48999786376953,81.91999816894531,80.30000305175781,81.06999969482422,266860.0,0.0,0.0,Crude Oil WTI,CL=F
2024-03-22 00:00:00-04:00,80.83999633789062,81.44999694824219,80.41999816894531,80.62999725341797,231101.0,0.0,0.0,Crude Oil WTI,CL=F
2024-03-25 00:00:00-04:00,80.8499984741211,82.4800033569336,80.58999633789062,81.94999694824219,300360.0,0.0,0.0,Crude Oil WTI,CL=F
2024-03-26 00:00:00-04:00,81.94000244140625,82.36000061035156,81.22000122070312,81.62000274658203,235845.0,0.0,0.0,Crude Oil WTI,CL=F
2024-03-27 00:00:00-04:00,81.29000091552734,81.73999786376953,80.55000305175781,81.3499984741211,249964.0,0.0,0.0,Crude Oil WTI,CL=F
2024-03-28 00:00:00-04:00,81.70999908447266,83.20999908447266,81.5199966430664,83.16999816894531,293774.0,0.0,0.0,Crude Oil WTI,CL=F
2024-04-01 00:00:00-04:00,83.13999938964844,84.48999786376953,82.5999984741211,83.70999908447266,321059.0,0.0,0.0,Crude Oil WTI,CL=F
2024-04-02 00:00:00-04:00,84.04000091552734,85.5,83.8499984741211,85.1500015258789,344040.0,0.0,0.0,Crude Oil WTI,CL=F
2024-04-03 00:00:00-04:00,85.45999908447266,86.19999694824219,84.8499984741211,85.43000030517578,322549.0,0.0,0.0,Crude Oil WTI,CL=F
2024-04-04 00:00:00-04:00,85.66000366210938,87.22000122070312,84.63999938964844,86.58999633789062,359534.0,0.0,0.0,Crude Oil WTI,CL=F
2024-04-05 00:00:00-04:00,86.86000061035156,87.62999725341797,86.31999969482422,86.91000366210938,353206.0,0.0,0.0,Crude Oil WTI,CL=F
2024-04-08 00:00:00-04:00,86.0999984741211,87.0999984741211,84.69000244140625,86.43000030517578,393734.0,0.0,0.0,Crude Oil WTI,CL=F
2024-04-09 00:00:00-04:00,86.58999633789062,86.9800033569336,85.08999633789062,85.2300033569336,314994.0,0.0,0.0,Crude Oil WTI,CL=F
2024-04-10 00:00:00-04:00,85.33999633789062,86.37999725341797,84.55000305175781,86.20999908447266,373939.0,0.0,0.0,Crude Oil WTI,CL=F
2024-04-11 00:00:00-04:00,86.31999969482422,86.62999725341797,84.83999633789062,85.0199966430664,388128.0,0.0,0.0,Crude Oil WTI,CL=F
2024-04-12 00:00:00-04:00,85.5999984741211,87.66999816894531,85.23999786376953,85.66000366210938,369958.0,0.0,0.0,Crude Oil WTI,CL=F
2024-04-15 00:00:00-04:00,85.93000030517578,86.11000061035156,84.05000305175781,85.41000366210938,343894.0,0.0,0.0,Crude Oil WTI,CL=F
2024-04-16 00:00:00-04:00,85.69999694824219,86.18000030517578,84.75,85.36000061035156,241343.0,0.0,0.0,Crude Oil WTI,CL=F
2024-04-17 00:00:00-04:00,85.36000061035156,85.51000213623047,82.55000305175781,82.69000244140625,259540.0,0.0,0.0,Crude Oil WTI,CL=F
2024-04-18 00:00:00-04:00,82.79000091552734,83.47000122070312,81.55999755859375,82.7300033569336,84468.0,0.0,0.0,Crude Oil WTI,CL=F
2024-04-19 00:00:00-04:00,82.62000274658203,86.27999877929688,81.80000305175781,83.13999938964844,76901.0,0.0,0.0,Crude Oil WTI,CL=F
2024-04-22 00:00:00-04:00,83.05000305175781,83.3499984741211,81.8499984741211,82.8499984741211,313914.0,0.0,0.0,Crude Oil WTI,CL=F
2024-04-23 00:00:00-04:00,82.12999725341797,83.43000030517578,80.87999725341797,83.36000061035156,355814.0,0.0,0.0,Crude Oil WTI,CL=F
2024-04-24 00:00:00-04:00,83.4000015258789,83.70999908447266,82.44000244140625,82.80999755859375,329077.0,0.0,0.0,Crude Oil WTI,CL=F
2024-04-25 00:00:00-04:00,82.83000183105469,83.83000183105469,81.98999786376953,83.56999969482422,314116.0,0.0,0.0,Crude Oil WTI,CL=F
2024-04-26 00:00:00-04:00,83.80999755859375,84.45999908447266,83.3499984741211,83.8499984741211,244090.0,0.0,0.0,Crude Oil WTI,CL=F
2024-04-29 00:00:00-04:00,83.69000244140625,83.91000366210938,82.4000015258789,82.62999725341797,336984.0,0.0,0.0,Crude Oil WTI,CL=F
2024-04-30 00:00:00-04:00,82.76000213623047,83.30000305175781,80.94999694824219,81.93000030517578,400680.0,0.0,0.0,Crude Oil WTI,CL=F
2024-05-01 00:00:00-04:00,81.4800033569336,81.56999969482422,78.83000183105469,79.0,441978.0,0.0,0.0,Crude Oil WTI,CL=F
2024-05-02 00:00:00-04:00,79.1500015258789,79.9000015258789,78.41000366210938,78.94999694824219,359652.0,0.0,0.0,Crude Oil WTI,CL=F
2024-05-03 00:00:00-04:00,79.06999969482422,79.62999725341797,77.95999908447266,78.11000061035156,324438.0,0.0,0.0,Crude Oil WTI,CL=F
2024-05-06 00:00:00-04:00,78.16000366210938,79.08999633789062,77.91000366210938,78.4800033569336,297369.0,0.0,0.0,Crude Oil WTI,CL=F
2024-05-07 00:00:00-04:00,78.72000122070312,79.16999816894531,77.55000305175781,78.37999725341797,327593.0,0.0,0.0,Crude Oil WTI,CL=F
2024-05-08 00:00:00-04:00,78.33999633789062,79.2699966430664,76.88999938964844,78.98999786376953,355449.0,0.0,0.0,Crude Oil WTI,CL=F
2024-05-09 00:00:00-04:00,79.2300033569336,79.80000305175781,78.91000366210938,79.26000213623047,272712.0,0.0,0.0,Crude Oil WTI,CL=F
2024-05-10 00:00:00-04:00,79.58999633789062,79.95999908447266,78.13999938964844,78.26000213623047,281169.0,0.0,0.0,Crude Oil WTI,CL=F
2024-05-13 00:00:00-04:00,78.18000030517578,79.48999786376953,77.77999877929688,79.12000274658203,287701.0,0.0,0.0,Crude Oil WTI,CL=F
2024-05-14 00:00:00-04:00,79.2300033569336,79.37999725341797,77.68000030517578,78.0199966430664,307410.0,0.0,0.0,Crude Oil WTI,CL=F
2024-05-15 00:00:00-04:00,78.44000244140625,78.91999816894531,76.69999694824219,78.62999725341797,321267.0,0.0,0.0,Crude Oil WTI,CL=F
2024-05-16 00:00:00-04:00,78.83999633789062,79.8499984741211,78.19999694824219,79.2300033569336,230277.0,0.0,0.0,Crude Oil WTI,CL=F
2024-05-17 00:00:00-04:00,79.37999725341797,80.13999938964844,79.0,80.05999755859375,94152.0,0.0,0.0,Crude Oil WTI,CL=F
2024-05-20 00:00:00-04:00,80.01000213623047,80.5999984741211,79.16999816894531,79.80000305175781,85072.0,0.0,0.0,Crude Oil WTI,CL=F
2024-05-21 00:00:00-04:00,79.69999694824219,79.72000122070312,78.08000183105469,79.26000213623047,371672.0,0.0,0.0,Crude Oil WTI,CL=F
2024-05-22 00:00:00-04:00,78.20999908447266,78.41000366210938,77.25,77.56999969482422,314145.0,0.0,0.0,Crude Oil WTI,CL=F
2024-05-23 00:00:00-04:00,77.29000091552734,78.66000366210938,76.43000030517578,76.87000274658203,330273.0,0.0,0.0,Crude Oil WTI,CL=F
2024-05-24 00:00:00-04:00,77.04000091552734,78.05000305175781,76.1500015258789,77.72000122070312,299075.0,0.0,0.0,Crude Oil WTI,CL=F
2024-05-28 00:00:00-04:00,77.80999755859375,80.29000091552734,77.69000244140625,79.83000183105469,334074.0,0.0,0.0,Crude Oil WTI,CL=F
2024-05-29 00:00:00-04:00,80.26000213623047,80.62000274658203,78.98999786376953,79.2300033569336,259594.0,0.0,0.0,Crude Oil WTI,CL=F
2024-05-30 00:00:00-04:00,79.27999877929688,79.41999816894531,77.62999725341797,77.91000366210938,373779.0,0.0,0.0,Crude Oil WTI,CL=F
2024-05-31 00:00:00-04:00,77.91000366210938,78.62000274658203,76.66999816894531,76.98999786376953,345120.0,0.0,0.0,Crude Oil WTI,CL=F
2024-06-03 00:00:00-04:00,76.97000122070312,77.5199966430664,73.9800033569336,74.22000122070312,443271.0,0.0,0.0,Crude Oil WTI,CL=F
2024-06-04 00:00:00-04:00,74.0199966430664,74.12999725341797,72.4800033569336,73.25,408721.0,0.0,0.0,Crude Oil WTI,CL=F
2024-06-05 00:00:00-04:00,72.9000015258789,74.33000183105469,72.81999969482422,74.06999969482422,307701.0,0.0,0.0,Crude Oil WTI,CL=F
2024-06-06 00:00:00-04:00,74.30000305175781,75.79000091552734,74.05999755859375,75.55000305175781,291082.0,0.0,0.0,Crude Oil WTI,CL=F
2024-06-07 00:00:00-04:00,75.66999816894531,76.25,75.20999908447266,75.52999877929688,280253.0,0.0,0.0,Crude Oil WTI,CL=F
2024-06-10 00:00:00-04:00,75.3499984741211,78.29000091552734,75.2300033569336,77.73999786376953,317031.0,0.0,0.0,Crude Oil WTI,CL=F
2024-06-11 00:00:00-04:00,78.12000274658203,78.36000061035156,77.22000122070312,77.9000015258789,314874.0,0.0,0.0,Crude Oil WTI,CL=F
2024-06-12 00:00:00-04:00,78.22000122070312,79.31999969482422,77.87999725341797,78.5,322285.0,0.0,0.0,Crude Oil WTI,CL=F
2024-06-13 00:00:00-04:00,78.37000274658203,78.88999938964844,77.66999816894531,78.62000274658203,307638.0,0.0,0.0,Crude Oil WTI,CL=F
2024-06-14 00:00:00-04:00,77.95999908447266,79.1500015258789,77.7300033569336,78.44999694824219,245827.0,0.0,0.0,Crude Oil WTI,CL=F
2024-06-17 00:00:00-04:00,78.4800033569336,80.66000366210938,77.9800033569336,80.33000183105469,126733.0,0.0,0.0,Crude Oil WTI,CL=F
2024-06-18 00:00:00-04:00,80.43000030517578,81.66999816894531,79.7699966430664,81.56999969482422,140709.0,0.0,0.0,Crude Oil WTI,CL=F
2024-06-20 00:00:00-04:00,81.5199966430664,82.41000366210938,81.12999725341797,82.16999816894531,420499.0,0.0,0.0,Crude Oil WTI,CL=F
2024-06-21 00:00:00-04:00,81.2699966430664,81.79000091552734,80.3499984741211,80.7300033569336,290500.0,0.0,0.0,Crude Oil WTI,CL=F
2024-06-24 00:00:00-04:00,80.44999694824219,81.77999877929688,80.2300033569336,81.62999725341797,271745.0,0.0,0.0,Crude Oil WTI,CL=F
2024-06-25 00:00:00-04:00,81.69999694824219,81.9000015258789,80.55000305175781,80.83000183105469,286038.0,0.0,0.0,Crude Oil WTI,CL=F
2024-06-26 00:00:00-04:00,80.72000122070312,81.62999725341797,80.18000030517578,80.9000015258789,308410.0,0.0,0.0,Crude Oil WTI,CL=F
2024-06-27 00:00:00-04:00,80.86000061035156,82.04000091552734,80.51000213623047,81.73999786376953,306342.0,0.0,0.0,Crude Oil WTI,CL=F
2024-06-28 00:00:00-04:00,81.86000061035156,82.72000122070312,80.97000122070312,81.54000091552734,260252.0,0.0,0.0,Crude Oil WTI,CL=F
2024-07-01 00:00:00-04:00,81.44999694824219,83.63999938964844,81.37999725341797,83.37999725341797,345780.0,0.0,0.0,Crude Oil WTI,CL=F
2024-07-02 00:00:00-04:00,83.43000030517578,84.37999725341797,82.72000122070312,82.80999755859375,367787.0,0.0,0.0,Crude Oil WTI,CL=F
2024-07-03 00:00:00-04:00,83.19999694824219,83.93000030517578,82.45999908447266,83.87999725341797,289685.0,0.0,0.0,Crude Oil WTI,CL=F
2024-07-05 00:00:00-04:00,83.5999984741211,84.5199966430664,83.0199966430664,83.16000366210938,361357.0,0.0,0.0,Crude Oil WTI,CL=F
2024-07-08 00:00:00-04:00,83.1500015258789,83.31999969482422,82.08000183105469,82.33000183105469,251774.0,0.0,0.0,Crude Oil WTI,CL=F
2024-07-09 00:00:00-04:00,82.22000122070312,82.4800033569336,81.25,81.41000366210938,297325.0,0.0,0.0,Crude Oil WTI,CL=F
2024-07-10 00:00:00-04:00,81.80999755859375,82.66000366210938,80.80999755859375,82.0999984741211,334380.0,0.0,0.0,Crude Oil WTI,CL=F
2024-07-11 00:00:00-04:00,82.4000015258789,83.12999725341797,81.62999725341797,82.62000274658203,324170.0,0.0,0.0,Crude Oil WTI,CL=F
2024-07-12 00:00:00-04:00,82.86000061035156,83.73999786376953,82.0999984741211,82.20999908447266,370062.0,0.0,0.0,Crude Oil WTI,CL=F
2024-07-15 00:00:00-04:00,82.16000366210938,82.58000183105469,81.47000122070312,81.91000366210938,296520.0,0.0,0.0,Crude Oil WTI,CL=F
2024-07-16 00:00:00-04:00,81.91999816894531,81.93000030517578,80.22000122070312,80.76000213623047,308186.0,0.0,0.0,Crude Oil WTI,CL=F
2024-07-17 00:00:00-04:00,80.8499984741211,83.0999984741211,80.44999694824219,82.8499984741211,257437.0,0.0,0.0,Crude Oil WTI,CL=F
2024-07-18 00:00:00-04:00,83.11000061035156,83.81999969482422,82.04000091552734,82.81999969482422,95704.0,0.0,0.0,Crude Oil WTI,CL=F
2024-07-19 00:00:00-04:00,82.47000122070312,82.87999725341797,80.06999969482422,80.12999725341797,83795.0,0.0,0.0,Crude Oil WTI,CL=F
2024-07-22 00:00:00-04:00,80.38999938964844,80.69000244140625,79.16999816894531,79.77999877929688,345235.0,0.0,0.0,Crude Oil WTI,CL=F
2024-07-23 00:00:00-04:00,78.2699966430664,78.7300033569336,76.4000015258789,76.95999908447266,417941.0,0.0,0.0,Crude Oil WTI,CL=F
2024-07-24 00:00:00-04:00,77.44999694824219,78.19000244140625,76.9800033569336,77.58999633789062,355971.0,0.0,0.0,Crude Oil WTI,CL=F
2024-07-25 00:00:00-04:00,77.5,78.47000122070312,76.04000091552734,78.27999877929688,457288.0,0.0,0.0,Crude Oil WTI,CL=F
2024-07-26 00:00:00-04:00,78.3499984741211,78.5999984741211,76.19000244140625,77.16000366210938,365121.0,0.0,0.0,Crude Oil WTI,CL=F
2024-07-29 00:00:00-04:00,77.30000305175781,77.69000244140625,75.3499984741211,75.80999755859375,362635.0,0.0,0.0,Crude Oil WTI,CL=F
2024-07-30 00:00:00-04:00,75.91000366210938,75.97000122070312,74.58999633789062,74.7300033569336,419478.0,0.0,0.0,Crude Oil WTI,CL=F
2024-07-31 00:00:00-04:00,75.23999786376953,78.66000366210938,75.18000030517578,77.91000366210938,460315.0,0.0,0.0,Crude Oil WTI,CL=F
2024-08-01 00:00:00-04:00,78.58999633789062,78.87999725341797,76.23999786376953,76.30999755859375,383014.0,0.0,0.0,Crude Oil WTI,CL=F
2024-08-02 00:00:00-04:00,76.87000274658203,77.29000091552734,72.97000122070312,73.5199966430664,467786.0,0.0,0.0,Crude Oil WTI,CL=F
2024-08-05 00:00:00-04:00,74.20999908447266,74.45999908447266,71.66999816894531,72.94000244140625,500151.0,0.0,0.0,Crude Oil WTI,CL=F
2024-08-06 00:00:00-04:00,73.86000061035156,74.55999755859375,72.19999694824219,73.19999694824219,352250.0,0.0,0.0,Crude Oil WTI,CL=F
2024-08-07 00:00:00-04:00,72.83999633789062,75.83999633789062,72.58000183105469,75.2300033569336,427995.0,0.0,0.0,Crude Oil WTI,CL=F
2024-08-08 00:00:00-04:00,75.47000122070312,76.5199966430664,74.5999984741211,76.19000244140625,327301.0,0.0,0.0,Crude Oil WTI,CL=F
2024-08-09 00:00:00-04:00,76.0199966430664,77.08999633789062,75.8499984741211,76.83999633789062,263007.0,0.0,0.0,Crude Oil WTI,CL=F
2024-08-12 00:00:00-04:00,76.98999786376953,80.16000366210938,76.69999694824219,80.05999755859375,376747.0,0.0,0.0,Crude Oil WTI,CL=F
2024-08-13 00:00:00-04:00,79.73999786376953,80.1500015258789,78.16000366210938,78.3499984741211,370763.0,0.0,0.0,Crude Oil WTI,CL=F
2024-08-14 00:00:00-04:00,78.7300033569336,79.0999984741211,76.83000183105469,76.9800033569336,357636.0,0.0,0.0,Crude Oil WTI,CL=F
2024-08-15 00:00:00-04:00,77.5199966430664,78.5999984741211,76.93000030517578,78.16000366210938,195122.0,0.0,0.0,Crude Oil WTI,CL=F
2024-08-16 00:00:00-04:00,78.16000366210938,78.16000366210938,75.54000091552734,76.6500015258789,100810.0,0.0,0.0,Crude Oil WTI,CL=F
2024-08-19 00:00:00-04:00,76.58000183105469,76.87000274658203,74.16999816894531,74.37000274658203,118172.0,0.0,0.0,Crude Oil WTI,CL=F
2024-08-20 00:00:00-04:00,74.33999633789062,75.02999877929688,73.5,74.04000091552734,329276.0,0.0,0.0,Crude Oil WTI,CL=F
2024-08-21 00:00:00-04:00,73.12000274658203,74.16000366210938,71.45999908447266,71.93000030517578,390527.0,0.0,0.0,Crude Oil WTI,CL=F
2024-08-22 00:00:00-04:00,71.93000030517578,73.5199966430664,71.58000183105469,73.01000213623047,334117.0,0.0,0.0,Crude Oil WTI,CL=F
2024-08-23 00:00:00-04:00,72.95999908447266,75.06999969482422,72.83000183105469,74.83000183105469,313764.0,0.0,0.0,Crude Oil WTI,CL=F
2024-08-26 00:00:00-04:00,75.0999984741211,77.5999984741211,75.04000091552734,77.41999816894531,409675.0,0.0,0.0,Crude Oil WTI,CL=F
2024-08-27 00:00:00-04:00,77.19999694824219,77.4800033569336,75.4000015258789,75.52999877929688,331162.0,0.0,0.0,Crude Oil WTI,CL=F
2024-08-28 00:00:00-04:00,75.75,75.94999694824219,73.81999969482422,74.5199966430664,337361.0,0.0,0.0,Crude Oil WTI,CL=F
2024-08-29 00:00:00-04:00,74.41999816894531,76.91000366210938,74.05000305175781,75.91000366210938,408147.0,0.0,0.0,Crude Oil WTI,CL=F
2024-08-30 00:00:00-04:00,75.87000274658203,76.58999633789062,73.36000061035156,73.55000305175781,427273.0,0.0,0.0,Crude Oil WTI,CL=F
2024-09-03 00:00:00-04:00,73.52999877929688,74.41000366210938,70.0999984741211,70.33999633789062,546617.0,0.0,0.0,Crude Oil WTI,CL=F
2024-09-04 00:00:00-04:00,70.27999877929688,71.45999908447266,68.81999969482422,69.19999694824219,482025.0,0.0,0.0,Crude Oil WTI,CL=F
2024-09-05 00:00:00-04:00,69.2699966430664,70.81999969482422,68.75,69.1500015258789,405596.0,0.0,0.0,Crude Oil WTI,CL=F
2024-09-06 00:00:00-04:00,69.33000183105469,70.12999725341797,67.16999816894531,67.66999816894531,351074.0,0.0,0.0,Crude Oil WTI,CL=F
2024-09-09 00:00:00-04:00,68.12999725341797,68.95999908447266,67.30999755859375,68.70999908447266,351074.0,0.0,0.0,Crude Oil WTI,CL=F
2024-09-10 00:00:00-04:00,68.77999877929688,69.08000183105469,65.2699966430664,65.75,442855.0,0.0,0.0,Crude Oil WTI,CL=F
2024-09-11 00:00:00-04:00,66.27999877929688,67.97000122070312,65.62999725341797,67.30999755859375,393311.0,0.0,0.0,Crude Oil WTI,CL=F
2024-09-12 00:00:00-04:00,67.38999938964844,69.80999755859375,67.23999786376953,68.97000122070312,351976.0,0.0,0.0,Crude Oil WTI,CL=F
2024-09-13 00:00:00-04:00,69.30999755859375,70.31999969482422,68.47000122070312,68.6500015258789,308983.0,0.0,0.0,Crude Oil WTI,CL=F
2024-09-16 00:00:00-04:00,69.16000366210938,70.69999694824219,68.6500015258789,70.08999633789062,295176.0,0.0,0.0,Crude Oil WTI,CL=F
2024-09-17 00:00:00-04:00,70.5,71.91999816894531,69.61000061035156,71.19000244140625,251629.0,0.0,0.0,Crude Oil WTI,CL=F
2024-09-18 00:00:00-04:00,71.13999938964844,71.4800033569336,69.7300033569336,70.91000366210938,102907.0,0.0,0.0,Crude Oil WTI,CL=F
2024-09-19 00:00:00-04:00,70.12999725341797,72.48999786376953,70.12999725341797,71.94999694824219,86630.0,0.0,0.0,Crude Oil WTI,CL=F
2024-09-20 00:00:00-04:00,72.0999984741211,72.4000015258789,71.36000061035156,71.91999816894531,306997.0,0.0,0.0,Crude Oil WTI,CL=F
2024-09-23 00:00:00-04:00,71.30999755859375,71.80999755859375,69.48999786376953,70.37000274658203,338267.0,0.0,0.0,Crude Oil WTI,CL=F
2024-09-24 00:00:00-04:00,70.76000213623047,72.4000015258789,70.44000244140625,71.55999755859375,318516.0,0.0,0.0,Crude Oil WTI,CL=F
2024-09-25 00:00:00-04:00,71.54000091552734,71.72000122070312,69.2300033569336,69.69000244140625,476237.0,0.0,0.0,Crude Oil WTI,CL=F
2024-09-26 00:00:00-04:00,69.88999938964844,70.01000213623047,66.94999694824219,67.66999816894531,478069.0,0.0,0.0,Crude Oil WTI,CL=F
2024-09-27 00:00:00-04:00,67.44999694824219,68.6500015258789,67.05999755859375,68.18000030517578,341133.0,0.0,0.0,Crude Oil WTI,CL=F
2024-09-30 00:00:00-04:00,68.62999725341797,69.31999969482422,67.56999969482422,68.16999816894531,350115.0,0.0,0.0,Crude Oil WTI,CL=F
2024-10-01 00:00:00-04:00,68.41000366210938,71.94000244140625,66.33000183105469,69.83000183105469,668216.0,0.0,0.0,Crude Oil WTI,CL=F
2024-10-02 00:00:00-04:00,70.80000305175781,72.48999786376953,69.87000274658203,70.0999984741211,429225.0,0.0,0.0,Crude Oil WTI,CL=F
2024-10-03 00:00:00-04:00,70.9800033569336,74.08999633789062,70.5199966430664,73.70999908447266,460554.0,0.0,0.0,Crude Oil WTI,CL=F
2024-10-04 00:00:00-04:00,73.94999694824219,75.56999969482422,73.45999908447266,74.37999725341797,428815.0,0.0,0.0,Crude Oil WTI,CL=F
2024-10-07 00:00:00-04:00,74.4000015258789,77.4000015258789,73.62000274658203,77.13999938964844,419018.0,0.0,0.0,Crude Oil WTI,CL=F
2024-10-08 00:00:00-04:00,77.33000183105469,78.45999908447266,72.69000244140625,73.56999969482422,496760.0,0.0,0.0,Crude Oil WTI,CL=F
2024-10-09 00:00:00-04:00,73.83999633789062,74.44999694824219,71.52999877929688,73.23999786376953,401159.0,0.0,0.0,Crude Oil WTI,CL=F
2024-10-10 00:00:00-04:00,73.38999938964844,76.23999786376953,73.26000213623047,75.8499984741211,321453.0,0.0,0.0,Crude Oil WTI,CL=F
2024-10-11 00:00:00-04:00,75.73999786376953,76.04000091552734,74.52999877929688,75.55999755859375,315302.0,0.0,0.0,Crude Oil WTI,CL=F
2024-10-14 00:00:00-04:00,75.05000305175781,75.08000183105469,71.80999755859375,73.83000183105469,273455.0,0.0,0.0,Crude Oil WTI,CL=F
2024-10-15 00:00:00-04:00,71.51000213623047,72.12000274658203,69.70999908447266,70.58000183105469,328738.0,0.0,0.0,Crude Oil WTI,CL=F
2024-10-16 00:00:00-04:00,70.98999786376953,71.30999755859375,69.63999938964844,70.38999938964844,222437.0,0.0,0.0,Crude Oil WTI,CL=F
2024-10-17 00:00:00-04:00,70.68000030517578,71.11000061035156,69.44000244140625,70.66999816894531,188161.0,0.0,0.0,Crude Oil WTI,CL=F
2024-10-18 00:00:00-04:00,70.75,71.2300033569336,68.69000244140625,69.22000122070312,95768.0,0.0,0.0,Crude Oil WTI,CL=F
2024-10-21 00:00:00-04:00,69.45999908447266,71.02999877929688,69.0,70.55999755859375,92584.0,0.0,0.0,Crude Oil WTI,CL=F
2024-10-22 00:00:00-04:00,70.48999786376953,72.66000366210938,70.05000305175781,72.08999633789062,330456.0,0.0,0.0,Crude Oil WTI,CL=F
2024-10-23 00:00:00-04:00,71.3499984741211,71.72000122070312,70.12999725341797,70.7699966430664,293835.0,0.0,0.0,Crude Oil WTI,CL=F
2024-10-24 00:00:00-04:00,71.0199966430664,72.33999633789062,69.7699966430664,70.19000244140625,286571.0,0.0,0.0,Crude Oil WTI,CL=F
2024-10-25 00:00:00-04:00,70.33000183105469,71.91999816894531,69.95999908447266,71.77999877929688,287189.0,0.0,0.0,Crude Oil WTI,CL=F
2024-10-28 00:00:00-04:00,68.9800033569336,69.0,66.91999816894531,67.37999725341797,419623.0,0.0,0.0,Crude Oil WTI,CL=F
2024-10-29 00:00:00-04:00,68.0199966430664,68.5199966430664,66.72000122070312,67.20999908447266,291929.0,0.0,0.0,Crude Oil WTI,CL=F
2024-10-30 00:00:00-04:00,67.47000122070312,69.16999816894531,67.27999877929688,68.61000061035156,284795.0,0.0,0.0,Crude Oil WTI,CL=F
2024-10-31 00:00:00-04:00,69.0999984741211,70.80999755859375,68.30000305175781,69.26000213623047,311055.0,0.0,0.0,Crude Oil WTI,CL=F
2024-11-01 00:00:00-04:00,70.44000244140625,71.44999694824219,69.31999969482422,69.48999786376953,320572.0,0.0,0.0,Crude Oil WTI,CL=F
2024-11-04 00:00:00-05:00,70.29000091552734,71.80999755859375,70.25,71.47000122070312,286947.0,0.0,0.0,Crude Oil WTI,CL=F
2024-11-05 00:00:00-05:00,71.62000274658203,72.66999816894531,71.29000091552734,71.98999786376953,247311.0,0.0,0.0,Crude Oil WTI,CL=F
2024-11-06 00:00:00-05:00,72.0199966430664,72.62999725341797,69.73999786376953,71.69000244140625,388265.0,0.0,0.0,Crude Oil WTI,CL=F
2024-11-07 00:00:00-05:00,71.87000274658203,72.87999725341797,70.66000366210938,72.36000061035156,353595.0,0.0,0.0,Crude Oil WTI,CL=F
2024-11-08 00:00:00-05:00,72.20999908447266,72.25,69.98999786376953,70.37999725341797,362038.0,0.0,0.0,Crude Oil WTI,CL=F
2024-11-11 00:00:00-05:00,70.25,70.55999755859375,67.91999816894531,68.04000091552734,364506.0,0.0,0.0,Crude Oil WTI,CL=F
2024-11-12 00:00:00-05:00,68.1500015258789,69.12999725341797,67.75,68.12000274658203,286926.0,0.0,0.0,Crude Oil WTI,CL=F
2024-11-13 00:00:00-05:00,67.9800033569336,68.86000061035156,66.94000244140625,68.43000030517578,386027.0,0.0,0.0,Crude Oil WTI,CL=F
2024-11-14 00:00:00-05:00,68.12999725341797,69.38999938964844,67.91999816894531,68.69999694824219,232270.0,0.0,0.0,Crude Oil WTI,CL=F
2024-11-15 00:00:00-05:00,68.62000274658203,68.69000244140625,66.81999969482422,67.0199966430664,205235.0,0.0,0.0,Crude Oil WTI,CL=F
2024-11-18 00:00:00-05:00,66.86000061035156,69.38999938964844,66.61000061035156,69.16000366210938,110375.0,0.0,0.0,Crude Oil WTI,CL=F
2024-11-19 00:00:00-05:00,69.01000213623047,69.69000244140625,68.44999694824219,69.38999938964844,89360.0,0.0,0.0,Crude Oil WTI,CL=F
2024-11-20 00:00:00-05:00,69.55000305175781,70.1500015258789,68.75,68.87000274658203,235637.0,0.0,0.0,Crude Oil WTI,CL=F
2024-11-21 00:00:00-05:00,69.04000091552734,70.37999725341797,68.86000061035156,70.0999984741211,283850.0,0.0,0.0,Crude Oil WTI,CL=F
2024-11-22 00:00:00-05:00,70.18000030517578,71.51000213623047,69.29000091552734,71.23999786376953,408207.0,0.0,0.0,Crude Oil WTI,CL=F
2024-11-25 00:00:00-05:00,71.44000244140625,71.4800033569336,68.73999786376953,68.94000244140625,380922.0,0.0,0.0,Crude Oil WTI,CL=F
2024-11-26 00:00:00-05:00,69.08000183105469,70.30000305175781,68.05000305175781,68.7699966430664,292138.0,0.0,0.0,Crude Oil WTI,CL=F
2024-11-27 00:00:00-05:00,68.91000366210938,69.37000274658203,68.18000030517578,68.72000122070312,227215.0,0.0,0.0,Crude Oil WTI,CL=F
2024-11-29 00:00:00-05:00,68.7699966430664,69.69000244140625,67.87000274658203,68.0,291408.0,0.0,0.0,Crude Oil WTI,CL=F
2024-12-02 00:00:00-05:00,68.0,69.11000061035156,67.70999908447266,68.0999984741211,264883.0,0.0,0.0,Crude Oil WTI,CL=F
2024-12-03 00:00:00-05:00,68.16000366210938,70.2300033569336,67.91000366210938,69.94000244140625,303752.0,0.0,0.0,Crude Oil WTI,CL=F
2024-12-04 00:00:00-05:00,70.0199966430664,70.51000213623047,68.48999786376953,68.54000091552734,325636.0,0.0,0.0,Crude Oil WTI,CL=F
2024-12-05 00:00:00-05:00,68.73999786376953,69.16000366210938,67.9800033569336,68.30000305175781,286701.0,0.0,0.0,Crude Oil WTI,CL=F
2024-12-06 00:00:00-05:00,68.44000244140625,68.48999786376953,66.9800033569336,67.19999694824219,341593.0,0.0,0.0,Crude Oil WTI,CL=F
2024-12-09 00:00:00-05:00,67.1500015258789,68.87999725341797,67.08000183105469,68.37000274658203,297085.0,0.0,0.0,Crude Oil WTI,CL=F
2024-12-10 00:00:00-05:00,68.19000244140625,69.05999755859375,67.72000122070312,68.58999633789062,286003.0,0.0,0.0,Crude Oil WTI,CL=F
2024-12-11 00:00:00-05:00,68.5,70.52999877929688,68.44000244140625,70.29000091552734,335892.0,0.0,0.0,Crude Oil WTI,CL=F
2024-12-12 00:00:00-05:00,70.43000030517578,70.72000122070312,69.13999938964844,70.0199966430664,326046.0,0.0,0.0,Crude Oil WTI,CL=F
2024-12-13 00:00:00-05:00,70.05999755859375,71.41999816894531,69.87000274658203,71.29000091552734,230429.0,0.0,0.0,Crude Oil WTI,CL=F
2024-12-16 00:00:00-05:00,71.44000244140625,71.44000244140625,70.37000274658203,70.70999908447266,204296.0,0.0,0.0,Crude Oil WTI,CL=F
2024-12-17 00:00:00-05:00,70.61000061035156,70.91999816894531,69.18000030517578,70.08000183105469,99604.0,0.0,0.0,Crude Oil WTI,CL=F
2024-12-18 00:00:00-05:00,70.22000122070312,71.37999725341797,69.98999786376953,70.58000183105469,99386.0,0.0,0.0,Crude Oil WTI,CL=F
2024-12-19 00:00:00-05:00,70.13999938964844,71.26000213623047,69.69999694824219,69.91000366210938,291660.0,0.0,0.0,Crude Oil WTI,CL=F
2024-12-20 00:00:00-05:00,69.2300033569336,69.8499984741211,68.41999816894531,69.45999908447266,231592.0,0.0,0.0,Crude Oil WTI,CL=F
2024-12-23 00:00:00-05:00,69.4000015258789,69.94000244140625,68.58999633789062,69.23999786376953,188843.0,0.0,0.0,Crude Oil WTI,CL=F
2024-12-24 00:00:00-05:00,69.55999755859375,70.43000030517578,69.36000061035156,70.0999984741211,122602.0,0.0,0.0,Crude Oil WTI,CL=F
2024-12-26 00:00:00-05:00,70.19999694824219,70.75,69.33000183105469,69.62000274658203,144877.0,0.0,0.0,Crude Oil WTI,CL=F
2024-12-27 00:00:00-05:00,69.68000030517578,70.75,69.44000244140625,70.5999984741211,172641.0,0.0,0.0,Crude Oil WTI,CL=F
2024-12-30 00:00:00-05:00,70.41999816894531,71.55999755859375,70.12000274658203,70.98999786376953,199296.0,0.0,0.0,Crude Oil WTI,CL=F
2024-12-31 00:00:00-05:00,71.1500015258789,72.0199966430664,70.87000274658203,71.72000122070312,151155.0,0.0,0.0,Crude Oil WTI,CL=F
2025-01-02 00:00:00-05:00,71.8499984741211,73.7300033569336,71.79000091552734,73.12999725341797,306498.0,0.0,0.0,Crude Oil WTI,CL=F
2025-01-03 00:00:00-05:00,73.12999725341797,74.3499984741211,72.69999694824219,73.95999908447266,296040.0,0.0,0.0,Crude Oil WTI,CL=F
2025-01-06 00:00:00-05:00,74.05000305175781,74.98999786376953,73.19999694824219,73.55999755859375,306042.0,0.0,0.0,Crude Oil WTI,CL=F
2025-01-07 00:00:00-05:00,73.44000244140625,74.52999877929688,73.11000061035156,74.25,277328.0,0.0,0.0,Crude Oil WTI,CL=F
2025-01-08 00:00:00-05:00,74.5199966430664,75.29000091552734,73.16000366210938,73.31999969482422,328617.0,0.0,0.0,Crude Oil WTI,CL=F
2025-01-09 00:00:00-05:00,73.31999969482422,74.31999969482422,72.83999633789062,73.91999816894531,213421.0,0.0,0.0,Crude Oil WTI,CL=F
2025-01-10 00:00:00-05:00,74.29000091552734,77.86000061035156,74.0199966430664,76.56999969482422,213421.0,0.0,0.0,Crude Oil WTI,CL=F
2024-01-03 00:00:00-05:00,75.98999786376953,78.66999816894531,74.79000091552734,78.25,32172.0,0.0,0.0,Crude Oil Brent,BZ=F
2024-01-04 00:00:00-05:00,78.5,79.4000015258789,76.5,77.58999633789062,33154.0,0.0,0.0,Crude Oil Brent,BZ=F
2024-01-05 00:00:00-05:00,77.5999984741211,79.25,77.5,78.76000213623047,30994.0,0.0,0.0,Crude Oil Brent,BZ=F
2024-01-08 00:00:00-05:00,78.5999984741211,78.94999694824219,75.26000213623047,76.12000274658203,32539.0,0.0,0.0,Crude Oil Brent,BZ=F
2024-01-09 00:00:00-05:00,76.36000061035156,78.18000030517578,75.95999908447266,77.58999633789062,27914.0,0.0,0.0,Crude Oil Brent,BZ=F
2024-01-10 00:00:00-05:00,77.45999908447266,78.7300033569336,76.37999725341797,76.80000305175781,34395.0,0.0,0.0,Crude Oil Brent,BZ=F
2024-01-11 00:00:00-05:00,76.73999786376953,79.08999633789062,76.6500015258789,77.41000366210938,35565.0,0.0,0.0,Crude Oil Brent,BZ=F
2024-01-12 00:00:00-05:00,78.45999908447266,80.73999786376953,77.93000030517578,78.29000091552734,31824.0,0.0,0.0,Crude Oil Brent,BZ=F
2024-01-16 00:00:00-05:00,78.08000183105469,79.38999938964844,76.83000183105469,78.29000091552734,46742.0,0.0,0.0,Crude Oil Brent,BZ=F
2024-01-17 00:00:00-05:00,77.86000061035156,78.18000030517578,76.5,77.87999725341797,35892.0,0.0,0.0,Crude Oil Brent,BZ=F
2024-01-18 00:00:00-05:00,78.05000305175781,79.30000305175781,77.33999633789062,79.0999984741211,28190.0,0.0,0.0,Crude Oil Brent,BZ=F
2024-01-19 00:00:00-05:00,78.9800033569336,79.75,78.33000183105469,78.55999755859375,23734.0,0.0,0.0,Crude Oil Brent,BZ=F
2024-01-22 00:00:00-05:00,78.8499984741211,80.55000305175781,77.81999969482422,80.05999755859375,27825.0,0.0,0.0,Crude Oil Brent,BZ=F
2024-01-23 00:00:00-05:00,79.91000366210938,80.44000244140625,78.69999694824219,79.55000305175781,27835.0,0.0,0.0,Crude Oil Brent,BZ=F
2024-01-24 00:00:00-05:00,79.73999786376953,80.73999786376953,79.05000305175781,80.04000091552734,22429.0,0.0,0.0,Crude Oil Brent,BZ=F
2024-01-25 00:00:00-05:00,80.30999755859375,82.55999755859375,80.06999969482422,82.43000030517578,21420.0,0.0,0.0,Crude Oil Brent,BZ=F
2024-01-26 00:00:00-05:00,82.38999938964844,83.83000183105469,81.31999969482422,83.55000305175781,19128.0,0.0,0.0,Crude Oil Brent,BZ=F
2024-01-29 00:00:00-05:00,84.12999725341797,84.79000091552734,82.04000091552734,82.4000015258789,12802.0,0.0,0.0,Crude Oil Brent,BZ=F
2024-01-30 00:00:00-05:00,82.56999969482422,83.25,81.33999633789062,82.87000274658203,7284.0,0.0,0.0,Crude Oil Brent,BZ=F
2024-01-31 00:00:00-05:00,82.58999633789062,82.80000305175781,81.70999908447266,81.70999908447266,33486.0,0.0,0.0,Crude Oil Brent,BZ=F
2024-02-01 00:00:00-05:00,80.66999816894531,81.55000305175781,78.58000183105469,78.69999694824219,48919.0,0.0,0.0,Crude Oil Brent,BZ=F
2024-02-02 00:00:00-05:00,78.91999816894531,79.44000244140625,76.86000061035156,77.33000183105469,32405.0,0.0,0.0,Crude Oil Brent,BZ=F
2024-02-05 00:00:00-05:00,77.66000366210938,78.33000183105469,76.62000274658203,77.98999786376953,24879.0,0.0,0.0,Crude Oil Brent,BZ=F
2024-02-06 00:00:00-05:00,77.94000244140625,79.06999969482422,77.6500015258789,78.58999633789062,24904.0,0.0,0.0,Crude Oil Brent,BZ=F
2024-02-07 00:00:00-05:00,78.69999694824219,79.47000122070312,78.48999786376953,79.20999908447266,26342.0,0.0,0.0,Crude Oil Brent,BZ=F
2024-02-08 00:00:00-05:00,79.37999725341797,81.88999938964844,79.0199966430664,81.62999725341797,32568.0,0.0,0.0,Crude Oil Brent,BZ=F
2024-02-09 00:00:00-05:00,81.7300033569336,82.45999908447266,81.20999908447266,82.19000244140625,26408.0,0.0,0.0,Crude Oil Brent,BZ=F
2024-02-12 00:00:00-05:00,81.76000213623047,82.20999908447266,80.79000091552734,82.0,22915.0,0.0,0.0,Crude Oil Brent,BZ=F
2024-02-13 00:00:00-05:00,82.05000305175781,83.2300033569336,81.95999908447266,82.7699966430664,29306.0,0.0,0.0,Crude Oil Brent,BZ=F
2024-02-14 00:00:00-05:00,82.66000366210938,83.61000061035156,81.38999938964844,81.5999984741211,28305.0,0.0,0.0,Crude Oil Brent,BZ=F
2024-02-15 00:00:00-05:00,81.5199966430664,83.25,80.72000122070312,82.86000061035156,31230.0,0.0,0.0,Crude Oil Brent,BZ=F
2024-02-16 00:00:00-05:00,82.83000183105469,83.66000366210938,81.9000015258789,83.47000122070312,34125.0,0.0,0.0,Crude Oil Brent,BZ=F
2024-02-20 00:00:00-05:00,83.30000305175781,83.62999725341797,82.05000305175781,82.33999633789062,34581.0,0.0,0.0,Crude Oil Brent,BZ=F
2024-02-21 00:00:00-05:00,82.55999755859375,83.16999816894531,81.66999816894531,83.02999877929688,23038.0,0.0,0.0,Crude Oil Brent,BZ=F
2024-02-22 00:00:00-05:00,83.16000366210938,83.97000122070312,82.33999633789062,83.66999816894531,27885.0,0.0,0.0,Crude Oil Brent,BZ=F
2024-02-23 00:00:00-05:00,83.41999816894531,83.4800033569336,81.44000244140625,81.62000274658203,19427.0,0.0,0.0,Crude Oil Brent,BZ=F
2024-02-26 00:00:00-05:00,81.58999633789062,83.05999755859375,81.0199966430664,82.52999877929688,15694.0,0.0,0.0,Crude Oil Brent,BZ=F
2024-02-27 00:00:00-05:00,82.55000305175781,83.73999786376953,82.0999984741211,83.6500015258789,10882.0,0.0,0.0,Crude Oil Brent,BZ=F
2024-02-28 00:00:00-05:00,83.4000015258789,84.30000305175781,82.62000274658203,83.68000030517578,6015.0,0.0,0.0,Crude Oil Brent,BZ=F
2024-02-29 00:00:00-05:00,83.6500015258789,83.73999786376953,83.04000091552734,83.62000274658203,27327.0,0.0,0.0,Crude Oil Brent,BZ=F
2024-03-01 00:00:00-05:00,81.97000122070312,84.3499984741211,81.80999755859375,83.55000305175781,30885.0,0.0,0.0,Crude Oil Brent,BZ=F
2024-03-04 00:00:00-05:00,83.58999633789062,84.06999969482422,82.58000183105469,82.80000305175781,26396.0,0.0,0.0,Crude Oil Brent,BZ=F
2024-03-05 00:00:00-05:00,82.97000122070312,83.13999938964844,81.7300033569336,82.04000091552734,37442.0,0.0,0.0,Crude Oil Brent,BZ=F
2024-03-06 00:00:00-05:00,82.08000183105469,84.05999755859375,81.88999938964844,82.95999908447266,35173.0,0.0,0.0,Crude Oil Brent,BZ=F
2024-03-07 00:00:00-05:00,82.83999633789062,83.47000122070312,82.06999969482422,82.95999908447266,32447.0,0.0,0.0,Crude Oil Brent,BZ=F
2024-03-08 00:00:00-05:00,83.33999633789062,83.83999633789062,81.70999908447266,82.08000183105469,26605.0,0.0,0.0,Crude Oil Brent,BZ=F
2024-03-11 00:00:00-04:00,81.91000366210938,82.7300033569336,81.08000183105469,82.20999908447266,28619.0,0.0,0.0,Crude Oil Brent,BZ=F
2024-03-12 00:00:00-04:00,82.43000030517578,83.01000213623047,81.69000244140625,81.91999816894531,29951.0,0.0,0.0,Crude Oil Brent,BZ=F
2024-03-13 00:00:00-04:00,82.38999938964844,84.22000122070312,81.97000122070312,84.02999877929688,34043.0,0.0,0.0,Crude Oil Brent,BZ=F
2024-03-14 00:00:00-04:00,83.9800033569336,85.68000030517578,83.94000244140625,85.41999816894531,34250.0,0.0,0.0,Crude Oil Brent,BZ=F
2024-03-15 00:00:00-04:00,85.12999725341797,85.55000305175781,84.62999725341797,85.33999633789062,23623.0,0.0,0.0,Crude Oil Brent,BZ=F
2024-03-18 00:00:00-04:00,85.37999725341797,87.18000030517578,85.26000213623047,86.88999938964844,33687.0,0.0,0.0,Crude Oil Brent,BZ=F
2024-03-19 00:00:00-04:00,86.8499984741211,87.70999908447266,86.48999786376953,87.37999725341797,30045.0,0.0,0.0,Crude Oil Brent,BZ=F
2024-03-20 00:00:00-04:00,87.22000122070312,87.3499984741211,85.58000183105469,85.94999694824219,35304.0,0.0,0.0,Crude Oil Brent,BZ=F
2024-03-21 00:00:00-04:00,86.16000366210938,86.63999938964844,85.05000305175781,85.77999877929688,23829.0,0.0,0.0,Crude Oil Brent,BZ=F
2024-03-22 00:00:00-04:00,85.55000305175781,86.1500015258789,85.11000061035156,85.43000030517578,14778.0,0.0,0.0,Crude Oil Brent,BZ=F
2024-03-25 00:00:00-04:00,85.5999984741211,87.18000030517578,85.4000015258789,86.75,21176.0,0.0,0.0,Crude Oil Brent,BZ=F
2024-03-26 00:00:00-04:00,86.7699966430664,87.05000305175781,85.80999755859375,86.25,12736.0,0.0,0.0,Crude Oil Brent,BZ=F
2024-03-27 00:00:00-04:00,85.97000122070312,86.36000061035156,85.18000030517578,86.08999633789062,8449.0,0.0,0.0,Crude Oil Brent,BZ=F
2024-03-28 00:00:00-04:00,86.52999877929688,87.4800033569336,86.31999969482422,87.4800033569336,30759.0,0.0,0.0,Crude Oil Brent,BZ=F
2024-04-01 00:00:00-04:00,86.93000030517578,87.98999786376953,86.4000015258789,87.41999816894531,29598.0,0.0,0.0,Crude Oil Brent,BZ=F
2024-04-02 00:00:00-04:00,87.80000305175781,89.27999877929688,87.6500015258789,88.91999816894531,40754.0,0.0,0.0,Crude Oil Brent,BZ=F
2024-04-03 00:00:00-04:00,89.20999908447266,89.9800033569336,88.68000030517578,89.3499984741211,35138.0,0.0,0.0,Crude Oil Brent,BZ=F
2024-04-04 00:00:00-04:00,89.5,91.30000305175781,88.7300033569336,90.6500015258789,38764.0,0.0,0.0,Crude Oil Brent,BZ=F
2024-04-05 00:00:00-04:00,91.01000213623047,91.91000366210938,90.56999969482422,91.16999816894531,37391.0,0.0,0.0,Crude Oil Brent,BZ=F
2024-04-08 00:00:00-04:00,90.30999755859375,91.0999984741211,88.80000305175781,90.37999725341797,39142.0,0.0,0.0,Crude Oil Brent,BZ=F
2024-04-09 00:00:00-04:00,90.55000305175781,90.94000244140625,89.2699966430664,89.41999816894531,33993.0,0.0,0.0,Crude Oil Brent,BZ=F
2024-04-10 00:00:00-04:00,89.51000213623047,90.66000366210938,88.83000183105469,90.4800033569336,51136.0,0.0,0.0,Crude Oil Brent,BZ=F
2024-04-11 00:00:00-04:00,90.54000091552734,90.91999816894531,89.37000274658203,89.73999786376953,47337.0,0.0,0.0,Crude Oil Brent,BZ=F
2024-04-12 00:00:00-04:00,90.29000091552734,92.18000030517578,90.01000213623047,90.44999694824219,43560.0,0.0,0.0,Crude Oil Brent,BZ=F
2024-04-15 00:00:00-04:00,90.37000274658203,91.1500015258789,88.7300033569336,90.0999984741211,35488.0,0.0,0.0,Crude Oil Brent,BZ=F
2024-04-16 00:00:00-04:00,90.43000030517578,90.83000183105469,89.41000366210938,90.0199966430664,34348.0,0.0,0.0,Crude Oil Brent,BZ=F
2024-04-17 00:00:00-04:00,90.05000305175781,90.1500015258789,87.13999938964844,87.29000091552734,45933.0,0.0,0.0,Crude Oil Brent,BZ=F
2024-04-18 00:00:00-04:00,87.44000244140625,87.79000091552734,86.0999984741211,87.11000061035156,38630.0,0.0,0.0,Crude Oil Brent,BZ=F
2024-04-19 00:00:00-04:00,86.95999908447266,90.77999877929688,86.16000366210938,87.29000091552734,45203.0,0.0,0.0,Crude Oil Brent,BZ=F
2024-04-22 00:00:00-04:00,87.04000091552734,87.25,85.79000091552734,87.0,32395.0,0.0,0.0,Crude Oil Brent,BZ=F
2024-04-23 00:00:00-04:00,87.2300033569336,88.48999786376953,86.04000091552734,88.41999816894531,35381.0,0.0,0.0,Crude Oil Brent,BZ=F
2024-04-24 00:00:00-04:00,88.45999908447266,88.80000305175781,87.6500015258789,88.0199966430664,26662.0,0.0,0.0,Crude Oil Brent,BZ=F
2024-04-25 00:00:00-04:00,88.11000061035156,89.26000213623047,87.29000091552734,89.01000213623047,24588.0,0.0,0.0,Crude Oil Brent,BZ=F
2024-04-26 00:00:00-04:00,89.20999908447266,89.83000183105469,88.80000305175781,89.5,15475.0,0.0,0.0,Crude Oil Brent,BZ=F
2024-04-29 00:00:00-04:00,89.25,89.30000305175781,88.0999984741211,88.4000015258789,15093.0,0.0,0.0,Crude Oil Brent,BZ=F
2024-04-30 00:00:00-04:00,88.31999969482422,88.70999908447266,87.47000122070312,87.86000061035156,39816.0,0.0,0.0,Crude Oil Brent,BZ=F
2024-05-01 00:00:00-04:00,85.95999908447266,85.95999908447266,83.29000091552734,83.44000244140625,48165.0,0.0,0.0,Crude Oil Brent,BZ=F
2024-05-02 00:00:00-04:00,83.55999755859375,84.41999816894531,83.02999877929688,83.66999816894531,39951.0,0.0,0.0,Crude Oil Brent,BZ=F
2024-05-03 00:00:00-04:00,83.80000305175781,84.4000015258789,82.80000305175781,82.95999908447266,31511.0,0.0,0.0,Crude Oil Brent,BZ=F
2024-05-06 00:00:00-04:00,82.9800033569336,83.81999969482422,82.76000213623047,83.33000183105469,23246.0,0.0,0.0,Crude Oil Brent,BZ=F
2024-05-07 00:00:00-04:00,83.58999633789062,83.87000274658203,82.4000015258789,83.16000366210938,33414.0,0.0,0.0,Crude Oil Brent,BZ=F
2024-05-08 00:00:00-04:00,83.04000091552734,83.81999969482422,81.72000122070312,83.58000183105469,35419.0,0.0,0.0,Crude Oil Brent,BZ=F
2024-05-09 00:00:00-04:00,83.77999877929688,84.33000183105469,83.45999908447266,83.87999725341797,25231.0,0.0,0.0,Crude Oil Brent,BZ=F
2024-05-10 00:00:00-04:00,84.20999908447266,84.5199966430664,82.70999908447266,82.79000091552734,25062.0,0.0,0.0,Crude Oil Brent,BZ=F
2024-05-13 00:00:00-04:00,82.69999694824219,83.83000183105469,82.26000213623047,83.36000061035156,29242.0,0.0,0.0,Crude Oil Brent,BZ=F
2024-05-14 00:00:00-04:00,83.5,83.62000274658203,82.0999984741211,82.37999725341797,33169.0,0.0,0.0,Crude Oil Brent,BZ=F
2024-05-15 00:00:00-04:00,82.7699966430664,83.06999969482422,81.05999755859375,82.75,41744.0,0.0,0.0,Crude Oil Brent,BZ=F
2024-05-16 00:00:00-04:00,82.93000030517578,83.77999877929688,82.30999755859375,83.2699966430664,27576.0,0.0,0.0,Crude Oil Brent,BZ=F
2024-05-17 00:00:00-04:00,83.44000244140625,84.04000091552734,83.08999633789062,83.9800033569336,23516.0,0.0,0.0,Crude Oil Brent,BZ=F
2024-05-20 00:00:00-04:00,84.0,84.5,83.12000274658203,83.70999908447266,22320.0,0.0,0.0,Crude Oil Brent,BZ=F
2024-05-21 00:00:00-04:00,83.69999694824219,83.73999786376953,82.05999755859375,82.87999725341797,29726.0,0.0,0.0,Crude Oil Brent,BZ=F
2024-05-22 00:00:00-04:00,82.4800033569336,82.63999938964844,81.58000183105469,81.9000015258789,32042.0,0.0,0.0,Crude Oil Brent,BZ=F
2024-05-23 00:00:00-04:00,81.69000244140625,82.97000122070312,80.93000030517578,81.36000061035156,27035.0,0.0,0.0,Crude Oil Brent,BZ=F
2024-05-24 00:00:00-04:00,81.54000091552734,82.44999694824219,80.66000366210938,82.12000274658203,17991.0,0.0,0.0,Crude Oil Brent,BZ=F
2024-05-28 00:00:00-04:00,82.1500015258789,84.62999725341797,82.06999969482422,84.22000122070312,23477.0,0.0,0.0,Crude Oil Brent,BZ=F
2024-05-29 00:00:00-04:00,84.62000274658203,85.01000213623047,83.30000305175781,83.5999984741211,15987.0,0.0,0.0,Crude Oil Brent,BZ=F
2024-05-30 00:00:00-04:00,83.5,83.76000213623047,81.81999969482422,81.86000061035156,9220.0,0.0,0.0,Crude Oil Brent,BZ=F
2024-05-31 00:00:00-04:00,81.77999877929688,82.12000274658203,81.18000030517578,81.62000274658203,33414.0,0.0,0.0,Crude Oil Brent,BZ=F
2024-06-03 00:00:00-04:00,81.19000244140625,81.62999725341797,78.08999633789062,78.36000061035156,42771.0,0.0,0.0,Crude Oil Brent,BZ=F
2024-06-04 00:00:00-04:00,78.16000366210938,78.20999908447266,76.75,77.5199966430664,41209.0,0.0,0.0,Crude Oil Brent,BZ=F
2024-06-05 00:00:00-04:00,77.16999816894531,78.5999984741211,77.13999938964844,78.41000366210938,37039.0,0.0,0.0,Crude Oil Brent,BZ=F
2024-06-06 00:00:00-04:00,78.58000183105469,80.06999969482422,78.37000274658203,79.87000274658203,36186.0,0.0,0.0,Crude Oil Brent,BZ=F
2024-06-07 00:00:00-04:00,80.0199966430664,80.37999725341797,79.33000183105469,79.62000274658203,26371.0,0.0,0.0,Crude Oil Brent,BZ=F
2024-06-10 00:00:00-04:00,79.41000366210938,82.16000366210938,79.3499984741211,81.62999725341797,36413.0,0.0,0.0,Crude Oil Brent,BZ=F
2024-06-11 00:00:00-04:00,81.97000122070312,82.36000061035156,81.19999694824219,81.91999816894531,35178.0,0.0,0.0,Crude Oil Brent,BZ=F
2024-06-12 00:00:00-04:00,82.12000274658203,83.33999633789062,81.97000122070312,82.5999984741211,40802.0,0.0,0.0,Crude Oil Brent,BZ=F
2024-06-13 00:00:00-04:00,82.54000091552734,83.04000091552734,81.80000305175781,82.75,39191.0,0.0,0.0,Crude Oil Brent,BZ=F
2024-06-14 00:00:00-04:00,82.13999938964844,83.38999938964844,81.91999816894531,82.62000274658203,39346.0,0.0,0.0,Crude Oil Brent,BZ=F
2024-06-17 00:00:00-04:00,82.62000274658203,84.55000305175781,82.11000061035156,84.25,32978.0,0.0,0.0,Crude Oil Brent,BZ=F
2024-06-18 00:00:00-04:00,84.4000015258789,85.4800033569336,83.66000366210938,85.33000183105469,45690.0,0.0,0.0,Crude Oil Brent,BZ=F
2024-06-20 00:00:00-04:00,85.37999725341797,85.97000122070312,84.88999938964844,85.70999908447266,52543.0,0.0,0.0,Crude Oil Brent,BZ=F
2024-06-21 00:00:00-04:00,85.68000030517578,86.2300033569336,84.83999633789062,85.23999786376953,25055.0,0.0,0.0,Crude Oil Brent,BZ=F
2024-06-24 00:00:00-04:00,85.08999633789062,86.16999816894531,84.7300033569336,86.01000213623047,28043.0,0.0,0.0,Crude Oil Brent,BZ=F
2024-06-25 00:00:00-04:00,86.1500015258789,86.31999969482422,84.76000213623047,85.01000213623047,26591.0,0.0,0.0,Crude Oil Brent,BZ=F
2024-06-26 00:00:00-04:00,84.88999938964844,85.81999969482422,84.4800033569336,85.25,18107.0,0.0,0.0,Crude Oil Brent,BZ=F
2024-06-27 00:00:00-04:00,85.25,86.51000213623047,84.88999938964844,86.38999938964844,11216.0,0.0,0.0,Crude Oil Brent,BZ=F
2024-06-28 00:00:00-04:00,86.54000091552734,87.2300033569336,86.29000091552734,86.41000366210938,38920.0,0.0,0.0,Crude Oil Brent,BZ=F
2024-07-01 00:00:00-04:00,84.9000015258789,86.87999725341797,84.87999725341797,86.5999984741211,55468.0,0.0,0.0,Crude Oil Brent,BZ=F
2024-07-02 00:00:00-04:00,86.69000244140625,87.44999694824219,86.16999816894531,86.23999786376953,52311.0,0.0,0.0,Crude Oil Brent,BZ=F
2024-07-03 00:00:00-04:00,86.5,87.37999725341797,85.88999938964844,87.33999633789062,39021.0,0.0,0.0,Crude Oil Brent,BZ=F
2024-07-05 00:00:00-04:00,87.02999877929688,87.94999694824219,86.48999786376953,86.54000091552734,51456.0,0.0,0.0,Crude Oil Brent,BZ=F
2024-07-08 00:00:00-04:00,86.75,86.91000366210938,85.55000305175781,85.75,36568.0,0.0,0.0,Crude Oil Brent,BZ=F
2024-07-09 00:00:00-04:00,85.68000030517578,85.8499984741211,84.54000091552734,84.66000366210938,44667.0,0.0,0.0,Crude Oil Brent,BZ=F
2024-07-10 00:00:00-04:00,85.01000213623047,85.6500015258789,84.0,85.08000183105469,51274.0,0.0,0.0,Crude Oil Brent,BZ=F
2024-07-11 00:00:00-04:00,85.41999816894531,85.88999938964844,84.6500015258789,85.4000015258789,47743.0,0.0,0.0,Crude Oil Brent,BZ=F
2024-07-12 00:00:00-04:00,85.58999633789062,86.33999633789062,84.95999908447266,85.02999877929688,48430.0,0.0,0.0,Crude Oil Brent,BZ=F
2024-07-15 00:00:00-04:00,85.02999877929688,85.36000061035156,84.41000366210938,84.8499984741211,36586.0,0.0,0.0,Crude Oil Brent,BZ=F
2024-07-16 00:00:00-04:00,84.86000061035156,84.87000274658203,83.30000305175781,83.7300033569336,45546.0,0.0,0.0,Crude Oil Brent,BZ=F
2024-07-17 00:00:00-04:00,83.83999633789062,85.19999694824219,83.44000244140625,85.08000183105469,44273.0,0.0,0.0,Crude Oil Brent,BZ=F
2024-07-18 00:00:00-04:00,85.19999694824219,85.81999969482422,84.22000122070312,85.11000061035156,45867.0,0.0,0.0,Crude Oil Brent,BZ=F
2024-07-19 00:00:00-04:00,84.80000305175781,85.3499984741211,82.56999969482422,82.62999725341797,45739.0,0.0,0.0,Crude Oil Brent,BZ=F
2024-07-22 00:00:00-04:00,82.83000183105469,83.20999908447266,81.58999633789062,82.4000015258789,36408.0,0.0,0.0,Crude Oil Brent,BZ=F
2024-07-23 00:00:00-04:00,82.20999908447266,82.77999877929688,80.5199966430664,81.01000213623047,45436.0,0.0,0.0,Crude Oil Brent,BZ=F
2024-07-24 00:00:00-04:00,81.48999786376953,82.22000122070312,80.94000244140625,81.70999908447266,47261.0,0.0,0.0,Crude Oil Brent,BZ=F
2024-07-25 00:00:00-04:00,81.52999877929688,82.5199966430664,80.08999633789062,82.37000274658203,51868.0,0.0,0.0,Crude Oil Brent,BZ=F
2024-07-26 00:00:00-04:00,82.44999694824219,82.69000244140625,80.31999969482422,81.12999725341797,27491.0,0.0,0.0,Crude Oil Brent,BZ=F
2024-07-29 00:00:00-04:00,81.0199966430664,81.72000122070312,79.37999725341797,79.77999877929688,22531.0,0.0,0.0,Crude Oil Brent,BZ=F
2024-07-30 00:00:00-04:00,79.83999633789062,79.94999694824219,78.41999816894531,78.62999725341797,15035.0,0.0,0.0,Crude Oil Brent,BZ=F
2024-07-31 00:00:00-04:00,79.05999755859375,80.83999633789062,79.0,80.72000122070312,54838.0,0.0,0.0,Crude Oil Brent,BZ=F
2024-08-01 00:00:00-04:00,81.51000213623047,81.80000305175781,79.44000244140625,79.5199966430664,44000.0,0.0,0.0,Crude Oil Brent,BZ=F
2024-08-02 00:00:00-04:00,80.04000091552734,80.44999694824219,76.41999816894531,76.80999755859375,58894.0,0.0,0.0,Crude Oil Brent,BZ=F
2024-08-05 00:00:00-04:00,77.44000244140625,77.75,75.05000305175781,76.30000305175781,59442.0,0.0,0.0,Crude Oil Brent,BZ=F
2024-08-06 00:00:00-04:00,77.2300033569336,77.80000305175781,75.58999633789062,76.4800033569336,45238.0,0.0,0.0,Crude Oil Brent,BZ=F
2024-08-07 00:00:00-04:00,76.19999694824219,78.86000061035156,75.94999694824219,78.33000183105469,49730.0,0.0,0.0,Crude Oil Brent,BZ=F
2024-08-08 00:00:00-04:00,78.4800033569336,79.37000274658203,77.62999725341797,79.16000366210938,40462.0,0.0,0.0,Crude Oil Brent,BZ=F
2024-08-09 00:00:00-04:00,79.01000213623047,79.81999969482422,78.7699966430664,79.66000366210938,32227.0,0.0,0.0,Crude Oil Brent,BZ=F
2024-08-12 00:00:00-04:00,79.66999816894531,82.4000015258789,79.4800033569336,82.30000305175781,45234.0,0.0,0.0,Crude Oil Brent,BZ=F
2024-08-13 00:00:00-04:00,81.98999786376953,82.30000305175781,80.55000305175781,80.69000244140625,50485.0,0.0,0.0,Crude Oil Brent,BZ=F
2024-08-14 00:00:00-04:00,80.9800033569336,81.44000244140625,79.61000061035156,79.76000213623047,50327.0,0.0,0.0,Crude Oil Brent,BZ=F
2024-08-15 00:00:00-04:00,79.98999786376953,81.41000366210938,79.6500015258789,81.04000091552734,33165.0,0.0,0.0,Crude Oil Brent,BZ=F
2024-08-16 00:00:00-04:00,80.95999908447266,81.0,78.63999938964844,79.68000030517578,33753.0,0.0,0.0,Crude Oil Brent,BZ=F
2024-08-19 00:00:00-04:00,79.6500015258789,79.75,77.5,77.66000366210938,45853.0,0.0,0.0,Crude Oil Brent,BZ=F
2024-08-20 00:00:00-04:00,77.73999786376953,78.33999633789062,76.54000091552734,77.19999694824219,39162.0,0.0,0.0,Crude Oil Brent,BZ=F
2024-08-21 00:00:00-04:00,77.08000183105469,78.19999694824219,75.6500015258789,76.05000305175781,45081.0,0.0,0.0,Crude Oil Brent,BZ=F
2024-08-22 00:00:00-04:00,76.16000366210938,77.69999694824219,75.77999877929688,77.22000122070312,33822.0,0.0,0.0,Crude Oil Brent,BZ=F
2024-08-23 00:00:00-04:00,77.12000274658203,79.26000213623047,77.05000305175781,79.0199966430664,19275.0,0.0,0.0,Crude Oil Brent,BZ=F
2024-08-26 00:00:00-04:00,79.31999969482422,81.58000183105469,79.23999786376953,81.43000030517578,25997.0,0.0,0.0,Crude Oil Brent,BZ=F
2024-08-27 00:00:00-04:00,81.22000122070312,81.56999969482422,79.4800033569336,79.55000305175781,21261.0,0.0,0.0,Crude Oil Brent,BZ=F
2024-08-28 00:00:00-04:00,79.83999633789062,80.01000213623047,77.93000030517578,78.6500015258789,16512.0,0.0,0.0,Crude Oil Brent,BZ=F
2024-08-29 00:00:00-04:00,78.36000061035156,80.79000091552734,78.11000061035156,79.94000244140625,9726.0,0.0,0.0,Crude Oil Brent,BZ=F
2024-08-30 00:00:00-04:00,79.5199966430664,80.5,78.5999984741211,78.80000305175781,50268.0,0.0,0.0,Crude Oil Brent,BZ=F
2024-09-03 00:00:00-04:00,76.88999938964844,77.61000061035156,73.5199966430664,73.75,70646.0,0.0,0.0,Crude Oil Brent,BZ=F
2024-09-04 00:00:00-04:00,73.68000030517578,74.79000091552734,72.3499984741211,72.69999694824219,56979.0,0.0,0.0,Crude Oil Brent,BZ=F
2024-09-05 00:00:00-04:00,72.62000274658203,74.18000030517578,72.36000061035156,72.69000244140625,47879.0,0.0,0.0,Crude Oil Brent,BZ=F
2024-09-06 00:00:00-04:00,72.8499984741211,73.5199966430664,70.62000274658203,71.05999755859375,36035.0,0.0,0.0,Crude Oil Brent,BZ=F
2024-09-09 00:00:00-04:00,71.5199966430664,72.22000122070312,70.6500015258789,71.83999633789062,35995.0,0.0,0.0,Crude Oil Brent,BZ=F
2024-09-10 00:00:00-04:00,71.9000015258789,72.26000213623047,68.69000244140625,69.19000244140625,47963.0,0.0,0.0,Crude Oil Brent,BZ=F
2024-09-11 00:00:00-04:00,69.68000030517578,71.08000183105469,69.01000213623047,70.61000061035156,42995.0,0.0,0.0,Crude Oil Brent,BZ=F
2024-09-12 00:00:00-04:00,70.72000122070312,72.86000061035156,70.58999633789062,71.97000122070312,42690.0,0.0,0.0,Crude Oil Brent,BZ=F
2024-09-13 00:00:00-04:00,72.37000274658203,73.2300033569336,71.4800033569336,71.61000061035156,34281.0,0.0,0.0,Crude Oil Brent,BZ=F
2024-09-16 00:00:00-04:00,72.0199966430664,73.37999725341797,71.5199966430664,72.75,36417.0,0.0,0.0,Crude Oil Brent,BZ=F
2024-09-17 00:00:00-04:00,73.01000213623047,74.2699966430664,72.16999816894531,73.69999694824219,38565.0,0.0,0.0,Crude Oil Brent,BZ=F
2024-09-18 00:00:00-04:00,73.68000030517578,74.08999633789062,72.30999755859375,73.6500015258789,35693.0,0.0,0.0,Crude Oil Brent,BZ=F
2024-09-19 00:00:00-04:00,72.9000015258789,75.19000244140625,72.87999725341797,74.87999725341797,36126.0,0.0,0.0,Crude Oil Brent,BZ=F
2024-09-20 00:00:00-04:00,74.87999725341797,75.01000213623047,74.0,74.48999786376953,27358.0,0.0,0.0,Crude Oil Brent,BZ=F
2024-09-23 00:00:00-04:00,74.76000213623047,75.16000366210938,73.11000061035156,73.9000015258789,29116.0,0.0,0.0,Crude Oil Brent,BZ=F
2024-09-24 00:00:00-04:00,74.27999877929688,75.87000274658203,73.97000122070312,75.16999816894531,31341.0,0.0,0.0,Crude Oil Brent,BZ=F
2024-09-25 00:00:00-04:00,75.12999725341797,75.31999969482422,73.04000091552734,73.45999908447266,31571.0,0.0,0.0,Crude Oil Brent,BZ=F
2024-09-26 00:00:00-04:00,73.47000122070312,73.7699966430664,70.7699966430664,71.5999984741211,18234.0,0.0,0.0,Crude Oil Brent,BZ=F
2024-09-27 00:00:00-04:00,71.23999786376953,72.36000061035156,70.93000030517578,71.9800033569336,7872.0,0.0,0.0,Crude Oil Brent,BZ=F
2024-09-30 00:00:00-04:00,71.83999633789062,73.0999984741211,71.38999938964844,71.7699966430664,41928.0,0.0,0.0,Crude Oil Brent,BZ=F
2024-10-01 00:00:00-04:00,72.0,75.44999694824219,69.91000366210938,73.55999755859375,90111.0,0.0,0.0,Crude Oil Brent,BZ=F
2024-10-02 00:00:00-04:00,74.4000015258789,76.12999725341797,73.58999633789062,73.9000015258789,53911.0,0.0,0.0,Crude Oil Brent,BZ=F
2024-10-03 00:00:00-04:00,74.7300033569336,77.97000122070312,74.30999755859375,77.62000274658203,68997.0,0.0,0.0,Crude Oil Brent,BZ=F
2024-10-04 00:00:00-04:00,77.98999786376953,79.30000305175781,77.38999938964844,78.05000305175781,57481.0,0.0,0.0,Crude Oil Brent,BZ=F
2024-10-07 00:00:00-04:00,78.01000213623047,81.16000366210938,77.26000213623047,80.93000030517578,55050.0,0.0,0.0,Crude Oil Brent,BZ=F
2024-10-08 00:00:00-04:00,81.16000366210938,82.08000183105469,76.37000274658203,77.18000030517578,66184.0,0.0,0.0,Crude Oil Brent,BZ=F
2024-10-09 00:00:00-04:00,77.5199966430664,78.0199966430664,75.1500015258789,76.58000183105469,46931.0,0.0,0.0,Crude Oil Brent,BZ=F
2024-10-10 00:00:00-04:00,76.75,79.72000122070312,76.73999786376953,79.4000015258789,43562.0,0.0,0.0,Crude Oil Brent,BZ=F
2024-10-11 00:00:00-04:00,79.2300033569336,79.48999786376953,78.05000305175781,79.04000091552734,44341.0,0.0,0.0,Crude Oil Brent,BZ=F
2024-10-14 00:00:00-04:00,78.5999984741211,78.5999984741211,75.38999938964844,77.45999908447266,35593.0,0.0,0.0,Crude Oil Brent,BZ=F
2024-10-15 00:00:00-04:00,75.20999908447266,75.62999725341797,73.33000183105469,74.25,47877.0,0.0,0.0,Crude Oil Brent,BZ=F
2024-10-16 00:00:00-04:00,74.72000122070312,74.91999816894531,73.41999816894531,74.22000122070312,40980.0,0.0,0.0,Crude Oil Brent,BZ=F
2024-10-17 00:00:00-04:00,74.5,74.91000366210938,73.25,74.44999694824219,36901.0,0.0,0.0,Crude Oil Brent,BZ=F
2024-10-18 00:00:00-04:00,74.5199966430664,74.94000244140625,72.48999786376953,73.05999755859375,34009.0,0.0,0.0,Crude Oil Brent,BZ=F
2024-10-21 00:00:00-04:00,73.13999938964844,74.55999755859375,72.80000305175781,74.29000091552734,29891.0,0.0,0.0,Crude Oil Brent,BZ=F
2024-10-22 00:00:00-04:00,74.13999938964844,76.31999969482422,73.56999969482422,76.04000091552734,36505.0,0.0,0.0,Crude Oil Brent,BZ=F
2024-10-23 00:00:00-04:00,75.6500015258789,76.01000213623047,74.44000244140625,74.95999908447266,28090.0,0.0,0.0,Crude Oil Brent,BZ=F
2024-10-24 00:00:00-04:00,75.20999908447266,76.52999877929688,74.0,74.37999725341797,23845.0,0.0,0.0,Crude Oil Brent,BZ=F
2024-10-25 00:00:00-04:00,74.55000305175781,76.13999938964844,74.16999816894531,76.05000305175781,20056.0,0.0,0.0,Crude Oil Brent,BZ=F
2024-10-28 00:00:00-04:00,74.0,74.0,71.16999816894531,71.41999816894531,28003.0,0.0,0.0,Crude Oil Brent,BZ=F
2024-10-29 00:00:00-04:00,72.11000061035156,72.56999969482422,70.7300033569336,71.12000274658203,16776.0,0.0,0.0,Crude Oil Brent,BZ=F
2024-10-30 00:00:00-04:00,71.31999969482422,73.08000183105469,71.16000366210938,72.55000305175781,11034.0,0.0,0.0,Crude Oil Brent,BZ=F
2024-10-31 00:00:00-04:00,72.76000213623047,73.36000061035156,72.37000274658203,73.16000366210938,36772.0,0.0,0.0,Crude Oil Brent,BZ=F
2024-11-01 00:00:00-04:00,74.12999725341797,74.94999694824219,72.88999938964844,73.0999984741211,32059.0,0.0,0.0,Crude Oil Brent,BZ=F
2024-11-04 00:00:00-05:00,73.7300033569336,75.38999938964844,73.7300033569336,75.08000183105469,31292.0,0.0,0.0,Crude Oil Brent,BZ=F
2024-11-05 00:00:00-05:00,75.19999694824219,76.2300033569336,74.91999816894531,75.52999877929688,40233.0,0.0,0.0,Crude Oil Brent,BZ=F
2024-11-06 00:00:00-05:00,75.48999786376953,76.01000213623047,73.3499984741211,74.91999816894531,57996.0,0.0,0.0,Crude Oil Brent,BZ=F
2024-11-07 00:00:00-05:00,75.11000061035156,76.06999969482422,74.05000305175781,75.62999725341797,41262.0,0.0,0.0,Crude Oil Brent,BZ=F
2024-11-08 00:00:00-05:00,75.5199966430664,75.62000274658203,73.44000244140625,73.87000274658203,35855.0,0.0,0.0,Crude Oil Brent,BZ=F
2024-11-11 00:00:00-05:00,73.73999786376953,74.12999725341797,71.58999633789062,71.83000183105469,33838.0,0.0,0.0,Crude Oil Brent,BZ=F
2024-11-12 00:00:00-05:00,71.91999816894531,72.81999969482422,71.55999755859375,71.88999938964844,38295.0,0.0,0.0,Crude Oil Brent,BZ=F
2024-11-13 00:00:00-05:00,71.77999877929688,72.62000274658203,70.75,72.27999877929688,43666.0,0.0,0.0,Crude Oil Brent,BZ=F
2024-11-14 00:00:00-05:00,71.98999786376953,73.22000122070312,71.80000305175781,72.55999755859375,32367.0,0.0,0.0,Crude Oil Brent,BZ=F
2024-11-15 00:00:00-05:00,72.43000030517578,72.47000122070312,70.83999633789062,71.04000091552734,30126.0,0.0,0.0,Crude Oil Brent,BZ=F
2024-11-18 00:00:00-05:00,70.87999725341797,73.45999908447266,70.69999694824219,73.30000305175781,30425.0,0.0,0.0,Crude Oil Brent,BZ=F
2024-11-19 00:00:00-05:00,73.18000030517578,73.87000274658203,72.61000061035156,73.30999755859375,32668.0,0.0,0.0,Crude Oil Brent,BZ=F
2024-11-20 00:00:00-05:00,73.33999633789062,73.94000244140625,72.69999694824219,72.80999755859375,26041.0,0.0,0.0,Crude Oil Brent,BZ=F
2024-11-21 00:00:00-05:00,73.12000274658203,74.37000274658203,72.91000366210938,74.2300033569336,35756.0,0.0,0.0,Crude Oil Brent,BZ=F
2024-11-22 00:00:00-05:00,74.29000091552734,75.41999816894531,73.51000213623047,75.16999816894531,29569.0,0.0,0.0,Crude Oil Brent,BZ=F
2024-11-25 00:00:00-05:00,75.20999908447266,75.30999755859375,72.8499984741211,73.01000213623047,29335.0,0.0,0.0,Crude Oil Brent,BZ=F
2024-11-26 00:00:00-05:00,73.12000274658203,74.33000183105469,72.12000274658203,72.80999755859375,17616.0,0.0,0.0,Crude Oil Brent,BZ=F
2024-11-27 00:00:00-05:00,72.94000244140625,73.3499984741211,72.2699966430664,72.83000183105469,10246.0,0.0,0.0,Crude Oil Brent,BZ=F
2024-11-29 00:00:00-05:00,72.91999816894531,73.5,72.12000274658203,72.94000244140625,45282.0,0.0,0.0,Crude Oil Brent,BZ=F
2024-12-02 00:00:00-05:00,71.73999786376953,72.87999725341797,71.5199966430664,71.83000183105469,31283.0,0.0,0.0,Crude Oil Brent,BZ=F
2024-12-03 00:00:00-05:00,71.86000061035156,73.9000015258789,71.69000244140625,73.62000274658203,40365.0,0.0,0.0,Crude Oil Brent,BZ=F
2024-12-04 00:00:00-05:00,73.80999755859375,74.26000213623047,72.25,72.30999755859375,36988.0,0.0,0.0,Crude Oil Brent,BZ=F
2024-12-05 00:00:00-05:00,72.44999694824219,72.9000015258789,71.80000305175781,72.08999633789062,32373.0,0.0,0.0,Crude Oil Brent,BZ=F
2024-12-06 00:00:00-05:00,72.16999816894531,72.2300033569336,70.83000183105469,71.12000274658203,27572.0,0.0,0.0,Crude Oil Brent,BZ=F
2024-12-09 00:00:00-05:00,71.04000091552734,72.6500015258789,70.95999908447266,72.13999938964844,25921.0,0.0,0.0,Crude Oil Brent,BZ=F
2024-12-10 00:00:00-05:00,71.93000030517578,72.72000122070312,71.52999877929688,72.19000244140625,32220.0,0.0,0.0,Crude Oil Brent,BZ=F
2024-12-11 00:00:00-05:00,72.02999877929688,73.73999786376953,72.0199966430664,73.5199966430664,35954.0,0.0,0.0,Crude Oil Brent,BZ=F
2024-12-12 00:00:00-05:00,73.58999633789062,73.9800033569336,72.43000030517578,73.41000366210938,36231.0,0.0,0.0,Crude Oil Brent,BZ=F
2024-12-13 00:00:00-05:00,73.43000030517578,74.58999633789062,73.2699966430664,74.48999786376953,26225.0,0.0,0.0,Crude Oil Brent,BZ=F
2024-12-16 00:00:00-05:00,74.51000213623047,74.54000091552734,73.69999694824219,73.91000366210938,25458.0,0.0,0.0,Crude Oil Brent,BZ=F
2024-12-17 00:00:00-05:00,73.86000061035156,74.18000030517578,72.45999908447266,73.19000244140625,26356.0,0.0,0.0,Crude Oil Brent,BZ=F
2024-12-18 00:00:00-05:00,73.33999633789062,74.19000244140625,72.80000305175781,73.38999938964844,25873.0,0.0,0.0,Crude Oil Brent,BZ=F
2024-12-19 00:00:00-05:00,72.93000030517578,73.87000274658203,72.52999877929688,72.87999725341797,27742.0,0.0,0.0,Crude Oil Brent,BZ=F
2024-12-20 00:00:00-05:00,72.70999908447266,73.27999877929688,71.97000122070312,72.94000244140625,25362.0,0.0,0.0,Crude Oil Brent,BZ=F
2024-12-23 00:00:00-05:00,72.83000183105469,73.37000274658203,71.9800033569336,72.62999725341797,20997.0,0.0,0.0,Crude Oil Brent,BZ=F
2024-12-24 00:00:00-05:00,72.83999633789062,73.80999755859375,72.77999877929688,73.58000183105469,8922.0,0.0,0.0,Crude Oil Brent,BZ=F
2024-12-26 00:00:00-05:00,73.77999877929688,74.18000030517578,72.9800033569336,73.26000213623047,5773.0,0.0,0.0,Crude Oil Brent,BZ=F
2024-12-27 00:00:00-05:00,73.13999938964844,74.33999633789062,73.06999969482422,74.16999816894531,5515.0,0.0,0.0,Crude Oil Brent,BZ=F
2024-12-30 00:00:00-05:00,74.2300033569336,75.04000091552734,73.76000213623047,74.38999938964844,30436.0,0.0,0.0,Crude Oil Brent,BZ=F
2024-12-31 00:00:00-05:00,74.0999984741211,74.87999725341797,73.83999633789062,74.63999938964844,20588.0,0.0,0.0,Crude Oil Brent,BZ=F
2025-01-02 00:00:00-05:00,74.87999725341797,76.54000091552734,74.7300033569336,75.93000030517578,41474.0,0.0,0.0,Crude Oil Brent,BZ=F
2025-01-03 00:00:00-05:00,75.9000015258789,76.73999786376953,75.52999877929688,76.51000213623047,38822.0,0.0,0.0,Crude Oil Brent,BZ=F
2025-01-06 00:00:00-05:00,76.58999633789062,77.5,75.94000244140625,76.30000305175781,49229.0,0.0,0.0,Crude Oil Brent,BZ=F
2025-01-07 00:00:00-05:00,76.23999786376953,77.2699966430664,75.91999816894531,77.05000305175781,37188.0,0.0,0.0,Crude Oil Brent,BZ=F
2025-01-08 00:00:00-05:00,77.23999786376953,77.88999938964844,76.02999877929688,76.16000366210938,46650.0,0.0,0.0,Crude Oil Brent,BZ=F
2025-01-09 00:00:00-05:00,76.16000366210938,77.2699966430664,75.69999694824219,76.91999816894531,31706.0,0.0,0.0,Crude Oil Brent,BZ=F
2025-01-10 00:00:00-05:00,77.20999908447266,80.76000213623047,77.04000091552734,79.76000213623047,31706.0,0.0,0.0,Crude Oil Brent,BZ=F
2024-01-03 00:00:00-05:00,2.575000047683716,2.7190001010894775,2.5369999408721924,2.6679999828338623,166472.0,0.0,0.0,Natural Gas,NG=F
2024-01-04 00:00:00-05:00,2.687999963760376,2.86299991607666,2.680999994277954,2.821000099182129,206311.0,0.0,0.0,Natural Gas,NG=F
2024-01-05 00:00:00-05:00,2.8450000286102295,2.9059998989105225,2.680999994277954,2.8929998874664307,187503.0,0.0,0.0,Natural Gas,NG=F
2024-01-08 00:00:00-05:00,2.950000047683716,3.01200008392334,2.694000005722046,2.9800000190734863,237672.0,0.0,0.0,Natural Gas,NG=F
2024-01-09 00:00:00-05:00,2.943000078201294,3.3919999599456787,2.884000062942505,3.190000057220459,351780.0,0.0,0.0,Natural Gas,NG=F
2024-01-10 00:00:00-05:00,3.1670000553131104,3.2260000705718994,2.9560000896453857,3.0390000343322754,258013.0,0.0,0.0,Natural Gas,NG=F
2024-01-11 00:00:00-05:00,3.0290000438690186,3.2309999465942383,2.944999933242798,3.0969998836517334,235033.0,0.0,0.0,Natural Gas,NG=F
2024-01-12 00:00:00-05:00,3.118000030517578,3.377000093460083,3.1019999980926514,3.312999963760376,265883.0,0.0,0.0,Natural Gas,NG=F
2024-01-16 00:00:00-05:00,3.11299991607666,3.188999891281128,2.822000026702881,2.9000000953674316,228164.0,0.0,0.0,Natural Gas,NG=F
2024-01-17 00:00:00-05:00,2.8429999351501465,2.9579999446868896,2.75600004196167,2.869999885559082,150330.0,0.0,0.0,Natural Gas,NG=F
2024-01-18 00:00:00-05:00,2.875999927520752,2.9600000381469727,2.6659998893737793,2.697000026702881,151819.0,0.0,0.0,Natural Gas,NG=F
2024-01-19 00:00:00-05:00,2.7119998931884766,2.7139999866485596,2.5139999389648438,2.5190000534057617,138427.0,0.0,0.0,Natural Gas,NG=F
2024-01-22 00:00:00-05:00,2.380000114440918,2.4700000286102295,2.311000108718872,2.4189999103546143,121583.0,0.0,0.0,Natural Gas,NG=F
2024-01-23 00:00:00-05:00,2.437000036239624,2.49399995803833,2.325000047683716,2.450000047683716,69155.0,0.0,0.0,Natural Gas,NG=F
2024-01-24 00:00:00-05:00,2.497999906539917,2.696000099182129,2.494999885559082,2.6410000324249268,65497.0,0.0,0.0,Natural Gas,NG=F
2024-01-25 00:00:00-05:00,2.683000087738037,2.884000062942505,2.5260000228881836,2.571000099182129,44984.0,0.0,0.0,Natural Gas,NG=F
2024-01-26 00:00:00-05:00,2.6070001125335693,2.803999900817871,2.4240000247955322,2.7119998931884766,73015.0,0.0,0.0,Natural Gas,NG=F
2024-01-29 00:00:00-05:00,2.680000066757202,2.759999990463257,2.4110000133514404,2.490000009536743,164621.0,0.0,0.0,Natural Gas,NG=F
2024-01-30 00:00:00-05:00,2.059999942779541,2.11899995803833,2.0460000038146973,2.0769999027252197,139745.0,0.0,0.0,Natural Gas,NG=F
2024-01-31 00:00:00-05:00,2.0899999141693115,2.1579999923706055,2.0369999408721924,2.0999999046325684,142856.0,0.0,0.0,Natural Gas,NG=F
2024-02-01 00:00:00-05:00,2.134000062942505,2.1679999828338623,2.0329999923706055,2.049999952316284,161340.0,0.0,0.0,Natural Gas,NG=F
2024-02-02 00:00:00-05:00,2.053999900817871,2.0999999046325684,2.0209999084472656,2.0789999961853027,125062.0,0.0,0.0,Natural Gas,NG=F
2024-02-05 00:00:00-05:00,2.109999895095825,2.127000093460083,2.0409998893737793,2.0820000171661377,136031.0,0.0,0.0,Natural Gas,NG=F
2024-02-06 00:00:00-05:00,2.068000078201294,2.1019999980926514,1.996999979019165,2.009000062942505,137680.0,0.0,0.0,Natural Gas,NG=F
2024-02-07 00:00:00-05:00,2.003000020980835,2.0399999618530273,1.9559999704360962,1.9670000076293945,204064.0,0.0,0.0,Natural Gas,NG=F
2024-02-08 00:00:00-05:00,1.9700000286102295,1.9930000305175781,1.8669999837875366,1.9170000553131104,237169.0,0.0,0.0,Natural Gas,NG=F
2024-02-09 00:00:00-05:00,1.8849999904632568,1.8849999904632568,1.8170000314712524,1.847000002861023,247314.0,0.0,0.0,Natural Gas,NG=F
2024-02-12 00:00:00-05:00,1.8049999475479126,1.8630000352859497,1.7319999933242798,1.7680000066757202,242152.0,0.0,0.0,Natural Gas,NG=F
2024-02-13 00:00:00-05:00,1.753999948501587,1.7860000133514404,1.6540000438690186,1.6890000104904175,286586.0,0.0,0.0,Natural Gas,NG=F
2024-02-14 00:00:00-05:00,1.6690000295639038,1.684999942779541,1.590000033378601,1.6089999675750732,208956.0,0.0,0.0,Natural Gas,NG=F
2024-02-15 00:00:00-05:00,1.6109999418258667,1.6690000295639038,1.5729999542236328,1.5809999704360962,183342.0,0.0,0.0,Natural Gas,NG=F
2024-02-16 00:00:00-05:00,1.5889999866485596,1.6369999647140503,1.5750000476837158,1.6089999675750732,170384.0,0.0,0.0,Natural Gas,NG=F
2024-02-20 00:00:00-05:00,1.5329999923706055,1.7089999914169312,1.5219999551773071,1.5759999752044678,201471.0,0.0,0.0,Natural Gas,NG=F
2024-02-21 00:00:00-05:00,1.718999981880188,1.7920000553131104,1.6770000457763672,1.7730000019073486,170658.0,0.0,0.0,Natural Gas,NG=F
2024-02-22 00:00:00-05:00,1.784000039100647,1.784000039100647,1.6610000133514404,1.7319999933242798,87803.0,0.0,0.0,Natural Gas,NG=F
2024-02-23 00:00:00-05:00,1.722000002861023,1.722000002861023,1.5809999704360962,1.6030000448226929,47590.0,0.0,0.0,Natural Gas,NG=F
2024-02-26 00:00:00-05:00,1.659999966621399,1.7300000190734863,1.593999981880188,1.659000039100647,110505.0,0.0,0.0,Natural Gas,NG=F
2024-02-27 00:00:00-05:00,1.625,1.7200000286102295,1.5110000371932983,1.6150000095367432,179943.0,0.0,0.0,Natural Gas,NG=F
2024-02-28 00:00:00-05:00,1.8170000314712524,1.906000018119812,1.781999945640564,1.8849999904632568,149429.0,0.0,0.0,Natural Gas,NG=F
2024-02-29 00:00:00-05:00,1.8680000305175781,1.9179999828338623,1.8289999961853027,1.8600000143051147,141543.0,0.0,0.0,Natural Gas,NG=F
2024-03-01 00:00:00-05:00,1.8519999980926514,1.8880000114440918,1.809999942779541,1.8350000381469727,105501.0,0.0,0.0,Natural Gas,NG=F
2024-03-04 00:00:00-05:00,1.8730000257492065,1.9889999628067017,1.8700000047683716,1.9160000085830688,185412.0,0.0,0.0,Natural Gas,NG=F
2024-03-05 00:00:00-05:00,1.9279999732971191,2.009000062942505,1.8899999856948853,1.9570000171661377,142113.0,0.0,0.0,Natural Gas,NG=F
2024-03-06 00:00:00-05:00,1.9500000476837158,1.9830000400543213,1.9210000038146973,1.9290000200271606,107219.0,0.0,0.0,Natural Gas,NG=F
2024-03-07 00:00:00-05:00,1.9290000200271606,1.9550000429153442,1.781999945640564,1.8179999589920044,173658.0,0.0,0.0,Natural Gas,NG=F
2024-03-08 00:00:00-05:00,1.7960000038146973,1.8370000123977661,1.7549999952316284,1.8049999475479126,143794.0,0.0,0.0,Natural Gas,NG=F
2024-03-11 00:00:00-04:00,1.8049999475479126,1.840999960899353,1.746000051498413,1.7589999437332153,159954.0,0.0,0.0,Natural Gas,NG=F
2024-03-12 00:00:00-04:00,1.7580000162124634,1.8229999542236328,1.690999984741211,1.7139999866485596,199589.0,0.0,0.0,Natural Gas,NG=F
2024-03-13 00:00:00-04:00,1.7130000591278076,1.7170000076293945,1.6510000228881836,1.6579999923706055,176633.0,0.0,0.0,Natural Gas,NG=F
2024-03-14 00:00:00-04:00,1.6679999828338623,1.7669999599456787,1.6430000066757202,1.7410000562667847,168141.0,0.0,0.0,Natural Gas,NG=F
2024-03-15 00:00:00-04:00,1.7569999694824219,1.7740000486373901,1.6460000276565552,1.6549999713897705,154729.0,0.0,0.0,Natural Gas,NG=F
2024-03-18 00:00:00-04:00,1.6890000104904175,1.7619999647140503,1.684000015258789,1.7029999494552612,137349.0,0.0,0.0,Natural Gas,NG=F
2024-03-19 00:00:00-04:00,1.7170000076293945,1.7690000534057617,1.7009999752044678,1.74399995803833,128064.0,0.0,0.0,Natural Gas,NG=F
2024-03-20 00:00:00-04:00,1.75,1.7649999856948853,1.6859999895095825,1.6990000009536743,115068.0,0.0,0.0,Natural Gas,NG=F
2024-03-21 00:00:00-04:00,1.6990000009536743,1.7130000591278076,1.6510000228881836,1.6829999685287476,77701.0,0.0,0.0,Natural Gas,NG=F
2024-03-22 00:00:00-04:00,1.684000015258789,1.7120000123977661,1.6469999551773071,1.659000039100647,44514.0,0.0,0.0,Natural Gas,NG=F
2024-03-25 00:00:00-04:00,1.6640000343322754,1.6749999523162842,1.5889999866485596,1.6150000095367432,84776.0,0.0,0.0,Natural Gas,NG=F
2024-03-26 00:00:00-04:00,1.6080000400543213,1.6469999551773071,1.4809999465942383,1.5750000476837158,123173.0,0.0,0.0,Natural Gas,NG=F
2024-03-27 00:00:00-04:00,1.7890000343322754,1.7890000343322754,1.7039999961853027,1.718000054359436,144888.0,0.0,0.0,Natural Gas,NG=F
2024-03-28 00:00:00-04:00,1.7170000076293945,1.7860000133514404,1.6859999895095825,1.7630000114440918,155745.0,0.0,0.0,Natural Gas,NG=F
2024-04-01 00:00:00-04:00,1.7549999952316284,1.8530000448226929,1.7059999704360962,1.8370000123977661,169145.0,0.0,0.0,Natural Gas,NG=F
2024-04-02 00:00:00-04:00,1.8370000123977661,1.88100004196167,1.777999997138977,1.8619999885559082,170434.0,0.0,0.0,Natural Gas,NG=F
2024-04-03 00:00:00-04:00,1.8519999980926514,1.906000018119812,1.8359999656677246,1.840999960899353,133034.0,0.0,0.0,Natural Gas,NG=F
2024-04-04 00:00:00-04:00,1.843999981880188,1.8530000448226929,1.7690000534057617,1.7740000486373901,179437.0,0.0,0.0,Natural Gas,NG=F
2024-04-05 00:00:00-04:00,1.7790000438690186,1.8229999542236328,1.7549999952316284,1.784999966621399,191179.0,0.0,0.0,Natural Gas,NG=F
2024-04-08 00:00:00-04:00,1.7699999809265137,1.850000023841858,1.746000051498413,1.843999981880188,216676.0,0.0,0.0,Natural Gas,NG=F
2024-04-09 00:00:00-04:00,1.847000002861023,1.9240000247955322,1.8380000591278076,1.871999979019165,215016.0,0.0,0.0,Natural Gas,NG=F
2024-04-10 00:00:00-04:00,1.8880000114440918,1.9429999589920044,1.8669999837875366,1.8849999904632568,174388.0,0.0,0.0,Natural Gas,NG=F
2024-04-11 00:00:00-04:00,1.8739999532699585,1.8919999599456787,1.753999948501587,1.7640000581741333,230318.0,0.0,0.0,Natural Gas,NG=F
2024-04-12 00:00:00-04:00,1.7669999599456787,1.784999966621399,1.7309999465942383,1.7699999809265137,162917.0,0.0,0.0,Natural Gas,NG=F
2024-04-15 00:00:00-04:00,1.7719999551773071,1.7920000553131104,1.6779999732971191,1.690999984741211,170569.0,0.0,0.0,Natural Gas,NG=F
2024-04-16 00:00:00-04:00,1.6950000524520874,1.8020000457763672,1.6490000486373901,1.7319999933242798,231556.0,0.0,0.0,Natural Gas,NG=F
2024-04-17 00:00:00-04:00,1.6799999475479126,1.7239999771118164,1.659999966621399,1.7120000123977661,152348.0,0.0,0.0,Natural Gas,NG=F
2024-04-18 00:00:00-04:00,1.722000002861023,1.7799999713897705,1.7130000591278076,1.7569999694824219,160729.0,0.0,0.0,Natural Gas,NG=F
2024-04-19 00:00:00-04:00,1.7410000562667847,1.805999994277954,1.7239999771118164,1.7519999742507935,154111.0,0.0,0.0,Natural Gas,NG=F
2024-04-22 00:00:00-04:00,1.7649999856948853,1.7999999523162842,1.7209999561309814,1.7910000085830688,107242.0,0.0,0.0,Natural Gas,NG=F
2024-04-23 00:00:00-04:00,1.7979999780654907,1.8480000495910645,1.7450000047683716,1.812000036239624,71346.0,0.0,0.0,Natural Gas,NG=F
2024-04-24 00:00:00-04:00,1.8359999656677246,1.840000033378601,1.6339999437332153,1.652999997138977,58154.0,0.0,0.0,Natural Gas,NG=F
2024-04-25 00:00:00-04:00,1.6440000534057617,1.6749999523162842,1.5829999446868896,1.6380000114440918,75479.0,0.0,0.0,Natural Gas,NG=F
2024-04-26 00:00:00-04:00,1.621999979019165,1.628000020980835,1.4819999933242798,1.6139999628067017,119516.0,0.0,0.0,Natural Gas,NG=F
2024-04-29 00:00:00-04:00,1.9229999780654907,2.055999994277954,1.9160000085830688,2.0299999713897705,158855.0,0.0,0.0,Natural Gas,NG=F
2024-04-30 00:00:00-04:00,2.049999952316284,2.0920000076293945,1.9509999752044678,1.9910000562667847,150370.0,0.0,0.0,Natural Gas,NG=F
2024-05-01 00:00:00-04:00,1.9539999961853027,1.9700000286102295,1.9129999876022339,1.9320000410079956,135918.0,0.0,0.0,Natural Gas,NG=F
2024-05-02 00:00:00-04:00,1.930999994277954,2.049999952316284,1.9270000457763672,2.0350000858306885,153739.0,0.0,0.0,Natural Gas,NG=F
2024-05-03 00:00:00-04:00,2.0309998989105225,2.1600000858306885,2.01200008392334,2.1419999599456787,209456.0,0.0,0.0,Natural Gas,NG=F
2024-05-06 00:00:00-04:00,2.1700000762939453,2.26200008392334,2.132999897003174,2.194999933242798,196381.0,0.0,0.0,Natural Gas,NG=F
2024-05-07 00:00:00-04:00,2.2060000896453857,2.2300000190734863,2.1419999599456787,2.2070000171661377,149430.0,0.0,0.0,Natural Gas,NG=F
2024-05-08 00:00:00-04:00,2.2190001010894775,2.2739999294281006,2.1670000553131104,2.187000036239624,149910.0,0.0,0.0,Natural Gas,NG=F
2024-05-09 00:00:00-04:00,2.186000108718872,2.315999984741211,2.1530001163482666,2.3010001182556152,207677.0,0.0,0.0,Natural Gas,NG=F
2024-05-10 00:00:00-04:00,2.306999921798706,2.3440001010894775,2.242000102996826,2.252000093460083,142992.0,0.0,0.0,Natural Gas,NG=F
2024-05-13 00:00:00-04:00,2.25,2.384000062942505,2.2139999866485596,2.38100004196167,164690.0,0.0,0.0,Natural Gas,NG=F
2024-05-14 00:00:00-04:00,2.361999988555908,2.3970000743865967,2.305999994277954,2.3440001010894775,147573.0,0.0,0.0,Natural Gas,NG=F
2024-05-15 00:00:00-04:00,2.3429999351501465,2.4240000247955322,2.312999963760376,2.4159998893737793,180743.0,0.0,0.0,Natural Gas,NG=F
2024-05-16 00:00:00-04:00,2.4049999713897705,2.575000047683716,2.3889999389648438,2.494999885559082,229617.0,0.0,0.0,Natural Gas,NG=F
2024-05-17 00:00:00-04:00,2.486999988555908,2.6540000438690186,2.484999895095825,2.625999927520752,185798.0,0.0,0.0,Natural Gas,NG=F
2024-05-20 00:00:00-04:00,2.6589999198913574,2.75600004196167,2.625,2.750999927520752,211255.0,0.0,0.0,Natural Gas,NG=F
2024-05-21 00:00:00-04:00,2.7330000400543213,2.7980000972747803,2.640000104904175,2.6710000038146973,174162.0,0.0,0.0,Natural Gas,NG=F
2024-05-22 00:00:00-04:00,2.6649999618530273,2.8510000705718994,2.6089999675750732,2.8420000076293945,184820.0,0.0,0.0,Natural Gas,NG=F
2024-05-23 00:00:00-04:00,2.7990000247955322,2.9240000247955322,2.640000104904175,2.6570000648498535,116689.0,0.0,0.0,Natural Gas,NG=F
2024-05-24 00:00:00-04:00,2.6760001182556152,2.7090001106262207,2.493000030517578,2.5199999809265137,51814.0,0.0,0.0,Natural Gas,NG=F
2024-05-28 00:00:00-04:00,2.503000020980835,2.621000051498413,2.4749999046325684,2.5899999141693115,86031.0,0.0,0.0,Natural Gas,NG=F
2024-05-29 00:00:00-04:00,2.5940001010894775,2.6689999103546143,2.4170000553131104,2.493000030517578,161403.0,0.0,0.0,Natural Gas,NG=F
2024-05-30 00:00:00-04:00,2.6619999408721924,2.681999921798706,2.562000036239624,2.572000026702881,160060.0,0.0,0.0,Natural Gas,NG=F
2024-05-31 00:00:00-04:00,2.569999933242798,2.624000072479248,2.5179998874664307,2.5869998931884766,139119.0,0.0,0.0,Natural Gas,NG=F
2024-06-03 00:00:00-04:00,2.6449999809265137,2.7990000247955322,2.628000020980835,2.75600004196167,233692.0,0.0,0.0,Natural Gas,NG=F
2024-06-04 00:00:00-04:00,2.7720000743865967,2.8289999961853027,2.572999954223633,2.5859999656677246,221922.0,0.0,0.0,Natural Gas,NG=F
2024-06-05 00:00:00-04:00,2.617000102996826,2.7869999408721924,2.6050000190734863,2.756999969482422,201665.0,0.0,0.0,Natural Gas,NG=F
2024-06-06 00:00:00-04:00,2.76200008392334,2.877000093460083,2.7239999771118164,2.821000099182129,194237.0,0.0,0.0,Natural Gas,NG=F
2024-06-07 00:00:00-04:00,2.813999891281128,2.9670000076293945,2.7909998893737793,2.9179999828338623,209110.0,0.0,0.0,Natural Gas,NG=F
2024-06-10 00:00:00-04:00,2.9800000190734863,3.0959999561309814,2.861999988555908,2.9059998989105225,269719.0,0.0,0.0,Natural Gas,NG=F
2024-06-11 00:00:00-04:00,2.984999895095825,3.1589999198913574,2.9660000801086426,3.128999948501587,227818.0,0.0,0.0,Natural Gas,NG=F
2024-06-12 00:00:00-04:00,3.130000114440918,3.131999969482422,2.994999885559082,3.0450000762939453,224795.0,0.0,0.0,Natural Gas,NG=F
2024-06-13 00:00:00-04:00,3.0280001163482666,3.0910000801086426,2.8980000019073486,2.9590001106262207,209730.0,0.0,0.0,Natural Gas,NG=F
2024-06-14 00:00:00-04:00,2.9210000038146973,3.0,2.869999885559082,2.88100004196167,154123.0,0.0,0.0,Natural Gas,NG=F
2024-06-17 00:00:00-04:00,2.8459999561309814,2.8480000495910645,2.759000062942505,2.7880001068115234,152241.0,0.0,0.0,Natural Gas,NG=F
2024-06-18 00:00:00-04:00,2.7720000743865967,2.9159998893737793,2.7720000743865967,2.9089999198913574,147414.0,0.0,0.0,Natural Gas,NG=F
2024-06-20 00:00:00-04:00,2.9030001163482666,2.947999954223633,2.7230000495910645,2.740999937057495,186686.0,0.0,0.0,Natural Gas,NG=F
2024-06-21 00:00:00-04:00,2.7249999046325684,2.7699999809265137,2.671999931335449,2.7049999237060547,79372.0,0.0,0.0,Natural Gas,NG=F
2024-06-24 00:00:00-04:00,2.6700000762939453,2.8340001106262207,2.634999990463257,2.811000108718872,45418.0,0.0,0.0,Natural Gas,NG=F
2024-06-25 00:00:00-04:00,2.815999984741211,2.8440001010894775,2.6989998817443848,2.75600004196167,78233.0,0.0,0.0,Natural Gas,NG=F
2024-06-26 00:00:00-04:00,2.736999988555908,2.746000051498413,2.61299991607666,2.628000020980835,141345.0,0.0,0.0,Natural Gas,NG=F
2024-06-27 00:00:00-04:00,2.7339999675750732,2.7839999198913574,2.6730000972747803,2.684999942779541,139995.0,0.0,0.0,Natural Gas,NG=F
2024-06-28 00:00:00-04:00,2.7019999027252197,2.765000104904175,2.5940001010894775,2.6010000705718994,151326.0,0.0,0.0,Natural Gas,NG=F
2024-07-01 00:00:00-04:00,2.5759999752044678,2.6019999980926514,2.4709999561309814,2.4779999256134033,181931.0,0.0,0.0,Natural Gas,NG=F
2024-07-02 00:00:00-04:00,2.4760000705718994,2.4839999675750732,2.4149999618530273,2.434999942779541,154263.0,0.0,0.0,Natural Gas,NG=F
2024-07-03 00:00:00-04:00,2.4660000801086426,2.4800000190734863,2.4100000858306885,2.4179999828338623,125894.0,0.0,0.0,Natural Gas,NG=F
2024-07-05 00:00:00-04:00,2.4210000038146973,2.440000057220459,2.315000057220459,2.319000005722046,156544.0,0.0,0.0,Natural Gas,NG=F
2024-07-08 00:00:00-04:00,2.2699999809265137,2.390000104904175,2.2679998874664307,2.365999937057495,162309.0,0.0,0.0,Natural Gas,NG=F
2024-07-09 00:00:00-04:00,2.372999906539917,2.447999954223633,2.3310000896453857,2.3440001010894775,155187.0,0.0,0.0,Natural Gas,NG=F
2024-07-10 00:00:00-04:00,2.3459999561309814,2.384999990463257,2.2920000553131104,2.3289999961853027,146358.0,0.0,0.0,Natural Gas,NG=F
2024-07-11 00:00:00-04:00,2.3259999752044678,2.3429999351501465,2.260999917984009,2.2679998874664307,122365.0,0.0,0.0,Natural Gas,NG=F
2024-07-12 00:00:00-04:00,2.2669999599456787,2.3499999046325684,2.249000072479248,2.3289999961853027,129723.0,0.0,0.0,Natural Gas,NG=F
2024-07-15 00:00:00-04:00,2.2730000019073486,2.2850000858306885,2.1470000743865967,2.1579999923706055,189516.0,0.0,0.0,Natural Gas,NG=F
2024-07-16 00:00:00-04:00,2.1700000762939453,2.2179999351501465,2.1489999294281006,2.187999963760376,131219.0,0.0,0.0,Natural Gas,NG=F
2024-07-17 00:00:00-04:00,2.180999994277954,2.2079999446868896,2.015000104904175,2.0350000858306885,212196.0,0.0,0.0,Natural Gas,NG=F
2024-07-18 00:00:00-04:00,2.046999931335449,2.134000062942505,2.0239999294281006,2.125,159464.0,0.0,0.0,Natural Gas,NG=F
2024-07-19 00:00:00-04:00,2.0889999866485596,2.1429998874664307,2.056999921798706,2.128000020980835,101992.0,0.0,0.0,Natural Gas,NG=F
2024-07-22 00:00:00-04:00,2.1040000915527344,2.2699999809265137,2.0899999141693115,2.250999927520752,148699.0,0.0,0.0,Natural Gas,NG=F
2024-07-23 00:00:00-04:00,2.244999885559082,2.265000104904175,2.122999906539917,2.187000036239624,112276.0,0.0,0.0,Natural Gas,NG=F
2024-07-24 00:00:00-04:00,2.1530001163482666,2.1700000762939453,2.1019999980926514,2.117000102996826,65013.0,0.0,0.0,Natural Gas,NG=F
2024-07-25 00:00:00-04:00,2.125999927520752,2.1549999713897705,2.0350000858306885,2.0409998893737793,44964.0,0.0,0.0,Natural Gas,NG=F
2024-07-26 00:00:00-04:00,2.052000045776367,2.0840001106262207,1.99399995803833,2.00600004196167,58506.0,0.0,0.0,Natural Gas,NG=F
2024-07-29 00:00:00-04:00,2.0160000324249268,2.055999994277954,1.8559999465942383,1.906999945640564,162676.0,0.0,0.0,Natural Gas,NG=F
2024-07-30 00:00:00-04:00,2.065000057220459,2.134999990463257,1.9910000562667847,2.125999927520752,157477.0,0.0,0.0,Natural Gas,NG=F
2024-07-31 00:00:00-04:00,2.119999885559082,2.1489999294281006,2.0230000019073486,2.0360000133514404,167713.0,0.0,0.0,Natural Gas,NG=F
2024-08-01 00:00:00-04:00,2.0460000038146973,2.125999927520752,1.965000033378601,1.968000054359436,215979.0,0.0,0.0,Natural Gas,NG=F
2024-08-02 00:00:00-04:00,1.9850000143051147,2.0230000019073486,1.9199999570846558,1.9670000076293945,164207.0,0.0,0.0,Natural Gas,NG=F
2024-08-05 00:00:00-04:00,1.9500000476837158,1.9739999771118164,1.8819999694824219,1.9420000314712524,150595.0,0.0,0.0,Natural Gas,NG=F
2024-08-06 00:00:00-04:00,1.9570000171661377,2.0329999923706055,1.899999976158142,2.009999990463257,154471.0,0.0,0.0,Natural Gas,NG=F
2024-08-07 00:00:00-04:00,2.0250000953674316,2.119999885559082,2.009999990463257,2.111999988555908,226781.0,0.0,0.0,Natural Gas,NG=F
2024-08-08 00:00:00-04:00,2.0999999046325684,2.178999900817871,2.0280001163482666,2.127000093460083,232204.0,0.0,0.0,Natural Gas,NG=F
2024-08-09 00:00:00-04:00,2.1510000228881836,2.187000036239624,2.1040000915527344,2.1429998874664307,183426.0,0.0,0.0,Natural Gas,NG=F
2024-08-12 00:00:00-04:00,2.1730000972747803,2.25600004196167,2.1549999713897705,2.188999891281128,181250.0,0.0,0.0,Natural Gas,NG=F
2024-08-13 00:00:00-04:00,2.174999952316284,2.239000082015991,2.134000062942505,2.1480000019073486,202099.0,0.0,0.0,Natural Gas,NG=F
2024-08-14 00:00:00-04:00,2.1600000858306885,2.2760000228881836,2.1440000534057617,2.2190001010894775,189925.0,0.0,0.0,Natural Gas,NG=F
2024-08-15 00:00:00-04:00,2.2279999256134033,2.3010001182556152,2.188999891281128,2.197000026702881,165423.0,0.0,0.0,Natural Gas,NG=F
2024-08-16 00:00:00-04:00,2.2049999237060547,2.2160000801086426,2.1110000610351562,2.122999906539917,140820.0,0.0,0.0,Natural Gas,NG=F
2024-08-19 00:00:00-04:00,2.125,2.253999948501587,2.0969998836517334,2.234999895095825,179074.0,0.0,0.0,Natural Gas,NG=F
2024-08-20 00:00:00-04:00,2.246000051498413,2.2780001163482666,2.1730000972747803,2.197999954223633,129952.0,0.0,0.0,Natural Gas,NG=F
2024-08-21 00:00:00-04:00,2.2009999752044678,2.2279999256134033,2.13100004196167,2.177000045776367,124659.0,0.0,0.0,Natural Gas,NG=F
2024-08-22 00:00:00-04:00,2.187999963760376,2.200000047683716,2.0309998989105225,2.052999973297119,153777.0,0.0,0.0,Natural Gas,NG=F
2024-08-23 00:00:00-04:00,2.061000108718872,2.0739998817443848,2.005000114440918,2.0220000743865967,62492.0,0.0,0.0,Natural Gas,NG=F
2024-08-26 00:00:00-04:00,2.003999948501587,2.0220000743865967,1.944000005722046,1.9559999704360962,50432.0,0.0,0.0,Natural Gas,NG=F
2024-08-27 00:00:00-04:00,1.9559999704360962,1.9739999771118164,1.875,1.9040000438690186,68871.0,0.0,0.0,Natural Gas,NG=F
2024-08-28 00:00:00-04:00,1.9240000247955322,2.0,1.8559999465942383,1.9299999475479126,165219.0,0.0,0.0,Natural Gas,NG=F
2024-08-29 00:00:00-04:00,2.0969998836517334,2.1489999294281006,2.0260000228881836,2.13700008392334,154737.0,0.0,0.0,Natural Gas,NG=F
2024-08-30 00:00:00-04:00,2.1449999809265137,2.1710000038146973,2.0929999351501465,2.127000093460083,131106.0,0.0,0.0,Natural Gas,NG=F
2024-09-03 00:00:00-04:00,2.1459999084472656,2.2249999046325684,2.075000047683716,2.203000068664551,221115.0,0.0,0.0,Natural Gas,NG=F
2024-09-04 00:00:00-04:00,2.197000026702881,2.2699999809265137,2.13100004196167,2.1449999809265137,150022.0,0.0,0.0,Natural Gas,NG=F
2024-09-05 00:00:00-04:00,2.1389999389648438,2.2860000133514404,2.117000102996826,2.253999948501587,196899.0,0.0,0.0,Natural Gas,NG=F
2024-09-06 00:00:00-04:00,2.260999917984009,2.2939999103546143,2.2320001125335693,2.2750000953674316,121498.0,0.0,0.0,Natural Gas,NG=F
2024-09-09 00:00:00-04:00,2.2200000286102295,2.246999979019165,2.1410000324249268,2.1700000762939453,121498.0,0.0,0.0,Natural Gas,NG=F
2024-09-10 00:00:00-04:00,2.1489999294281006,2.257999897003174,2.125,2.2320001125335693,183556.0,0.0,0.0,Natural Gas,NG=F
2024-09-11 00:00:00-04:00,2.2360000610351562,2.325000047683716,2.2139999866485596,2.2699999809265137,198836.0,0.0,0.0,Natural Gas,NG=F
2024-09-12 00:00:00-04:00,2.2860000133514404,2.3940000534057617,2.2290000915527344,2.3570001125335693,231423.0,0.0,0.0,Natural Gas,NG=F
2024-09-13 00:00:00-04:00,2.36299991607666,2.4070000648498535,2.2939999103546143,2.305000066757202,173713.0,0.0,0.0,Natural Gas,NG=F
2024-09-16 00:00:00-04:00,2.2980000972747803,2.3970000743865967,2.265000104904175,2.372999906539917,163817.0,0.0,0.0,Natural Gas,NG=F
2024-09-17 00:00:00-04:00,2.3910000324249268,2.436000108718872,2.306999921798706,2.3239998817443848,171895.0,0.0,0.0,Natural Gas,NG=F
2024-09-18 00:00:00-04:00,2.312000036239624,2.377000093460083,2.2750000953674316,2.2839999198913574,137696.0,0.0,0.0,Natural Gas,NG=F
2024-09-19 00:00:00-04:00,2.2880001068115234,2.3610000610351562,2.2230000495910645,2.3480000495910645,190187.0,0.0,0.0,Natural Gas,NG=F
2024-09-20 00:00:00-04:00,2.3580000400543213,2.4600000381469727,2.313999891281128,2.434000015258789,161905.0,0.0,0.0,Natural Gas,NG=F
2024-09-23 00:00:00-04:00,2.4619998931884766,2.6459999084472656,2.4579999446868896,2.61299991607666,124650.0,0.0,0.0,Natural Gas,NG=F
2024-09-24 00:00:00-04:00,2.634000062942505,2.6740000247955322,2.5350000858306885,2.5510001182556152,61695.0,0.0,0.0,Natural Gas,NG=F
2024-09-25 00:00:00-04:00,2.5829999446868896,2.6579999923706055,2.562999963760376,2.63700008392334,91605.0,0.0,0.0,Natural Gas,NG=F
2024-09-26 00:00:00-04:00,2.640000104904175,2.690000057220459,2.5239999294281006,2.5850000381469727,187374.0,0.0,0.0,Natural Gas,NG=F
2024-09-27 00:00:00-04:00,2.74399995803833,2.931999921798706,2.7200000286102295,2.9019999504089355,224258.0,0.0,0.0,Natural Gas,NG=F
2024-09-30 00:00:00-04:00,2.8989999294281006,2.947999954223633,2.865000009536743,2.9230000972747803,156783.0,0.0,0.0,Natural Gas,NG=F
2024-10-01 00:00:00-04:00,2.9070000648498535,2.941999912261963,2.825000047683716,2.8959999084472656,161084.0,0.0,0.0,Natural Gas,NG=F
2024-10-02 00:00:00-04:00,2.8980000019073486,3.0,2.869999885559082,2.885999917984009,162673.0,0.0,0.0,Natural Gas,NG=F
2024-10-03 00:00:00-04:00,2.9210000038146973,2.98799991607666,2.9000000953674316,2.9700000286102295,133170.0,0.0,0.0,Natural Gas,NG=F
2024-10-04 00:00:00-04:00,2.9709999561309814,3.0190000534057617,2.8310000896453857,2.8540000915527344,173745.0,0.0,0.0,Natural Gas,NG=F
2024-10-07 00:00:00-04:00,2.8269999027252197,2.8389999866485596,2.7049999237060547,2.746000051498413,216871.0,0.0,0.0,Natural Gas,NG=F
2024-10-08 00:00:00-04:00,2.7330000400543213,2.7809998989105225,2.6989998817443848,2.7330000400543213,162513.0,0.0,0.0,Natural Gas,NG=F
2024-10-09 00:00:00-04:00,2.7090001106262207,2.7239999771118164,2.631999969482422,2.6600000858306885,190644.0,0.0,0.0,Natural Gas,NG=F
2024-10-10 00:00:00-04:00,2.6470000743865967,2.700000047683716,2.5880000591278076,2.674999952316284,188461.0,0.0,0.0,Natural Gas,NG=F
2024-10-11 00:00:00-04:00,2.687000036239624,2.7269999980926514,2.615000009536743,2.631999969482422,150928.0,0.0,0.0,Natural Gas,NG=F
2024-10-14 00:00:00-04:00,2.624000072479248,2.625,2.4760000705718994,2.49399995803833,139692.0,0.0,0.0,Natural Gas,NG=F
2024-10-15 00:00:00-04:00,2.4820001125335693,2.549999952316284,2.444999933242798,2.497999906539917,156441.0,0.0,0.0,Natural Gas,NG=F
2024-10-16 00:00:00-04:00,2.48799991607666,2.496999979019165,2.3580000400543213,2.367000102996826,173482.0,0.0,0.0,Natural Gas,NG=F
2024-10-17 00:00:00-04:00,2.377000093460083,2.4170000553131104,2.3380000591278076,2.3469998836517334,135847.0,0.0,0.0,Natural Gas,NG=F
2024-10-18 00:00:00-04:00,2.3489999771118164,2.369999885559082,2.247999906539917,2.257999897003174,164160.0,0.0,0.0,Natural Gas,NG=F
2024-10-21 00:00:00-04:00,2.2200000286102295,2.36899995803833,2.2100000381469727,2.312000036239624,154025.0,0.0,0.0,Natural Gas,NG=F
2024-10-22 00:00:00-04:00,2.364000082015991,2.375,2.2709999084472656,2.311000108718872,198772.0,0.0,0.0,Natural Gas,NG=F
2024-10-23 00:00:00-04:00,2.3010001182556152,2.441999912261963,2.257999897003174,2.3420000076293945,145225.0,0.0,0.0,Natural Gas,NG=F
2024-10-24 00:00:00-04:00,2.4000000953674316,2.5820000171661377,2.372999906539917,2.5220000743865967,139719.0,0.0,0.0,Natural Gas,NG=F
2024-10-25 00:00:00-04:00,2.5309998989105225,2.5789999961853027,2.4600000381469727,2.559999942779541,67455.0,0.0,0.0,Natural Gas,NG=F
2024-10-28 00:00:00-04:00,2.505000114440918,2.5160000324249268,2.2679998874664307,2.309000015258789,89409.0,0.0,0.0,Natural Gas,NG=F
2024-10-29 00:00:00-04:00,2.259000062942505,2.3910000324249268,2.200000047683716,2.3459999561309814,143883.0,0.0,0.0,Natural Gas,NG=F
2024-10-30 00:00:00-04:00,2.9049999713897705,2.9189999103546143,2.7699999809265137,2.8450000286102295,162834.0,0.0,0.0,Natural Gas,NG=F
2024-10-31 00:00:00-04:00,2.812999963760376,2.8299999237060547,2.687999963760376,2.7070000171661377,185486.0,0.0,0.0,Natural Gas,NG=F
2024-11-01 00:00:00-04:00,2.7019999027252197,2.7239999771118164,2.631999969482422,2.6630001068115234,166422.0,0.0,0.0,Natural Gas,NG=F
2024-11-04 00:00:00-05:00,2.559999942779541,2.7950000762939453,2.5139999389648438,2.7809998989105225,201168.0,0.0,0.0,Natural Gas,NG=F
2024-11-05 00:00:00-05:00,2.7890000343322754,2.818000078201294,2.6510000228881836,2.6700000762939453,153934.0,0.0,0.0,Natural Gas,NG=F
2024-11-06 00:00:00-05:00,2.678999900817871,2.7960000038146973,2.6600000858306885,2.746999979019165,157298.0,0.0,0.0,Natural Gas,NG=F
2024-11-07 00:00:00-05:00,2.7109999656677246,2.7780001163482666,2.6559998989105225,2.693000078201294,165551.0,0.0,0.0,Natural Gas,NG=F
2024-11-08 00:00:00-05:00,2.694000005722046,2.747999906539917,2.6429998874664307,2.6689999103546143,158000.0,0.0,0.0,Natural Gas,NG=F
2024-11-11 00:00:00-05:00,2.7699999809265137,2.9560000896453857,2.7690000534057617,2.9200000762939453,252383.0,0.0,0.0,Natural Gas,NG=F
2024-11-12 00:00:00-05:00,2.9519999027252197,3.013000011444092,2.8550000190734863,2.9070000648498535,245266.0,0.0,0.0,Natural Gas,NG=F
2024-11-13 00:00:00-05:00,2.9140000343322754,3.0199999809265137,2.8299999237060547,2.9830000400543213,218400.0,0.0,0.0,Natural Gas,NG=F
2024-11-14 00:00:00-05:00,2.9809999465942383,2.984999895095825,2.759000062942505,2.7850000858306885,209678.0,0.0,0.0,Natural Gas,NG=F
2024-11-15 00:00:00-05:00,2.765000104904175,2.8429999351501465,2.687999963760376,2.822999954223633,181092.0,0.0,0.0,Natural Gas,NG=F
2024-11-18 00:00:00-05:00,2.924999952316284,2.9769999980926514,2.8320000171661377,2.9730000495910645,188338.0,0.0,0.0,Natural Gas,NG=F
2024-11-19 00:00:00-05:00,2.9509999752044678,3.058000087738037,2.9049999713897705,2.997999906539917,211932.0,0.0,0.0,Natural Gas,NG=F
2024-11-20 00:00:00-05:00,2.9619998931884766,3.236999988555908,2.941999912261963,3.193000078201294,225693.0,0.0,0.0,Natural Gas,NG=F
2024-11-21 00:00:00-05:00,3.2160000801086426,3.4509999752044678,3.194999933242798,3.3389999866485596,192156.0,0.0,0.0,Natural Gas,NG=F
2024-11-22 00:00:00-05:00,3.390000104904175,3.562999963760376,3.071000099182129,3.128999948501587,95807.0,0.0,0.0,Natural Gas,NG=F
2024-11-25 00:00:00-05:00,3.3559999465942383,3.4609999656677246,3.2639999389648438,3.36899995803833,108485.0,0.0,0.0,Natural Gas,NG=F
2024-11-26 00:00:00-05:00,3.3299999237060547,3.5,3.255000114440918,3.430999994277954,222049.0,0.0,0.0,Natural Gas,NG=F
2024-11-27 00:00:00-05:00,3.4679999351501465,3.4700000286102295,3.188999891281128,3.2039999961853027,214291.0,0.0,0.0,Natural Gas,NG=F
2024-11-29 00:00:00-05:00,3.194999933242798,3.384000062942505,3.174999952316284,3.36299991607666,163060.0,0.0,0.0,Natural Gas,NG=F
2024-12-02 00:00:00-05:00,3.2200000286102295,3.2790000438690186,3.1480000019073486,3.2130000591278076,208653.0,0.0,0.0,Natural Gas,NG=F
2024-12-03 00:00:00-05:00,3.2070000171661377,3.2170000076293945,3.0299999713897705,3.0420000553131104,184347.0,0.0,0.0,Natural Gas,NG=F
2024-12-04 00:00:00-05:00,3.0480000972747803,3.0880000591278076,2.9769999980926514,3.0429999828338623,171700.0,0.0,0.0,Natural Gas,NG=F
2024-12-05 00:00:00-05:00,3.071000099182129,3.1549999713897705,3.0350000858306885,3.0789999961853027,183885.0,0.0,0.0,Natural Gas,NG=F
2024-12-06 00:00:00-05:00,3.0869998931884766,3.1080000400543213,3.003999948501587,3.0759999752044678,188687.0,0.0,0.0,Natural Gas,NG=F
2024-12-09 00:00:00-05:00,3.259999990463257,3.3239998817443848,3.13700008392334,3.181999921798706,258430.0,0.0,0.0,Natural Gas,NG=F
2024-12-10 00:00:00-05:00,3.188999891281128,3.193000078201294,3.069000005722046,3.1630001068115234,233880.0,0.0,0.0,Natural Gas,NG=F
2024-12-11 00:00:00-05:00,3.193000078201294,3.4040000438690186,3.180999994277954,3.378000020980835,276534.0,0.0,0.0,Natural Gas,NG=F
2024-12-12 00:00:00-05:00,3.364000082015991,3.559000015258789,3.2820000648498535,3.4549999237060547,328089.0,0.0,0.0,Natural Gas,NG=F
2024-12-13 00:00:00-05:00,3.4579999446868896,3.489000082015991,3.2639999389648438,3.2799999713897705,213643.0,0.0,0.0,Natural Gas,NG=F
2024-12-16 00:00:00-05:00,3.2100000381469727,3.253000020980835,3.1449999809265137,3.2139999866485596,172230.0,0.0,0.0,Natural Gas,NG=F
2024-12-17 00:00:00-05:00,3.2269999980926514,3.3940000534057617,3.0910000801086426,3.308000087738037,229155.0,0.0,0.0,Natural Gas,NG=F
2024-12-18 00:00:00-05:00,3.368000030517578,3.440999984741211,3.312000036239624,3.374000072479248,193391.0,0.0,0.0,Natural Gas,NG=F
2024-12-19 00:00:00-05:00,3.4049999713897705,3.6459999084472656,3.3910000324249268,3.5840001106262207,195546.0,0.0,0.0,Natural Gas,NG=F
2024-12-20 00:00:00-05:00,3.631999969482422,3.828000068664551,3.553999900817871,3.747999906539917,221930.0,0.0,0.0,Natural Gas,NG=F
2024-12-23 00:00:00-05:00,3.86899995803833,3.944000005722046,3.5810000896453857,3.6559998989105225,125622.0,0.0,0.0,Natural Gas,NG=F
2024-12-24 00:00:00-05:00,3.694999933242798,3.9579999446868896,3.6659998893737793,3.946000099182129,66852.0,0.0,0.0,Natural Gas,NG=F
2024-12-26 00:00:00-05:00,3.9700000286102295,4.010000228881836,3.6519999504089355,3.7149999141693115,67209.0,0.0,0.0,Natural Gas,NG=F
2024-12-27 00:00:00-05:00,3.7070000171661377,3.88700008392334,3.369999885559082,3.5139999389648438,189959.0,0.0,0.0,Natural Gas,NG=F
2024-12-30 00:00:00-05:00,3.6570000648498535,4.201000213623047,3.6480000019073486,3.936000108718872,374324.0,0.0,0.0,Natural Gas,NG=F
2024-12-31 00:00:00-05:00,3.9149999618530273,4.01200008392334,3.5769999027252197,3.632999897003174,184552.0,0.0,0.0,Natural Gas,NG=F
2025-01-02 00:00:00-05:00,3.6559998989105225,3.8010001182556152,3.5409998893737793,3.6600000858306885,156670.0,0.0,0.0,Natural Gas,NG=F
2025-01-03 00:00:00-05:00,3.6689999103546143,3.680000066757202,3.3299999237060547,3.3540000915527344,188094.0,0.0,0.0,Natural Gas,NG=F
2025-01-06 00:00:00-05:00,3.553999900817871,3.7260000705718994,3.502000093460083,3.671999931335449,228124.0,0.0,0.0,Natural Gas,NG=F
2025-01-07 00:00:00-05:00,3.7049999237060547,3.73799991607666,3.427000045776367,3.4489998817443848,182148.0,0.0,0.0,Natural Gas,NG=F
2025-01-08 00:00:00-05:00,3.447999954223633,3.694000005722046,3.427000045776367,3.6510000228881836,189259.0,0.0,0.0,Natural Gas,NG=F
2025-01-09 00:00:00-05:00,3.681999921798706,3.8299999237060547,3.552000045776367,3.7009999752044678,145203.0,0.0,0.0,Natural Gas,NG=F
2025-01-10 00:00:00-05:00,3.7090001106262207,4.01800012588501,3.684999942779541,3.989000082015991,145203.0,0.0,0.0,Natural Gas,NG=F
2024-01-03 00:00:00-05:00,2.5299999713897705,2.623199939727783,2.507499933242798,2.6043999195098877,49206.0,0.0,0.0,Heating Oil,HO=F
2024-01-04 00:00:00-05:00,2.606300115585327,2.628700017929077,2.5553998947143555,2.588399887084961,50752.0,0.0,0.0,Heating Oil,HO=F
2024-01-05 00:00:00-05:00,2.5906999111175537,2.623199939727783,2.5841000080108643,2.6085000038146973,47229.0,0.0,0.0,Heating Oil,HO=F
2024-01-08 00:00:00-05:00,2.6212000846862793,2.630000114440918,2.5281999111175537,2.576900005340576,61795.0,0.0,0.0,Heating Oil,HO=F
2024-01-09 00:00:00-05:00,2.581899881362915,2.6754000186920166,2.5797998905181885,2.650399923324585,68777.0,0.0,0.0,Heating Oil,HO=F
2024-01-10 00:00:00-05:00,2.6482999324798584,2.7021000385284424,2.5920000076293945,2.600600004196167,68636.0,0.0,0.0,Heating Oil,HO=F
2024-01-11 00:00:00-05:00,2.6033999919891357,2.697000026702881,2.5978000164031982,2.673799991607666,62106.0,0.0,0.0,Heating Oil,HO=F
2024-01-12 00:00:00-05:00,2.694200038909912,2.78629994392395,2.666300058364868,2.669300079345703,69193.0,0.0,0.0,Heating Oil,HO=F
2024-01-16 00:00:00-05:00,2.684799909591675,2.7362000942230225,2.6154000759124756,2.660599946975708,88066.0,0.0,0.0,Heating Oil,HO=F
2024-01-17 00:00:00-05:00,2.658799886703491,2.658799886703491,2.608299970626831,2.653599977493286,48346.0,0.0,0.0,Heating Oil,HO=F
2024-01-18 00:00:00-05:00,2.648900032043457,2.6984000205993652,2.631700038909912,2.6935999393463135,35797.0,0.0,0.0,Heating Oil,HO=F
2024-01-19 00:00:00-05:00,2.694000005722046,2.724900007247925,2.6577999591827393,2.662100076675415,38349.0,0.0,0.0,Heating Oil,HO=F
2024-01-22 00:00:00-05:00,2.67330002784729,2.712899923324585,2.636899948120117,2.69350004196167,29867.0,0.0,0.0,Heating Oil,HO=F
2024-01-23 00:00:00-05:00,2.696000099182129,2.7149999141693115,2.6480000019073486,2.6912999153137207,22713.0,0.0,0.0,Heating Oil,HO=F
2024-01-24 00:00:00-05:00,2.6947999000549316,2.714900016784668,2.660799980163574,2.68179988861084,26679.0,0.0,0.0,Heating Oil,HO=F
2024-01-25 00:00:00-05:00,2.690999984741211,2.799999952316284,2.6877999305725098,2.7953999042510986,26857.0,0.0,0.0,Heating Oil,HO=F
2024-01-26 00:00:00-05:00,2.790800094604492,2.8715999126434326,2.740299940109253,2.843400001525879,27459.0,0.0,0.0,Heating Oil,HO=F
2024-01-29 00:00:00-05:00,2.8798999786376953,2.8922998905181885,2.8071000576019287,2.833899974822998,19553.0,0.0,0.0,Heating Oil,HO=F
2024-01-30 00:00:00-05:00,2.8375000953674316,2.848900079727173,2.7629001140594482,2.80679988861084,14859.0,0.0,0.0,Heating Oil,HO=F
2024-01-31 00:00:00-05:00,2.7927000522613525,2.8417999744415283,2.7832999229431152,2.808199882507324,68222.0,0.0,0.0,Heating Oil,HO=F
2024-02-01 00:00:00-05:00,2.7943999767303467,2.8183000087738037,2.6846001148223877,2.712899923324585,91058.0,0.0,0.0,Heating Oil,HO=F
2024-02-02 00:00:00-05:00,2.7242000102996826,2.737799882888794,2.6350998878479004,2.6600000858306885,70703.0,0.0,0.0,Heating Oil,HO=F
2024-02-05 00:00:00-05:00,2.678999900817871,2.731800079345703,2.661099910736084,2.7248001098632812,55935.0,0.0,0.0,Heating Oil,HO=F
2024-02-06 00:00:00-05:00,2.73009991645813,2.7636001110076904,2.7111001014709473,2.7427000999450684,51925.0,0.0,0.0,Heating Oil,HO=F
2024-02-07 00:00:00-05:00,2.7585999965667725,2.8269999027252197,2.7479000091552734,2.815200090408325,72671.0,0.0,0.0,Heating Oil,HO=F
2024-02-08 00:00:00-05:00,2.8220999240875244,2.897900104522705,2.8064000606536865,2.8907999992370605,69808.0,0.0,0.0,Heating Oil,HO=F
2024-02-09 00:00:00-05:00,2.89490008354187,2.9735000133514404,2.8757998943328857,2.964200019836426,79909.0,0.0,0.0,Heating Oil,HO=F
2024-02-12 00:00:00-05:00,2.9493000507354736,2.950200080871582,2.895900011062622,2.919600009918213,65650.0,0.0,0.0,Heating Oil,HO=F
2024-02-13 00:00:00-05:00,2.9375,2.9649999141693115,2.884500026702881,2.895900011062622,60947.0,0.0,0.0,Heating Oil,HO=F
2024-02-14 00:00:00-05:00,2.8965001106262207,2.910799980163574,2.799999952316284,2.8101000785827637,79297.0,0.0,0.0,Heating Oil,HO=F
2024-02-15 00:00:00-05:00,2.8013999462127686,2.862299919128418,2.7708001136779785,2.823699951171875,62618.0,0.0,0.0,Heating Oil,HO=F
2024-02-16 00:00:00-05:00,2.8180999755859375,2.8232998847961426,2.752000093460083,2.8066000938415527,56443.0,0.0,0.0,Heating Oil,HO=F
2024-02-20 00:00:00-05:00,2.8066000938415527,2.8224000930786133,2.727400064468384,2.7314999103546143,44533.0,0.0,0.0,Heating Oil,HO=F
2024-02-21 00:00:00-05:00,2.740999937057495,2.7416999340057373,2.6819000244140625,2.705199956893921,35717.0,0.0,0.0,Heating Oil,HO=F
2024-02-22 00:00:00-05:00,2.7167999744415283,2.7565999031066895,2.6654000282287598,2.752000093460083,31911.0,0.0,0.0,Heating Oil,HO=F
2024-02-23 00:00:00-05:00,2.7472000122070312,2.7500998973846436,2.6700000762939453,2.68969988822937,33433.0,0.0,0.0,Heating Oil,HO=F
2024-02-26 00:00:00-05:00,2.6891000270843506,2.7739999294281006,2.6649999618530273,2.762700080871582,28083.0,0.0,0.0,Heating Oil,HO=F
2024-02-27 00:00:00-05:00,2.771699905395508,2.7860000133514404,2.7339000701904297,2.746000051498413,19691.0,0.0,0.0,Heating Oil,HO=F
2024-02-28 00:00:00-05:00,2.738600015640259,2.7520999908447266,2.641400098800659,2.6582999229431152,20371.0,0.0,0.0,Heating Oil,HO=F
2024-02-29 00:00:00-05:00,2.6407999992370605,2.7049999237060547,2.615000009536743,2.683799982070923,84583.0,0.0,0.0,Heating Oil,HO=F
2024-03-01 00:00:00-05:00,2.6522998809814453,2.7239999771118164,2.641700029373169,2.704200029373169,53350.0,0.0,0.0,Heating Oil,HO=F
2024-03-04 00:00:00-05:00,2.712899923324585,2.712899923324585,2.6354000568389893,2.647200107574463,53201.0,0.0,0.0,Heating Oil,HO=F
2024-03-05 00:00:00-05:00,2.6494998931884766,2.666300058364868,2.59879994392395,2.6064999103546143,43587.0,0.0,0.0,Heating Oil,HO=F
2024-03-06 00:00:00-05:00,2.600399971008301,2.680999994277954,2.591200113296509,2.663300037384033,52036.0,0.0,0.0,Heating Oil,HO=F
2024-03-07 00:00:00-05:00,2.6594998836517334,2.7125000953674316,2.6415998935699463,2.694700002670288,59378.0,0.0,0.0,Heating Oil,HO=F
2024-03-08 00:00:00-05:00,2.6981000900268555,2.724400043487549,2.6208999156951904,2.640899896621704,50367.0,0.0,0.0,Heating Oil,HO=F
2024-03-11 00:00:00-04:00,2.630000114440918,2.664299964904785,2.5882999897003174,2.6517999172210693,56857.0,0.0,0.0,Heating Oil,HO=F
2024-03-12 00:00:00-04:00,2.6535000801086426,2.6768999099731445,2.608099937438965,2.616499900817871,58212.0,0.0,0.0,Heating Oil,HO=F
2024-03-13 00:00:00-04:00,2.6291000843048096,2.7037999629974365,2.6226000785827637,2.6851000785827637,59320.0,0.0,0.0,Heating Oil,HO=F
2024-03-14 00:00:00-04:00,2.6949000358581543,2.7260000705718994,2.6875,2.7088000774383545,46076.0,0.0,0.0,Heating Oil,HO=F
2024-03-15 00:00:00-04:00,2.704699993133545,2.7372000217437744,2.6767001152038574,2.7269999980926514,49818.0,0.0,0.0,Heating Oil,HO=F
2024-03-18 00:00:00-04:00,2.7267000675201416,2.796299934387207,2.7242000102996826,2.7881999015808105,48342.0,0.0,0.0,Heating Oil,HO=F
2024-03-19 00:00:00-04:00,2.7734999656677246,2.7811999320983887,2.7499001026153564,2.760699987411499,24389.0,0.0,0.0,Heating Oil,HO=F
2024-03-20 00:00:00-04:00,2.753999948501587,2.7588000297546387,2.6714000701904297,2.69569993019104,34084.0,0.0,0.0,Heating Oil,HO=F
2024-03-21 00:00:00-04:00,2.69320011138916,2.7026000022888184,2.635999917984009,2.668800115585327,24849.0,0.0,0.0,Heating Oil,HO=F
2024-03-22 00:00:00-04:00,2.6630001068115234,2.6903998851776123,2.6470999717712402,2.65339994430542,27586.0,0.0,0.0,Heating Oil,HO=F
2024-03-25 00:00:00-04:00,2.664400100708008,2.706199884414673,2.6533000469207764,2.6786000728607178,29059.0,0.0,0.0,Heating Oil,HO=F
2024-03-26 00:00:00-04:00,2.684499979019165,2.687000036239624,2.6096999645233154,2.621799945831299,24093.0,0.0,0.0,Heating Oil,HO=F
2024-03-27 00:00:00-04:00,2.6108999252319336,2.6171998977661133,2.588399887084961,2.598599910736084,20972.0,0.0,0.0,Heating Oil,HO=F
2024-03-28 00:00:00-04:00,2.596299886703491,2.622499942779541,2.5790998935699463,2.615600109100342,60829.0,0.0,0.0,Heating Oil,HO=F
2024-04-01 00:00:00-04:00,2.621500015258789,2.638400077819824,2.578700065612793,2.6270999908447266,44775.0,0.0,0.0,Heating Oil,HO=F
2024-04-02 00:00:00-04:00,2.6461000442504883,2.7256999015808105,2.6356000900268555,2.711899995803833,63374.0,0.0,0.0,Heating Oil,HO=F
2024-04-03 00:00:00-04:00,2.7269999980926514,2.772900104522705,2.7135000228881836,2.7323999404907227,60033.0,0.0,0.0,Heating Oil,HO=F
2024-04-04 00:00:00-04:00,2.7386999130249023,2.763200044631958,2.6933000087738037,2.741300106048584,46226.0,0.0,0.0,Heating Oil,HO=F
2024-04-05 00:00:00-04:00,2.7553000450134277,2.7945001125335693,2.7479000091552734,2.7730000019073486,49664.0,0.0,0.0,Heating Oil,HO=F
2024-04-08 00:00:00-04:00,2.7511000633239746,2.7555999755859375,2.695499897003174,2.7286999225616455,51984.0,0.0,0.0,Heating Oil,HO=F
2024-04-09 00:00:00-04:00,2.729599952697754,2.7444000244140625,2.673099994659424,2.677000045776367,49966.0,0.0,0.0,Heating Oil,HO=F
2024-04-10 00:00:00-04:00,2.674299955368042,2.717900037765503,2.6554999351501465,2.7076001167297363,58411.0,0.0,0.0,Heating Oil,HO=F
2024-04-11 00:00:00-04:00,2.714900016784668,2.724400043487549,2.6528000831604004,2.6598000526428223,54554.0,0.0,0.0,Heating Oil,HO=F
2024-04-12 00:00:00-04:00,2.6675000190734863,2.732599973678589,2.66510009765625,2.6851000785827637,42431.0,0.0,0.0,Heating Oil,HO=F
2024-04-15 00:00:00-04:00,2.700000047683716,2.7107999324798584,2.6161999702453613,2.6542000770568848,39560.0,0.0,0.0,Heating Oil,HO=F
2024-04-16 00:00:00-04:00,2.6654000282287598,2.6770999431610107,2.624300003051758,2.6512999534606934,34627.0,0.0,0.0,Heating Oil,HO=F
2024-04-17 00:00:00-04:00,2.654900074005127,2.657900094985962,2.562000036239624,2.574700117111206,46959.0,0.0,0.0,Heating Oil,HO=F
2024-04-18 00:00:00-04:00,2.578700065612793,2.586899995803833,2.5260000228881836,2.533900022506714,34686.0,0.0,0.0,Heating Oil,HO=F
2024-04-19 00:00:00-04:00,2.5346999168395996,2.6487998962402344,2.513700008392334,2.541300058364868,29613.0,0.0,0.0,Heating Oil,HO=F
2024-04-22 00:00:00-04:00,2.536900043487549,2.570499897003174,2.5039000511169434,2.5604000091552734,20054.0,0.0,0.0,Heating Oil,HO=F
2024-04-23 00:00:00-04:00,2.5699000358581543,2.5887999534606934,2.523400068283081,2.579200029373169,25942.0,0.0,0.0,Heating Oil,HO=F
2024-04-24 00:00:00-04:00,2.574700117111206,2.585200071334839,2.53629994392395,2.5499000549316406,22110.0,0.0,0.0,Heating Oil,HO=F
2024-04-25 00:00:00-04:00,2.5557000637054443,2.573899984359741,2.5183000564575195,2.5504000186920166,20566.0,0.0,0.0,Heating Oil,HO=F
2024-04-26 00:00:00-04:00,2.558799982070923,2.584399938583374,2.5446999073028564,2.5481998920440674,18867.0,0.0,0.0,Heating Oil,HO=F
2024-04-29 00:00:00-04:00,2.544100046157837,2.570199966430664,2.526400089263916,2.5313000679016113,19319.0,0.0,0.0,Heating Oil,HO=F
2024-04-30 00:00:00-04:00,2.5355000495910645,2.555999994277954,2.474600076675415,2.513400077819824,60739.0,0.0,0.0,Heating Oil,HO=F
2024-05-01 00:00:00-04:00,2.5220000743865967,2.5309998989105225,2.4458000659942627,2.451900005340576,57890.0,0.0,0.0,Heating Oil,HO=F
2024-05-02 00:00:00-04:00,2.457900047302246,2.474900007247925,2.4219000339508057,2.4430999755859375,60721.0,0.0,0.0,Heating Oil,HO=F
2024-05-03 00:00:00-04:00,2.4530999660491943,2.4625000953674316,2.430500030517578,2.4433999061584473,54088.0,0.0,0.0,Heating Oil,HO=F
2024-05-06 00:00:00-04:00,2.443000078201294,2.4769999980926514,2.434000015258789,2.461400032043457,52508.0,0.0,0.0,Heating Oil,HO=F
2024-05-07 00:00:00-04:00,2.4677999019622803,2.4814000129699707,2.427000045776367,2.46560001373291,51468.0,0.0,0.0,Heating Oil,HO=F
2024-05-08 00:00:00-04:00,2.4611001014709473,2.4872000217437744,2.4263999462127686,2.476099967956543,56046.0,0.0,0.0,Heating Oil,HO=F
2024-05-09 00:00:00-04:00,2.485100030899048,2.510200023651123,2.4704999923706055,2.47760009765625,49209.0,0.0,0.0,Heating Oil,HO=F
2024-05-10 00:00:00-04:00,2.483599901199341,2.501199960708618,2.430999994277954,2.4344000816345215,50225.0,0.0,0.0,Heating Oil,HO=F
2024-05-13 00:00:00-04:00,2.4314000606536865,2.466900110244751,2.4230000972747803,2.436800003051758,53503.0,0.0,0.0,Heating Oil,HO=F
2024-05-14 00:00:00-04:00,2.440200090408325,2.447200059890747,2.401400089263916,2.4200000762939453,54381.0,0.0,0.0,Heating Oil,HO=F
2024-05-15 00:00:00-04:00,2.4289000034332275,2.43969988822937,2.3763999938964844,2.423099994659424,45058.0,0.0,0.0,Heating Oil,HO=F
2024-05-16 00:00:00-04:00,2.4275999069213867,2.4565000534057617,2.4186999797821045,2.443700075149536,49400.0,0.0,0.0,Heating Oil,HO=F
2024-05-17 00:00:00-04:00,2.4516000747680664,2.4923999309539795,2.450900077819824,2.486299991607666,48204.0,0.0,0.0,Heating Oil,HO=F
2024-05-20 00:00:00-04:00,2.4883999824523926,2.504300117492676,2.4598000049591064,2.4870998859405518,37284.0,0.0,0.0,Heating Oil,HO=F
2024-05-21 00:00:00-04:00,2.482599973678589,2.4839999675750732,2.44320011138916,2.4623000621795654,31786.0,0.0,0.0,Heating Oil,HO=F
2024-05-22 00:00:00-04:00,2.458699941635132,2.463900089263916,2.4228999614715576,2.43179988861084,26359.0,0.0,0.0,Heating Oil,HO=F
2024-05-23 00:00:00-04:00,2.427299976348877,2.4702999591827393,2.400899887084961,2.411799907684326,30052.0,0.0,0.0,Heating Oil,HO=F
2024-05-24 00:00:00-04:00,2.4175000190734863,2.4302000999450684,2.389699935913086,2.413599967956543,21871.0,0.0,0.0,Heating Oil,HO=F
2024-05-28 00:00:00-04:00,2.414799928665161,2.4800000190734863,2.413100004196167,2.4649999141693115,28962.0,0.0,0.0,Heating Oil,HO=F
2024-05-29 00:00:00-04:00,2.48009991645813,2.493499994277954,2.429500102996826,2.437000036239624,22873.0,0.0,0.0,Heating Oil,HO=F
2024-05-30 00:00:00-04:00,2.430500030517578,2.436800003051758,2.3636999130249023,2.3694000244140625,18119.0,0.0,0.0,Heating Oil,HO=F
2024-05-31 00:00:00-04:00,2.36899995803833,2.389400005340576,2.350800037384033,2.363600015640259,57315.0,0.0,0.0,Heating Oil,HO=F
2024-06-03 00:00:00-04:00,2.387200117111206,2.400599956512451,2.286600112915039,2.2962000370025635,88469.0,0.0,0.0,Heating Oil,HO=F
2024-06-04 00:00:00-04:00,2.289799928665161,2.297800064086914,2.2565999031066895,2.285900115966797,70986.0,0.0,0.0,Heating Oil,HO=F
2024-06-05 00:00:00-04:00,2.2827999591827393,2.314300060272217,2.2788000106811523,2.301100015640259,59218.0,0.0,0.0,Heating Oil,HO=F
2024-06-06 00:00:00-04:00,2.311800003051758,2.36080002784729,2.3018999099731445,2.357599973678589,48236.0,0.0,0.0,Heating Oil,HO=F
2024-06-07 00:00:00-04:00,2.3606998920440674,2.3747000694274902,2.3454999923706055,2.3517000675201416,47781.0,0.0,0.0,Heating Oil,HO=F
2024-06-10 00:00:00-04:00,2.3550000190734863,2.4247000217437744,2.3550000190734863,2.4147000312805176,56814.0,0.0,0.0,Heating Oil,HO=F
2024-06-11 00:00:00-04:00,2.425299882888794,2.443000078201294,2.397900104522705,2.421299934387207,57341.0,0.0,0.0,Heating Oil,HO=F
2024-06-12 00:00:00-04:00,2.4342000484466553,2.471299886703491,2.4230000972747803,2.4407999515533447,63073.0,0.0,0.0,Heating Oil,HO=F
2024-06-13 00:00:00-04:00,2.439500093460083,2.4888999462127686,2.4258999824523926,2.486799955368042,63609.0,0.0,0.0,Heating Oil,HO=F
2024-06-14 00:00:00-04:00,2.4846999645233154,2.533799886703491,2.4693000316619873,2.470599889755249,68569.0,0.0,0.0,Heating Oil,HO=F
2024-06-17 00:00:00-04:00,2.469599962234497,2.499300003051758,2.4581000804901123,2.4825000762939453,46443.0,0.0,0.0,Heating Oil,HO=F
2024-06-18 00:00:00-04:00,2.4867000579833984,2.5295000076293945,2.4674999713897705,2.5208001136779785,42766.0,0.0,0.0,Heating Oil,HO=F
2024-06-20 00:00:00-04:00,2.529599905014038,2.549999952316284,2.5164999961853027,2.5244998931884766,33190.0,0.0,0.0,Heating Oil,HO=F
2024-06-21 00:00:00-04:00,2.525899887084961,2.544600009918213,2.4856998920440674,2.491499900817871,34674.0,0.0,0.0,Heating Oil,HO=F
2024-06-24 00:00:00-04:00,2.4863998889923096,2.5267999172210693,2.4707999229431152,2.521399974822998,23782.0,0.0,0.0,Heating Oil,HO=F
2024-06-25 00:00:00-04:00,2.5220999717712402,2.538599967956543,2.5046000480651855,2.509399890899658,22160.0,0.0,0.0,Heating Oil,HO=F
2024-06-26 00:00:00-04:00,2.510999917984009,2.558199882507324,2.509000062942505,2.5374999046325684,20172.0,0.0,0.0,Heating Oil,HO=F
2024-06-27 00:00:00-04:00,2.5348000526428223,2.58489990234375,2.528700113296509,2.547600030899048,17128.0,0.0,0.0,Heating Oil,HO=F
2024-06-28 00:00:00-04:00,2.559799909591675,2.569999933242798,2.5132999420166016,2.516900062561035,62735.0,0.0,0.0,Heating Oil,HO=F
2024-07-01 00:00:00-04:00,2.544600009918213,2.618799924850464,2.539799928665161,2.6147000789642334,72938.0,0.0,0.0,Heating Oil,HO=F
2024-07-02 00:00:00-04:00,2.6133999824523926,2.6594998836517334,2.6120998859405518,2.629699945449829,77562.0,0.0,0.0,Heating Oil,HO=F
2024-07-03 00:00:00-04:00,2.6319000720977783,2.636199951171875,2.593100070953369,2.6342999935150146,57237.0,0.0,0.0,Heating Oil,HO=F
2024-07-05 00:00:00-04:00,2.6282999515533447,2.6466000080108643,2.5957999229431152,2.602400064468384,61047.0,0.0,0.0,Heating Oil,HO=F
2024-07-08 00:00:00-04:00,2.6089999675750732,2.617500066757202,2.565000057220459,2.5790998935699463,49042.0,0.0,0.0,Heating Oil,HO=F
2024-07-09 00:00:00-04:00,2.572700023651123,2.5878000259399414,2.5201001167297363,2.5236001014709473,75504.0,0.0,0.0,Heating Oil,HO=F
2024-07-10 00:00:00-04:00,2.5299999713897705,2.5369999408721924,2.4964001178741455,2.518399953842163,69409.0,0.0,0.0,Heating Oil,HO=F
2024-07-11 00:00:00-04:00,2.5244998931884766,2.5436999797821045,2.504499912261963,2.518199920654297,45136.0,0.0,0.0,Heating Oil,HO=F
2024-07-12 00:00:00-04:00,2.5241000652313232,2.5510001182556152,2.5058999061584473,2.5095999240875244,46909.0,0.0,0.0,Heating Oil,HO=F
2024-07-15 00:00:00-04:00,2.5064001083374023,2.527600049972534,2.4860999584198,2.5136001110076904,54045.0,0.0,0.0,Heating Oil,HO=F
2024-07-16 00:00:00-04:00,2.51200008392334,2.5143001079559326,2.4586000442504883,2.4688000679016113,42814.0,0.0,0.0,Heating Oil,HO=F
2024-07-17 00:00:00-04:00,2.4653000831604004,2.503700017929077,2.4514999389648438,2.49399995803833,39232.0,0.0,0.0,Heating Oil,HO=F
2024-07-18 00:00:00-04:00,2.4974000453948975,2.515399932861328,2.4632999897003174,2.486799955368042,33056.0,0.0,0.0,Heating Oil,HO=F
2024-07-19 00:00:00-04:00,2.474299907684326,2.502500057220459,2.41729998588562,2.419100046157837,41154.0,0.0,0.0,Heating Oil,HO=F
2024-07-22 00:00:00-04:00,2.425800085067749,2.4381000995635986,2.3970999717712402,2.434799909591675,26916.0,0.0,0.0,Heating Oil,HO=F
2024-07-23 00:00:00-04:00,2.4321999549865723,2.450000047683716,2.3970000743865967,2.409899950027466,25242.0,0.0,0.0,Heating Oil,HO=F
2024-07-24 00:00:00-04:00,2.4231998920440674,2.457900047302246,2.4166998863220215,2.452399969100952,21227.0,0.0,0.0,Heating Oil,HO=F
2024-07-25 00:00:00-04:00,2.4460999965667725,2.4760000705718994,2.40310001373291,2.4711999893188477,20979.0,0.0,0.0,Heating Oil,HO=F
2024-07-26 00:00:00-04:00,2.473900079727173,2.4776999950408936,2.4019999504089355,2.4196999073028564,25160.0,0.0,0.0,Heating Oil,HO=F
2024-07-29 00:00:00-04:00,2.430000066757202,2.4400999546051025,2.3664000034332275,2.375,21115.0,0.0,0.0,Heating Oil,HO=F
2024-07-30 00:00:00-04:00,2.3777999877929688,2.3777999877929688,2.3326001167297363,2.3368000984191895,18062.0,0.0,0.0,Heating Oil,HO=F
2024-07-31 00:00:00-04:00,2.3480000495910645,2.4209001064300537,2.3457999229431152,2.4154999256134033,68032.0,0.0,0.0,Heating Oil,HO=F
2024-08-01 00:00:00-04:00,2.4560000896453857,2.4667999744415283,2.4030001163482666,2.406399965286255,48330.0,0.0,0.0,Heating Oil,HO=F
2024-08-02 00:00:00-04:00,2.423799991607666,2.4289000034332275,2.3134000301361084,2.31850004196167,67090.0,0.0,0.0,Heating Oil,HO=F
2024-08-05 00:00:00-04:00,2.330699920654297,2.3401999473571777,2.2646000385284424,2.2985999584198,62790.0,0.0,0.0,Heating Oil,HO=F
2024-08-06 00:00:00-04:00,2.322200059890747,2.3399999141693115,2.2785000801086426,2.295799970626831,52718.0,0.0,0.0,Heating Oil,HO=F
2024-08-07 00:00:00-04:00,2.2939000129699707,2.365999937057495,2.2850000858306885,2.355600118637085,55752.0,0.0,0.0,Heating Oil,HO=F
2024-08-08 00:00:00-04:00,2.3568999767303467,2.3654000759124756,2.3289999961853027,2.357800006866455,59212.0,0.0,0.0,Heating Oil,HO=F
2024-08-09 00:00:00-04:00,2.3592000007629395,2.3717000484466553,2.332900047302246,2.3396999835968018,61750.0,0.0,0.0,Heating Oil,HO=F
2024-08-12 00:00:00-04:00,2.3422999382019043,2.410900115966797,2.3375000953674316,2.4065001010894775,53377.0,0.0,0.0,Heating Oil,HO=F
2024-08-13 00:00:00-04:00,2.401700019836426,2.4156999588012695,2.3847999572753906,2.38919997215271,50217.0,0.0,0.0,Heating Oil,HO=F
2024-08-14 00:00:00-04:00,2.399899959564209,2.4098000526428223,2.3642001152038574,2.3682000637054443,50597.0,0.0,0.0,Heating Oil,HO=F
2024-08-15 00:00:00-04:00,2.368499994277954,2.397599935531616,2.3619000911712646,2.3778998851776123,49262.0,0.0,0.0,Heating Oil,HO=F
2024-08-16 00:00:00-04:00,2.3773000240325928,2.3773000240325928,2.3129000663757324,2.328700065612793,51679.0,0.0,0.0,Heating Oil,HO=F
2024-08-19 00:00:00-04:00,2.3262999057769775,2.333899974822998,2.2602999210357666,2.2634999752044678,43550.0,0.0,0.0,Heating Oil,HO=F
2024-08-20 00:00:00-04:00,2.2671000957489014,2.286900043487549,2.231800079345703,2.263200044631958,50738.0,0.0,0.0,Heating Oil,HO=F
2024-08-21 00:00:00-04:00,2.2774999141693115,2.3071000576019287,2.2399001121520996,2.2497000694274902,37825.0,0.0,0.0,Heating Oil,HO=F
2024-08-22 00:00:00-04:00,2.2493999004364014,2.277400016784668,2.2344000339508057,2.2634999752044678,28233.0,0.0,0.0,Heating Oil,HO=F
2024-08-23 00:00:00-04:00,2.267699956893921,2.3162999153137207,2.2664999961853027,2.2997000217437744,29328.0,0.0,0.0,Heating Oil,HO=F
2024-08-26 00:00:00-04:00,2.3141000270843506,2.3677000999450684,2.309000015258789,2.3480000495910645,30245.0,0.0,0.0,Heating Oil,HO=F
2024-08-27 00:00:00-04:00,2.34660005569458,2.3559999465942383,2.2836999893188477,2.2862000465393066,22783.0,0.0,0.0,Heating Oil,HO=F
2024-08-28 00:00:00-04:00,2.288100004196167,2.294800043106079,2.2279000282287598,2.229099988937378,19291.0,0.0,0.0,Heating Oil,HO=F
2024-08-29 00:00:00-04:00,2.226099967956543,2.296099901199341,2.216200113296509,2.2839999198913574,17281.0,0.0,0.0,Heating Oil,HO=F
2024-08-30 00:00:00-04:00,2.2952001094818115,2.314500093460083,2.246799945831299,2.251499891281128,69162.0,0.0,0.0,Heating Oil,HO=F
2024-09-03 00:00:00-04:00,2.280600070953369,2.295799970626831,2.199199914932251,2.2060000896453857,77289.0,0.0,0.0,Heating Oil,HO=F
2024-09-04 00:00:00-04:00,2.2039999961853027,2.2274999618530273,2.1500000953674316,2.1575000286102295,62982.0,0.0,0.0,Heating Oil,HO=F
2024-09-05 00:00:00-04:00,2.160799980163574,2.2037999629974365,2.154400110244751,2.1689000129699707,51291.0,0.0,0.0,Heating Oil,HO=F
2024-09-06 00:00:00-04:00,2.171099901199341,2.188499927520752,2.1026999950408936,2.115000009536743,47947.0,0.0,0.0,Heating Oil,HO=F
2024-09-09 00:00:00-04:00,2.131500005722046,2.16510009765625,2.1084001064300537,2.139400005340576,47947.0,0.0,0.0,Heating Oil,HO=F
2024-09-10 00:00:00-04:00,2.1519999504089355,2.15939998626709,2.0548999309539795,2.058000087738037,57359.0,0.0,0.0,Heating Oil,HO=F
2024-09-11 00:00:00-04:00,2.070199966430664,2.10479998588562,2.043100118637085,2.0917000770568848,62041.0,0.0,0.0,Heating Oil,HO=F
2024-09-12 00:00:00-04:00,2.0899999141693115,2.1468000411987305,2.08240008354187,2.118799924850464,54364.0,0.0,0.0,Heating Oil,HO=F
2024-09-13 00:00:00-04:00,2.1240999698638916,2.1417999267578125,2.081399917602539,2.0843000411987305,58560.0,0.0,0.0,Heating Oil,HO=F
2024-09-16 00:00:00-04:00,2.085599899291992,2.1157000064849854,2.0676000118255615,2.0968000888824463,52481.0,0.0,0.0,Heating Oil,HO=F
2024-09-17 00:00:00-04:00,2.1036999225616455,2.1540000438690186,2.0815000534057617,2.136699914932251,48761.0,0.0,0.0,Heating Oil,HO=F
2024-09-18 00:00:00-04:00,2.140700101852417,2.1600000858306885,2.10509991645813,2.1475000381469727,48766.0,0.0,0.0,Heating Oil,HO=F
2024-09-19 00:00:00-04:00,2.133699893951416,2.1842000484466553,2.1314001083374023,2.171999931335449,30495.0,0.0,0.0,Heating Oil,HO=F
2024-09-20 00:00:00-04:00,2.1749000549316406,2.1786999702453613,2.151099920272827,2.1614999771118164,27758.0,0.0,0.0,Heating Oil,HO=F
2024-09-23 00:00:00-04:00,2.172499895095825,2.1854000091552734,2.1175999641418457,2.1451001167297363,36871.0,0.0,0.0,Heating Oil,HO=F
2024-09-24 00:00:00-04:00,2.159899950027466,2.199199914932251,2.15120005607605,2.180500030517578,40219.0,0.0,0.0,Heating Oil,HO=F
2024-09-25 00:00:00-04:00,2.1858999729156494,2.1923999786376953,2.1470999717712402,2.1602001190185547,30047.0,0.0,0.0,Heating Oil,HO=F
2024-09-26 00:00:00-04:00,2.1596999168395996,2.170599937438965,2.0980000495910645,2.1361000537872314,18152.0,0.0,0.0,Heating Oil,HO=F
2024-09-27 00:00:00-04:00,2.131200075149536,2.1558001041412354,2.1033999919891357,2.132699966430664,20107.0,0.0,0.0,Heating Oil,HO=F
2024-09-30 00:00:00-04:00,2.147599935531616,2.1670000553131104,2.121299982070923,2.1317999362945557,60692.0,0.0,0.0,Heating Oil,HO=F
2024-10-01 00:00:00-04:00,2.157599925994873,2.2304000854492188,2.1005001068115234,2.1742000579833984,85344.0,0.0,0.0,Heating Oil,HO=F
2024-10-02 00:00:00-04:00,2.200000047683716,2.2548000812530518,2.176500082015991,2.1821000576019287,60620.0,0.0,0.0,Heating Oil,HO=F
2024-10-03 00:00:00-04:00,2.202699899673462,2.305999994277954,2.1851000785827637,2.2946999073028564,70567.0,0.0,0.0,Heating Oil,HO=F
2024-10-04 00:00:00-04:00,2.3010001182556152,2.3499999046325684,2.2915000915527344,2.312700033187866,67180.0,0.0,0.0,Heating Oil,HO=F
2024-10-07 00:00:00-04:00,2.3213999271392822,2.4019999504089355,2.3036999702453613,2.396199941635132,66291.0,0.0,0.0,Heating Oil,HO=F
2024-10-08 00:00:00-04:00,2.39520001411438,2.418299913406372,2.2704999446868896,2.2971999645233154,62268.0,0.0,0.0,Heating Oil,HO=F
2024-10-09 00:00:00-04:00,2.3104000091552734,2.3176000118255615,2.240299940109253,2.276900053024292,50747.0,0.0,0.0,Heating Oil,HO=F
2024-10-10 00:00:00-04:00,2.2832000255584717,2.3598999977111816,2.2769999504089355,2.3508999347686768,45264.0,0.0,0.0,Heating Oil,HO=F
2024-10-11 00:00:00-04:00,2.349100112915039,2.3649001121520996,2.3125,2.343899965286255,48597.0,0.0,0.0,Heating Oil,HO=F
2024-10-14 00:00:00-04:00,2.3350000381469727,2.3405001163482666,2.221299886703491,2.274199962615967,43743.0,0.0,0.0,Heating Oil,HO=F
2024-10-15 00:00:00-04:00,2.2190001010894775,2.2328999042510986,2.1700000762939453,2.187700033187866,52209.0,0.0,0.0,Heating Oil,HO=F
2024-10-16 00:00:00-04:00,2.194000005722046,2.202699899673462,2.1558001041412354,2.1747000217437744,33021.0,0.0,0.0,Heating Oil,HO=F
2024-10-17 00:00:00-04:00,2.178299903869629,2.199700117111206,2.1568000316619873,2.194499969482422,40991.0,0.0,0.0,Heating Oil,HO=F
2024-10-18 00:00:00-04:00,2.187299966812134,2.206700086593628,2.1475000381469727,2.1521999835968018,41990.0,0.0,0.0,Heating Oil,HO=F
2024-10-21 00:00:00-04:00,2.158900022506714,2.19350004196167,2.1477999687194824,2.183300018310547,32661.0,0.0,0.0,Heating Oil,HO=F
2024-10-22 00:00:00-04:00,2.176300048828125,2.244999885559082,2.1707000732421875,2.236999988555908,26981.0,0.0,0.0,Heating Oil,HO=F
2024-10-23 00:00:00-04:00,2.2323999404907227,2.241300106048584,2.202500104904175,2.22160005569458,22594.0,0.0,0.0,Heating Oil,HO=F
2024-10-24 00:00:00-04:00,2.2265000343322754,2.2590999603271484,2.1963999271392822,2.2023000717163086,26825.0,0.0,0.0,Heating Oil,HO=F
2024-10-25 00:00:00-04:00,2.211899995803833,2.2520999908447266,2.1975998878479004,2.238100051879883,24237.0,0.0,0.0,Heating Oil,HO=F
2024-10-28 00:00:00-04:00,2.2023000717163086,2.2023000717163086,2.126499891281128,2.1285998821258545,24172.0,0.0,0.0,Heating Oil,HO=F
2024-10-29 00:00:00-04:00,2.1380999088287354,2.151400089263916,2.1061999797821045,2.133699893951416,18703.0,0.0,0.0,Heating Oil,HO=F
2024-10-30 00:00:00-04:00,2.1394999027252197,2.2063000202178955,2.138700008392334,2.1875998973846436,15003.0,0.0,0.0,Heating Oil,HO=F
2024-10-31 00:00:00-04:00,2.202199935913086,2.2284998893737793,2.1981000900268555,2.2195000648498535,74629.0,0.0,0.0,Heating Oil,HO=F
2024-11-01 00:00:00-04:00,2.264899969100952,2.2899999618530273,2.225399971008301,2.2342000007629395,57122.0,0.0,0.0,Heating Oil,HO=F
2024-11-04 00:00:00-05:00,2.245699882507324,2.2990000247955322,2.245699882507324,2.28410005569458,45409.0,0.0,0.0,Heating Oil,HO=F
2024-11-05 00:00:00-05:00,2.2816998958587646,2.3220999240875244,2.2771999835968018,2.3041999340057373,50473.0,0.0,0.0,Heating Oil,HO=F
2024-11-06 00:00:00-05:00,2.298799991607666,2.3124001026153564,2.2416000366210938,2.2699999809265137,66812.0,0.0,0.0,Heating Oil,HO=F
2024-11-07 00:00:00-05:00,2.2660999298095703,2.296600103378296,2.2351999282836914,2.286400079727173,60299.0,0.0,0.0,Heating Oil,HO=F
2024-11-08 00:00:00-05:00,2.279599905014038,2.282599925994873,2.2251999378204346,2.2388999462127686,51613.0,0.0,0.0,Heating Oil,HO=F
2024-11-11 00:00:00-05:00,2.240499973297119,2.247499942779541,2.1895999908447266,2.1975998878479004,50965.0,0.0,0.0,Heating Oil,HO=F
2024-11-12 00:00:00-05:00,2.198899984359741,2.2356998920440674,2.1879000663757324,2.2107999324798584,58730.0,0.0,0.0,Heating Oil,HO=F
2024-11-13 00:00:00-05:00,2.2065999507904053,2.2376999855041504,2.173099994659424,2.2193000316619873,56233.0,0.0,0.0,Heating Oil,HO=F
2024-11-14 00:00:00-05:00,2.214900016784668,2.2462000846862793,2.199199914932251,2.2123000621795654,46163.0,0.0,0.0,Heating Oil,HO=F
2024-11-15 00:00:00-05:00,2.210400104522705,2.2191998958587646,2.1691999435424805,2.1709001064300537,47711.0,0.0,0.0,Heating Oil,HO=F
2024-11-18 00:00:00-05:00,2.1689999103546143,2.259999990463257,2.1665000915527344,2.2513999938964844,46988.0,0.0,0.0,Heating Oil,HO=F
2024-11-19 00:00:00-05:00,2.251499891281128,2.275399923324585,2.233299970626831,2.2402000427246094,42955.0,0.0,0.0,Heating Oil,HO=F
2024-11-20 00:00:00-05:00,2.236999988555908,2.249000072479248,2.222100019454956,2.226300001144409,37252.0,0.0,0.0,Heating Oil,HO=F
2024-11-21 00:00:00-05:00,2.2314000129699707,2.2780001163482666,2.2255001068115234,2.274399995803833,35285.0,0.0,0.0,Heating Oil,HO=F
2024-11-22 00:00:00-05:00,2.270699977874756,2.2939000129699707,2.246799945831299,2.274899959564209,35280.0,0.0,0.0,Heating Oil,HO=F
2024-11-25 00:00:00-05:00,2.283099889755249,2.283099889755249,2.2155001163482666,2.235300064086914,30069.0,0.0,0.0,Heating Oil,HO=F
2024-11-26 00:00:00-05:00,2.242500066757202,2.289099931716919,2.2197000980377197,2.2404000759124756,25022.0,0.0,0.0,Heating Oil,HO=F
2024-11-27 00:00:00-05:00,2.239000082015991,2.248699903488159,2.1898999214172363,2.2035999298095703,19804.0,0.0,0.0,Heating Oil,HO=F
2024-11-29 00:00:00-05:00,2.2023000717163086,2.23580002784729,2.18530011177063,2.193000078201294,58751.0,0.0,0.0,Heating Oil,HO=F
2024-12-02 00:00:00-05:00,2.203900098800659,2.227799892425537,2.1721999645233154,2.1777000427246094,73098.0,0.0,0.0,Heating Oil,HO=F
2024-12-03 00:00:00-05:00,2.1782000064849854,2.2318999767303467,2.173799991607666,2.2177000045776367,56652.0,0.0,0.0,Heating Oil,HO=F
2024-12-04 00:00:00-05:00,2.214900016784668,2.233099937438965,2.164900064468384,2.1673998832702637,76152.0,0.0,0.0,Heating Oil,HO=F
2024-12-05 00:00:00-05:00,2.1709001064300537,2.188999891281128,2.142699956893921,2.1556999683380127,54403.0,0.0,0.0,Heating Oil,HO=F
2024-12-06 00:00:00-05:00,2.158900022506714,2.158900022506714,2.1226000785827637,2.1326000690460205,58538.0,0.0,0.0,Heating Oil,HO=F
2024-12-09 00:00:00-05:00,2.130500078201294,2.1933000087738037,2.128499984741211,2.183500051498413,58795.0,0.0,0.0,Heating Oil,HO=F
2024-12-10 00:00:00-05:00,2.1791999340057373,2.2042999267578125,2.1666998863220215,2.1861000061035156,56322.0,0.0,0.0,Heating Oil,HO=F
2024-12-11 00:00:00-05:00,2.1819000244140625,2.231800079345703,2.180500030517578,2.223299980163574,59919.0,0.0,0.0,Heating Oil,HO=F
2024-12-12 00:00:00-05:00,2.2290000915527344,2.246500015258789,2.2004001140594482,2.236599922180176,56313.0,0.0,0.0,Heating Oil,HO=F
2024-12-13 00:00:00-05:00,2.23799991607666,2.2755000591278076,2.2325000762939453,2.2699999809265137,51688.0,0.0,0.0,Heating Oil,HO=F
2024-12-16 00:00:00-05:00,2.271899938583374,2.2755000591278076,2.2506000995635986,2.2639999389648438,45452.0,0.0,0.0,Heating Oil,HO=F
2024-12-17 00:00:00-05:00,2.260999917984009,2.2660000324249268,2.2074999809265137,2.2279000282287598,43547.0,0.0,0.0,Heating Oil,HO=F
2024-12-18 00:00:00-05:00,2.2323999404907227,2.276599884033203,2.2274999618530273,2.255000114440918,40320.0,0.0,0.0,Heating Oil,HO=F
2024-12-19 00:00:00-05:00,2.243799924850464,2.2713000774383545,2.2284998893737793,2.2376999855041504,28234.0,0.0,0.0,Heating Oil,HO=F
2024-12-20 00:00:00-05:00,2.2314999103546143,2.2411000728607178,2.2002999782562256,2.2316999435424805,36197.0,0.0,0.0,Heating Oil,HO=F
2024-12-23 00:00:00-05:00,2.2348999977111816,2.2618000507354736,2.2119998931884766,2.226300001144409,30604.0,0.0,0.0,Heating Oil,HO=F
2024-12-24 00:00:00-05:00,2.2386999130249023,2.249799966812134,2.216900110244751,2.2214999198913574,15731.0,0.0,0.0,Heating Oil,HO=F
2024-12-26 00:00:00-05:00,2.2230000495910645,2.2493999004364014,2.196899890899658,2.2053000926971436,17639.0,0.0,0.0,Heating Oil,HO=F
2024-12-27 00:00:00-05:00,2.2065000534057617,2.2564001083374023,2.1989998817443848,2.244800090789795,17139.0,0.0,0.0,Heating Oil,HO=F
2024-12-30 00:00:00-05:00,2.240499973297119,2.3173000812530518,2.2397000789642334,2.299499988555908,19299.0,0.0,0.0,Heating Oil,HO=F
2024-12-31 00:00:00-05:00,2.310499906539917,2.3315000534057617,2.2892000675201416,2.3206000328063965,54430.0,0.0,0.0,Heating Oil,HO=F
2025-01-02 00:00:00-05:00,2.319200038909912,2.3722000122070312,2.306999921798706,2.3540000915527344,68696.0,0.0,0.0,Heating Oil,HO=F
2025-01-03 00:00:00-05:00,2.3575000762939453,2.3691000938415527,2.334399938583374,2.3478000164031982,70100.0,0.0,0.0,Heating Oil,HO=F
2025-01-06 00:00:00-05:00,2.3552000522613525,2.3956000804901123,2.3401999473571777,2.3552000522613525,72695.0,0.0,0.0,Heating Oil,HO=F
2025-01-07 00:00:00-05:00,2.356600046157837,2.3743999004364014,2.3427999019622803,2.366300106048584,54323.0,0.0,0.0,Heating Oil,HO=F
2025-01-08 00:00:00-05:00,2.3694000244140625,2.382999897003174,2.330199956893921,2.3506999015808105,67422.0,0.0,0.0,Heating Oil,HO=F
2025-01-09 00:00:00-05:00,2.3559000492095947,2.4000000953674316,2.3417999744415283,2.378200054168701,74771.0,0.0,0.0,Heating Oil,HO=F
2025-01-10 00:00:00-05:00,2.3910999298095703,2.514400005340576,2.3835999965667725,2.501699924468994,74771.0,0.0,0.0,Heating Oil,HO=F
2024-01-03 00:00:00-05:00,2.1610000133514404,2.1610000133514404,2.1610000133514404,2.1610000133514404,0.0,0.0,0.0,Ethanol,EH=F
2024-01-04 00:00:00-05:00,2.1610000133514404,2.1610000133514404,2.1610000133514404,2.1610000133514404,0.0,0.0,0.0,Ethanol,EH=F
2024-01-05 00:00:00-05:00,2.1610000133514404,2.1610000133514404,2.1610000133514404,2.1610000133514404,0.0,0.0,0.0,Ethanol,EH=F
2024-01-08 00:00:00-05:00,2.1610000133514404,2.1610000133514404,2.1610000133514404,2.1610000133514404,0.0,0.0,0.0,Ethanol,EH=F
2024-01-09 00:00:00-05:00,2.1610000133514404,2.1610000133514404,2.1610000133514404,2.1610000133514404,0.0,0.0,0.0,Ethanol,EH=F
2024-01-10 00:00:00-05:00,2.1610000133514404,2.1610000133514404,2.1610000133514404,2.1610000133514404,0.0,0.0,0.0,Ethanol,EH=F
2024-01-11 00:00:00-05:00,2.1610000133514404,2.1610000133514404,2.1610000133514404,2.1610000133514404,0.0,0.0,0.0,Ethanol,EH=F
2024-01-12 00:00:00-05:00,2.1610000133514404,2.1610000133514404,2.1610000133514404,2.1610000133514404,0.0,0.0,0.0,Ethanol,EH=F
2024-01-16 00:00:00-05:00,2.1610000133514404,2.1610000133514404,2.1610000133514404,2.1610000133514404,0.0,0.0,0.0,Ethanol,EH=F
2024-01-17 00:00:00-05:00,2.1610000133514404,2.1610000133514404,2.1610000133514404,2.1610000133514404,0.0,0.0,0.0,Ethanol,EH=F
2024-01-18 00:00:00-05:00,2.1610000133514404,2.1610000133514404,2.1610000133514404,2.1610000133514404,0.0,0.0,0.0,Ethanol,EH=F
2024-01-19 00:00:00-05:00,2.1610000133514404,2.1610000133514404,2.1610000133514404,2.1610000133514404,0.0,0.0,0.0,Ethanol,EH=F
2024-01-22 00:00:00-05:00,2.1610000133514404,2.1610000133514404,2.1610000133514404,2.1610000133514404,0.0,0.0,0.0,Ethanol,EH=F
2024-01-23 00:00:00-05:00,2.1610000133514404,2.1610000133514404,2.1610000133514404,2.1610000133514404,0.0,0.0,0.0,Ethanol,EH=F
2024-01-24 00:00:00-05:00,2.1610000133514404,2.1610000133514404,2.1610000133514404,2.1610000133514404,0.0,0.0,0.0,Ethanol,EH=F
2024-01-25 00:00:00-05:00,2.1610000133514404,2.1610000133514404,2.1610000133514404,2.1610000133514404,0.0,0.0,0.0,Ethanol,EH=F
2024-01-26 00:00:00-05:00,2.1610000133514404,2.1610000133514404,2.1610000133514404,2.1610000133514404,0.0,0.0,0.0,Ethanol,EH=F
2024-01-29 00:00:00-05:00,2.1610000133514404,2.1610000133514404,2.1610000133514404,2.1610000133514404,0.0,0.0,0.0,Ethanol,EH=F
2024-01-30 00:00:00-05:00,2.1610000133514404,2.1610000133514404,2.1610000133514404,2.1610000133514404,0.0,0.0,0.0,Ethanol,EH=F
2024-01-31 00:00:00-05:00,2.1610000133514404,2.1610000133514404,2.1610000133514404,2.1610000133514404,0.0,0.0,0.0,Ethanol,EH=F
2024-02-01 00:00:00-05:00,2.1610000133514404,2.1610000133514404,2.1610000133514404,2.1610000133514404,0.0,0.0,0.0,Ethanol,EH=F
2024-02-02 00:00:00-05:00,2.1610000133514404,2.1610000133514404,2.1610000133514404,2.1610000133514404,0.0,0.0,0.0,Ethanol,EH=F
2024-02-05 00:00:00-05:00,2.1610000133514404,2.1610000133514404,2.1610000133514404,2.1610000133514404,0.0,0.0,0.0,Ethanol,EH=F
2024-02-06 00:00:00-05:00,2.1610000133514404,2.1610000133514404,2.1610000133514404,2.1610000133514404,0.0,0.0,0.0,Ethanol,EH=F
2024-02-07 00:00:00-05:00,2.1610000133514404,2.1610000133514404,2.1610000133514404,2.1610000133514404,0.0,0.0,0.0,Ethanol,EH=F
2024-02-08 00:00:00-05:00,2.1610000133514404,2.1610000133514404,2.1610000133514404,2.1610000133514404,0.0,0.0,0.0,Ethanol,EH=F
2024-02-09 00:00:00-05:00,2.1610000133514404,2.1610000133514404,2.1610000133514404,2.1610000133514404,0.0,0.0,0.0,Ethanol,EH=F
2024-02-12 00:00:00-05:00,2.1610000133514404,2.1610000133514404,2.1610000133514404,2.1610000133514404,0.0,0.0,0.0,Ethanol,EH=F
2024-02-13 00:00:00-05:00,2.1610000133514404,2.1610000133514404,2.1610000133514404,2.1610000133514404,0.0,0.0,0.0,Ethanol,EH=F
2024-02-14 00:00:00-05:00,2.1610000133514404,2.1610000133514404,2.1610000133514404,2.1610000133514404,0.0,0.0,0.0,Ethanol,EH=F
2024-02-15 00:00:00-05:00,2.1610000133514404,2.1610000133514404,2.1610000133514404,2.1610000133514404,0.0,0.0,0.0,Ethanol,EH=F
2024-02-16 00:00:00-05:00,2.1610000133514404,2.1610000133514404,2.1610000133514404,2.1610000133514404,0.0,0.0,0.0,Ethanol,EH=F
2024-02-20 00:00:00-05:00,2.1610000133514404,2.1610000133514404,2.1610000133514404,2.1610000133514404,0.0,0.0,0.0,Ethanol,EH=F
2024-02-21 00:00:00-05:00,2.1610000133514404,2.1610000133514404,2.1610000133514404,2.1610000133514404,0.0,0.0,0.0,Ethanol,EH=F
2024-02-22 00:00:00-05:00,2.1610000133514404,2.1610000133514404,2.1610000133514404,2.1610000133514404,0.0,0.0,0.0,Ethanol,EH=F
2024-02-23 00:00:00-05:00,2.1610000133514404,2.1610000133514404,2.1610000133514404,2.1610000133514404,0.0,0.0,0.0,Ethanol,EH=F
2024-02-26 00:00:00-05:00,2.1610000133514404,2.1610000133514404,2.1610000133514404,2.1610000133514404,0.0,0.0,0.0,Ethanol,EH=F
2024-02-27 00:00:00-05:00,2.1610000133514404,2.1610000133514404,2.1610000133514404,2.1610000133514404,0.0,0.0,0.0,Ethanol,EH=F
2024-02-28 00:00:00-05:00,2.1610000133514404,2.1610000133514404,2.1610000133514404,2.1610000133514404,0.0,0.0,0.0,Ethanol,EH=F
2024-02-29 00:00:00-05:00,2.1610000133514404,2.1610000133514404,2.1610000133514404,2.1610000133514404,0.0,0.0,0.0,Ethanol,EH=F
2024-03-01 00:00:00-05:00,2.1610000133514404,2.1610000133514404,2.1610000133514404,2.1610000133514404,0.0,0.0,0.0,Ethanol,EH=F
2024-03-04 00:00:00-05:00,2.1610000133514404,2.1610000133514404,2.1610000133514404,2.1610000133514404,0.0,0.0,0.0,Ethanol,EH=F
2024-03-05 00:00:00-05:00,2.1610000133514404,2.1610000133514404,2.1610000133514404,2.1610000133514404,0.0,0.0,0.0,Ethanol,EH=F
2024-03-06 00:00:00-05:00,2.1610000133514404,2.1610000133514404,2.1610000133514404,2.1610000133514404,0.0,0.0,0.0,Ethanol,EH=F
2024-03-07 00:00:00-05:00,2.1610000133514404,2.1610000133514404,2.1610000133514404,2.1610000133514404,0.0,0.0,0.0,Ethanol,EH=F
2024-03-08 00:00:00-05:00,2.1610000133514404,2.1610000133514404,2.1610000133514404,2.1610000133514404,0.0,0.0,0.0,Ethanol,EH=F
2024-03-11 00:00:00-04:00,2.1610000133514404,2.1610000133514404,2.1610000133514404,2.1610000133514404,0.0,0.0,0.0,Ethanol,EH=F
2024-03-12 00:00:00-04:00,2.1610000133514404,2.1610000133514404,2.1610000133514404,2.1610000133514404,0.0,0.0,0.0,Ethanol,EH=F
2024-03-13 00:00:00-04:00,2.1610000133514404,2.1610000133514404,2.1610000133514404,2.1610000133514404,0.0,0.0,0.0,Ethanol,EH=F
2024-03-14 00:00:00-04:00,2.1610000133514404,2.1610000133514404,2.1610000133514404,2.1610000133514404,0.0,0.0,0.0,Ethanol,EH=F
2024-03-15 00:00:00-04:00,2.1610000133514404,2.1610000133514404,2.1610000133514404,2.1610000133514404,0.0,0.0,0.0,Ethanol,EH=F
2024-03-18 00:00:00-04:00,2.1610000133514404,2.1610000133514404,2.1610000133514404,2.1610000133514404,0.0,0.0,0.0,Ethanol,EH=F
2024-03-19 00:00:00-04:00,2.1610000133514404,2.1610000133514404,2.1610000133514404,2.1610000133514404,0.0,0.0,0.0,Ethanol,EH=F
2024-03-20 00:00:00-04:00,2.1610000133514404,2.1610000133514404,2.1610000133514404,2.1610000133514404,0.0,0.0,0.0,Ethanol,EH=F
2024-03-21 00:00:00-04:00,2.1610000133514404,2.1610000133514404,2.1610000133514404,2.1610000133514404,0.0,0.0,0.0,Ethanol,EH=F
2024-03-22 00:00:00-04:00,2.1610000133514404,2.1610000133514404,2.1610000133514404,2.1610000133514404,0.0,0.0,0.0,Ethanol,EH=F
2024-03-25 00:00:00-04:00,2.1610000133514404,2.1610000133514404,2.1610000133514404,2.1610000133514404,0.0,0.0,0.0,Ethanol,EH=F
2024-03-26 00:00:00-04:00,2.1610000133514404,2.1610000133514404,2.1610000133514404,2.1610000133514404,0.0,0.0,0.0,Ethanol,EH=F
2024-03-27 00:00:00-04:00,2.1610000133514404,2.1610000133514404,2.1610000133514404,2.1610000133514404,0.0,0.0,0.0,Ethanol,EH=F
2024-03-28 00:00:00-04:00,2.1610000133514404,2.1610000133514404,2.1610000133514404,2.1610000133514404,0.0,0.0,0.0,Ethanol,EH=F
2024-04-01 00:00:00-04:00,2.1610000133514404,2.1610000133514404,2.1610000133514404,2.1610000133514404,0.0,0.0,0.0,Ethanol,EH=F
2024-04-02 00:00:00-04:00,2.1610000133514404,2.1610000133514404,2.1610000133514404,2.1610000133514404,0.0,0.0,0.0,Ethanol,EH=F
2024-04-03 00:00:00-04:00,2.1610000133514404,2.1610000133514404,2.1610000133514404,2.1610000133514404,0.0,0.0,0.0,Ethanol,EH=F
2024-04-04 00:00:00-04:00,2.1610000133514404,2.1610000133514404,2.1610000133514404,2.1610000133514404,0.0,0.0,0.0,Ethanol,EH=F
2024-04-05 00:00:00-04:00,2.1610000133514404,2.1610000133514404,2.1610000133514404,2.1610000133514404,0.0,0.0,0.0,Ethanol,EH=F
2024-04-08 00:00:00-04:00,2.1610000133514404,2.1610000133514404,2.1610000133514404,2.1610000133514404,0.0,0.0,0.0,Ethanol,EH=F
2024-04-09 00:00:00-04:00,2.1610000133514404,2.1610000133514404,2.1610000133514404,2.1610000133514404,0.0,0.0,0.0,Ethanol,EH=F
2024-04-10 00:00:00-04:00,2.1610000133514404,2.1610000133514404,2.1610000133514404,2.1610000133514404,0.0,0.0,0.0,Ethanol,EH=F
2024-04-11 00:00:00-04:00,2.1610000133514404,2.1610000133514404,2.1610000133514404,2.1610000133514404,0.0,0.0,0.0,Ethanol,EH=F
2024-04-12 00:00:00-04:00,2.1610000133514404,2.1610000133514404,2.1610000133514404,2.1610000133514404,0.0,0.0,0.0,Ethanol,EH=F
2024-04-15 00:00:00-04:00,2.1610000133514404,2.1610000133514404,2.1610000133514404,2.1610000133514404,0.0,0.0,0.0,Ethanol,EH=F
2024-04-16 00:00:00-04:00,2.1610000133514404,2.1610000133514404,2.1610000133514404,2.1610000133514404,0.0,0.0,0.0,Ethanol,EH=F
2024-04-17 00:00:00-04:00,2.1610000133514404,2.1610000133514404,2.1610000133514404,2.1610000133514404,0.0,0.0,0.0,Ethanol,EH=F
2024-04-18 00:00:00-04:00,2.1610000133514404,2.1610000133514404,2.1610000133514404,2.1610000133514404,0.0,0.0,0.0,Ethanol,EH=F
2024-04-19 00:00:00-04:00,2.1610000133514404,2.1610000133514404,2.1610000133514404,2.1610000133514404,0.0,0.0,0.0,Ethanol,EH=F
2024-04-22 00:00:00-04:00,2.1610000133514404,2.1610000133514404,2.1610000133514404,2.1610000133514404,0.0,0.0,0.0,Ethanol,EH=F
2024-04-23 00:00:00-04:00,2.1610000133514404,2.1610000133514404,2.1610000133514404,2.1610000133514404,0.0,0.0,0.0,Ethanol,EH=F
2024-04-24 00:00:00-04:00,2.1610000133514404,2.1610000133514404,2.1610000133514404,2.1610000133514404,0.0,0.0,0.0,Ethanol,EH=F
2024-04-25 00:00:00-04:00,2.1610000133514404,2.1610000133514404,2.1610000133514404,2.1610000133514404,0.0,0.0,0.0,Ethanol,EH=F
2024-04-26 00:00:00-04:00,2.1610000133514404,2.1610000133514404,2.1610000133514404,2.1610000133514404,0.0,0.0,0.0,Ethanol,EH=F
2024-04-29 00:00:00-04:00,2.1610000133514404,2.1610000133514404,2.1610000133514404,2.1610000133514404,0.0,0.0,0.0,Ethanol,EH=F
2024-04-30 00:00:00-04:00,2.1610000133514404,2.1610000133514404,2.1610000133514404,2.1610000133514404,0.0,0.0,0.0,Ethanol,EH=F
2024-05-01 00:00:00-04:00,2.1610000133514404,2.1610000133514404,2.1610000133514404,2.1610000133514404,0.0,0.0,0.0,Ethanol,EH=F
2024-05-02 00:00:00-04:00,2.1610000133514404,2.1610000133514404,2.1610000133514404,2.1610000133514404,0.0,0.0,0.0,Ethanol,EH=F
2024-05-03 00:00:00-04:00,2.1610000133514404,2.1610000133514404,2.1610000133514404,2.1610000133514404,0.0,0.0,0.0,Ethanol,EH=F
2024-05-06 00:00:00-04:00,2.1610000133514404,2.1610000133514404,2.1610000133514404,2.1610000133514404,0.0,0.0,0.0,Ethanol,EH=F
2024-05-07 00:00:00-04:00,2.1610000133514404,2.1610000133514404,2.1610000133514404,2.1610000133514404,0.0,0.0,0.0,Ethanol,EH=F
2024-05-08 00:00:00-04:00,2.1610000133514404,2.1610000133514404,2.1610000133514404,2.1610000133514404,0.0,0.0,0.0,Ethanol,EH=F
2024-05-09 00:00:00-04:00,2.1610000133514404,2.1610000133514404,2.1610000133514404,2.1610000133514404,0.0,0.0,0.0,Ethanol,EH=F
2024-05-10 00:00:00-04:00,2.1610000133514404,2.1610000133514404,2.1610000133514404,2.1610000133514404,0.0,0.0,0.0,Ethanol,EH=F
2024-05-13 00:00:00-04:00,2.1610000133514404,2.1610000133514404,2.1610000133514404,2.1610000133514404,0.0,0.0,0.0,Ethanol,EH=F
2024-05-14 00:00:00-04:00,2.1610000133514404,2.1610000133514404,2.1610000133514404,2.1610000133514404,0.0,0.0,0.0,Ethanol,EH=F
2024-05-15 00:00:00-04:00,2.1610000133514404,2.1610000133514404,2.1610000133514404,2.1610000133514404,0.0,0.0,0.0,Ethanol,EH=F
2024-05-16 00:00:00-04:00,2.1610000133514404,2.1610000133514404,2.1610000133514404,2.1610000133514404,0.0,0.0,0.0,Ethanol,EH=F
2024-05-17 00:00:00-04:00,2.1610000133514404,2.1610000133514404,2.1610000133514404,2.1610000133514404,0.0,0.0,0.0,Ethanol,EH=F
2024-05-20 00:00:00-04:00,2.1610000133514404,2.1610000133514404,2.1610000133514404,2.1610000133514404,0.0,0.0,0.0,Ethanol,EH=F
2024-05-21 00:00:00-04:00,2.1610000133514404,2.1610000133514404,2.1610000133514404,2.1610000133514404,0.0,0.0,0.0,Ethanol,EH=F
2024-05-22 00:00:00-04:00,2.1610000133514404,2.1610000133514404,2.1610000133514404,2.1610000133514404,0.0,0.0,0.0,Ethanol,EH=F
2024-05-23 00:00:00-04:00,2.1610000133514404,2.1610000133514404,2.1610000133514404,2.1610000133514404,0.0,0.0,0.0,Ethanol,EH=F
2024-05-24 00:00:00-04:00,2.1610000133514404,2.1610000133514404,2.1610000133514404,2.1610000133514404,0.0,0.0,0.0,Ethanol,EH=F
2024-05-28 00:00:00-04:00,2.1610000133514404,2.1610000133514404,2.1610000133514404,2.1610000133514404,0.0,0.0,0.0,Ethanol,EH=F
2024-05-29 00:00:00-04:00,2.1610000133514404,2.1610000133514404,2.1610000133514404,2.1610000133514404,0.0,0.0,0.0,Ethanol,EH=F
2024-05-30 00:00:00-04:00,2.1610000133514404,2.1610000133514404,2.1610000133514404,2.1610000133514404,0.0,0.0,0.0,Ethanol,EH=F
2024-05-31 00:00:00-04:00,2.1610000133514404,2.1610000133514404,2.1610000133514404,2.1610000133514404,0.0,0.0,0.0,Ethanol,EH=F
2024-06-03 00:00:00-04:00,2.1610000133514404,2.1610000133514404,2.1610000133514404,2.1610000133514404,0.0,0.0,0.0,Ethanol,EH=F
2024-06-04 00:00:00-04:00,2.1610000133514404,2.1610000133514404,2.1610000133514404,2.1610000133514404,0.0,0.0,0.0,Ethanol,EH=F
2024-06-05 00:00:00-04:00,2.1610000133514404,2.1610000133514404,2.1610000133514404,2.1610000133514404,0.0,0.0,0.0,Ethanol,EH=F
2024-06-06 00:00:00-04:00,2.1610000133514404,2.1610000133514404,2.1610000133514404,2.1610000133514404,0.0,0.0,0.0,Ethanol,EH=F
2024-06-07 00:00:00-04:00,2.1610000133514404,2.1610000133514404,2.1610000133514404,2.1610000133514404,0.0,0.0,0.0,Ethanol,EH=F
2024-06-10 00:00:00-04:00,2.1610000133514404,2.1610000133514404,2.1610000133514404,2.1610000133514404,0.0,0.0,0.0,Ethanol,EH=F
2024-06-11 00:00:00-04:00,2.1610000133514404,2.1610000133514404,2.1610000133514404,2.1610000133514404,0.0,0.0,0.0,Ethanol,EH=F
2024-06-12 00:00:00-04:00,2.1610000133514404,2.1610000133514404,2.1610000133514404,2.1610000133514404,0.0,0.0,0.0,Ethanol,EH=F
2024-06-13 00:00:00-04:00,2.1610000133514404,2.1610000133514404,2.1610000133514404,2.1610000133514404,0.0,0.0,0.0,Ethanol,EH=F
2024-06-14 00:00:00-04:00,2.1610000133514404,2.1610000133514404,2.1610000133514404,2.1610000133514404,0.0,0.0,0.0,Ethanol,EH=F
2024-06-17 00:00:00-04:00,2.1610000133514404,2.1610000133514404,2.1610000133514404,2.1610000133514404,0.0,0.0,0.0,Ethanol,EH=F
2024-06-18 00:00:00-04:00,2.1610000133514404,2.1610000133514404,2.1610000133514404,2.1610000133514404,0.0,0.0,0.0,Ethanol,EH=F
2024-06-20 00:00:00-04:00,2.1610000133514404,2.1610000133514404,2.1610000133514404,2.1610000133514404,0.0,0.0,0.0,Ethanol,EH=F
2024-06-21 00:00:00-04:00,2.1610000133514404,2.1610000133514404,2.1610000133514404,2.1610000133514404,0.0,0.0,0.0,Ethanol,EH=F
2024-06-24 00:00:00-04:00,2.1610000133514404,2.1610000133514404,2.1610000133514404,2.1610000133514404,0.0,0.0,0.0,Ethanol,EH=F
2024-06-25 00:00:00-04:00,2.1610000133514404,2.1610000133514404,2.1610000133514404,2.1610000133514404,0.0,0.0,0.0,Ethanol,EH=F
2024-06-26 00:00:00-04:00,2.1610000133514404,2.1610000133514404,2.1610000133514404,2.1610000133514404,0.0,0.0,0.0,Ethanol,EH=F
2024-06-27 00:00:00-04:00,2.1610000133514404,2.1610000133514404,2.1610000133514404,2.1610000133514404,0.0,0.0,0.0,Ethanol,EH=F
2024-06-28 00:00:00-04:00,2.1610000133514404,2.1610000133514404,2.1610000133514404,2.1610000133514404,0.0,0.0,0.0,Ethanol,EH=F
2024-07-01 00:00:00-04:00,2.1610000133514404,2.1610000133514404,2.1610000133514404,2.1610000133514404,0.0,0.0,0.0,Ethanol,EH=F
2024-07-02 00:00:00-04:00,2.1610000133514404,2.1610000133514404,2.1610000133514404,2.1610000133514404,0.0,0.0,0.0,Ethanol,EH=F
2024-07-03 00:00:00-04:00,2.1610000133514404,2.1610000133514404,2.1610000133514404,2.1610000133514404,0.0,0.0,0.0,Ethanol,EH=F
2024-07-05 00:00:00-04:00,2.1610000133514404,2.1610000133514404,2.1610000133514404,2.1610000133514404,0.0,0.0,0.0,Ethanol,EH=F
2024-07-08 00:00:00-04:00,2.1610000133514404,2.1610000133514404,2.1610000133514404,2.1610000133514404,0.0,0.0,0.0,Ethanol,EH=F
2024-07-09 00:00:00-04:00,2.1610000133514404,2.1610000133514404,2.1610000133514404,2.1610000133514404,0.0,0.0,0.0,Ethanol,EH=F
2024-07-10 00:00:00-04:00,2.1610000133514404,2.1610000133514404,2.1610000133514404,2.1610000133514404,0.0,0.0,0.0,Ethanol,EH=F
2024-07-11 00:00:00-04:00,2.1610000133514404,2.1610000133514404,2.1610000133514404,2.1610000133514404,0.0,0.0,0.0,Ethanol,EH=F
2024-07-12 00:00:00-04:00,2.1610000133514404,2.1610000133514404,2.1610000133514404,2.1610000133514404,0.0,0.0,0.0,Ethanol,EH=F
2024-07-15 00:00:00-04:00,2.1610000133514404,2.1610000133514404,2.1610000133514404,2.1610000133514404,0.0,0.0,0.0,Ethanol,EH=F
2024-07-16 00:00:00-04:00,2.1610000133514404,2.1610000133514404,2.1610000133514404,2.1610000133514404,0.0,0.0,0.0,Ethanol,EH=F
2024-07-17 00:00:00-04:00,2.1610000133514404,2.1610000133514404,2.1610000133514404,2.1610000133514404,0.0,0.0,0.0,Ethanol,EH=F
2024-07-18 00:00:00-04:00,2.1610000133514404,2.1610000133514404,2.1610000133514404,2.1610000133514404,0.0,0.0,0.0,Ethanol,EH=F
2024-07-19 00:00:00-04:00,2.1610000133514404,2.1610000133514404,2.1610000133514404,2.1610000133514404,0.0,0.0,0.0,Ethanol,EH=F
2024-07-22 00:00:00-04:00,2.1610000133514404,2.1610000133514404,2.1610000133514404,2.1610000133514404,0.0,0.0,0.0,Ethanol,EH=F
2024-07-23 00:00:00-04:00,2.1610000133514404,2.1610000133514404,2.1610000133514404,2.1610000133514404,0.0,0.0,0.0,Ethanol,EH=F
2024-07-24 00:00:00-04:00,2.1610000133514404,2.1610000133514404,2.1610000133514404,2.1610000133514404,0.0,0.0,0.0,Ethanol,EH=F
2024-07-25 00:00:00-04:00,2.1610000133514404,2.1610000133514404,2.1610000133514404,2.1610000133514404,0.0,0.0,0.0,Ethanol,EH=F
2024-07-26 00:00:00-04:00,2.1610000133514404,2.1610000133514404,2.1610000133514404,2.1610000133514404,0.0,0.0,0.0,Ethanol,EH=F
2024-07-29 00:00:00-04:00,2.1610000133514404,2.1610000133514404,2.1610000133514404,2.1610000133514404,0.0,0.0,0.0,Ethanol,EH=F
2024-07-30 00:00:00-04:00,2.1610000133514404,2.1610000133514404,2.1610000133514404,2.1610000133514404,0.0,0.0,0.0,Ethanol,EH=F
2024-07-31 00:00:00-04:00,2.1610000133514404,2.1610000133514404,2.1610000133514404,2.1610000133514404,0.0,0.0,0.0,Ethanol,EH=F
2024-08-01 00:00:00-04:00,2.1610000133514404,2.1610000133514404,2.1610000133514404,2.1610000133514404,0.0,0.0,0.0,Ethanol,EH=F
2024-08-02 00:00:00-04:00,2.1610000133514404,2.1610000133514404,2.1610000133514404,2.1610000133514404,0.0,0.0,0.0,Ethanol,EH=F
2024-08-05 00:00:00-04:00,2.1610000133514404,2.1610000133514404,2.1610000133514404,2.1610000133514404,0.0,0.0,0.0,Ethanol,EH=F
2024-08-06 00:00:00-04:00,2.1610000133514404,2.1610000133514404,2.1610000133514404,2.1610000133514404,0.0,0.0,0.0,Ethanol,EH=F
2024-08-07 00:00:00-04:00,2.1610000133514404,2.1610000133514404,2.1610000133514404,2.1610000133514404,0.0,0.0,0.0,Ethanol,EH=F
2024-08-08 00:00:00-04:00,2.1610000133514404,2.1610000133514404,2.1610000133514404,2.1610000133514404,0.0,0.0,0.0,Ethanol,EH=F
2024-08-09 00:00:00-04:00,2.1610000133514404,2.1610000133514404,2.1610000133514404,2.1610000133514404,0.0,0.0,0.0,Ethanol,EH=F
2024-08-12 00:00:00-04:00,2.1610000133514404,2.1610000133514404,2.1610000133514404,2.1610000133514404,0.0,0.0,0.0,Ethanol,EH=F
2024-08-13 00:00:00-04:00,2.1610000133514404,2.1610000133514404,2.1610000133514404,2.1610000133514404,0.0,0.0,0.0,Ethanol,EH=F
2024-08-14 00:00:00-04:00,2.1610000133514404,2.1610000133514404,2.1610000133514404,2.1610000133514404,0.0,0.0,0.0,Ethanol,EH=F
2024-08-15 00:00:00-04:00,2.1610000133514404,2.1610000133514404,2.1610000133514404,2.1610000133514404,0.0,0.0,0.0,Ethanol,EH=F
2024-08-16 00:00:00-04:00,2.1610000133514404,2.1610000133514404,2.1610000133514404,2.1610000133514404,0.0,0.0,0.0,Ethanol,EH=F
2024-08-19 00:00:00-04:00,2.1610000133514404,2.1610000133514404,2.1610000133514404,2.1610000133514404,0.0,0.0,0.0,Ethanol,EH=F
2024-08-20 00:00:00-04:00,2.1610000133514404,2.1610000133514404,2.1610000133514404,2.1610000133514404,0.0,0.0,0.0,Ethanol,EH=F
2024-08-21 00:00:00-04:00,2.1610000133514404,2.1610000133514404,2.1610000133514404,2.1610000133514404,0.0,0.0,0.0,Ethanol,EH=F
2024-08-22 00:00:00-04:00,2.1610000133514404,2.1610000133514404,2.1610000133514404,2.1610000133514404,0.0,0.0,0.0,Ethanol,EH=F
2024-08-23 00:00:00-04:00,2.1610000133514404,2.1610000133514404,2.1610000133514404,2.1610000133514404,0.0,0.0,0.0,Ethanol,EH=F
2024-08-26 00:00:00-04:00,2.1610000133514404,2.1610000133514404,2.1610000133514404,2.1610000133514404,0.0,0.0,0.0,Ethanol,EH=F
2024-08-27 00:00:00-04:00,2.1610000133514404,2.1610000133514404,2.1610000133514404,2.1610000133514404,0.0,0.0,0.0,Ethanol,EH=F
2024-08-28 00:00:00-04:00,2.1610000133514404,2.1610000133514404,2.1610000133514404,2.1610000133514404,0.0,0.0,0.0,Ethanol,EH=F
2024-08-29 00:00:00-04:00,2.1610000133514404,2.1610000133514404,2.1610000133514404,2.1610000133514404,0.0,0.0,0.0,Ethanol,EH=F
2024-08-30 00:00:00-04:00,2.1610000133514404,2.1610000133514404,2.1610000133514404,2.1610000133514404,0.0,0.0,0.0,Ethanol,EH=F
2024-09-03 00:00:00-04:00,2.1610000133514404,2.1610000133514404,2.1610000133514404,2.1610000133514404,0.0,0.0,0.0,Ethanol,EH=F
2024-09-04 00:00:00-04:00,2.1610000133514404,2.1610000133514404,2.1610000133514404,2.1610000133514404,0.0,0.0,0.0,Ethanol,EH=F
2024-09-05 00:00:00-04:00,2.1610000133514404,2.1610000133514404,2.1610000133514404,2.1610000133514404,0.0,0.0,0.0,Ethanol,EH=F
2024-09-06 00:00:00-04:00,2.1610000133514404,2.1610000133514404,2.1610000133514404,2.1610000133514404,0.0,0.0,0.0,Ethanol,EH=F
2024-09-09 00:00:00-04:00,2.1610000133514404,2.1610000133514404,2.1610000133514404,2.1610000133514404,0.0,0.0,0.0,Ethanol,EH=F
2024-09-10 00:00:00-04:00,2.1610000133514404,2.1610000133514404,2.1610000133514404,2.1610000133514404,0.0,0.0,0.0,Ethanol,EH=F
2024-09-11 00:00:00-04:00,2.1610000133514404,2.1610000133514404,2.1610000133514404,2.1610000133514404,0.0,0.0,0.0,Ethanol,EH=F
2024-09-12 00:00:00-04:00,2.1610000133514404,2.1610000133514404,2.1610000133514404,2.1610000133514404,0.0,0.0,0.0,Ethanol,EH=F
2024-09-13 00:00:00-04:00,2.1610000133514404,2.1610000133514404,2.1610000133514404,2.1610000133514404,0.0,0.0,0.0,Ethanol,EH=F
2024-09-16 00:00:00-04:00,2.1610000133514404,2.1610000133514404,2.1610000133514404,2.1610000133514404,0.0,0.0,0.0,Ethanol,EH=F
2024-09-17 00:00:00-04:00,2.1610000133514404,2.1610000133514404,2.1610000133514404,2.1610000133514404,0.0,0.0,0.0,Ethanol,EH=F
2024-09-18 00:00:00-04:00,2.1610000133514404,2.1610000133514404,2.1610000133514404,2.1610000133514404,0.0,0.0,0.0,Ethanol,EH=F
2024-09-19 00:00:00-04:00,2.1610000133514404,2.1610000133514404,2.1610000133514404,2.1610000133514404,0.0,0.0,0.0,Ethanol,EH=F
2024-09-20 00:00:00-04:00,2.1610000133514404,2.1610000133514404,2.1610000133514404,2.1610000133514404,0.0,0.0,0.0,Ethanol,EH=F
2024-09-23 00:00:00-04:00,2.1610000133514404,2.1610000133514404,2.1610000133514404,2.1610000133514404,0.0,0.0,0.0,Ethanol,EH=F
2024-09-24 00:00:00-04:00,2.1610000133514404,2.1610000133514404,2.1610000133514404,2.1610000133514404,0.0,0.0,0.0,Ethanol,EH=F
2024-09-25 00:00:00-04:00,2.1610000133514404,2.1610000133514404,2.1610000133514404,2.1610000133514404,0.0,0.0,0.0,Ethanol,EH=F
2024-09-26 00:00:00-04:00,2.1610000133514404,2.1610000133514404,2.1610000133514404,2.1610000133514404,0.0,0.0,0.0,Ethanol,EH=F
2024-09-27 00:00:00-04:00,2.1610000133514404,2.1610000133514404,2.1610000133514404,2.1610000133514404,0.0,0.0,0.0,Ethanol,EH=F
2024-09-30 00:00:00-04:00,2.1610000133514404,2.1610000133514404,2.1610000133514404,2.1610000133514404,0.0,0.0,0.0,Ethanol,EH=F
2024-10-01 00:00:00-04:00,2.1610000133514404,2.1610000133514404,2.1610000133514404,2.1610000133514404,0.0,0.0,0.0,Ethanol,EH=F
2024-10-02 00:00:00-04:00,2.1610000133514404,2.1610000133514404,2.1610000133514404,2.1610000133514404,0.0,0.0,0.0,Ethanol,EH=F
2024-10-03 00:00:00-04:00,2.1610000133514404,2.1610000133514404,2.1610000133514404,2.1610000133514404,0.0,0.0,0.0,Ethanol,EH=F
2024-10-04 00:00:00-04:00,2.1610000133514404,2.1610000133514404,2.1610000133514404,2.1610000133514404,0.0,0.0,0.0,Ethanol,EH=F
2024-10-07 00:00:00-04:00,2.1610000133514404,2.1610000133514404,2.1610000133514404,2.1610000133514404,0.0,0.0,0.0,Ethanol,EH=F
2024-10-08 00:00:00-04:00,2.1610000133514404,2.1610000133514404,2.1610000133514404,2.1610000133514404,0.0,0.0,0.0,Ethanol,EH=F
2024-10-09 00:00:00-04:00,2.1610000133514404,2.1610000133514404,2.1610000133514404,2.1610000133514404,0.0,0.0,0.0,Ethanol,EH=F
2024-10-10 00:00:00-04:00,2.1610000133514404,2.1610000133514404,2.1610000133514404,2.1610000133514404,0.0,0.0,0.0,Ethanol,EH=F
2024-10-11 00:00:00-04:00,2.1610000133514404,2.1610000133514404,2.1610000133514404,2.1610000133514404,0.0,0.0,0.0,Ethanol,EH=F
2024-10-14 00:00:00-04:00,2.1610000133514404,2.1610000133514404,2.1610000133514404,2.1610000133514404,0.0,0.0,0.0,Ethanol,EH=F
2024-10-15 00:00:00-04:00,2.1610000133514404,2.1610000133514404,2.1610000133514404,2.1610000133514404,0.0,0.0,0.0,Ethanol,EH=F
2024-10-16 00:00:00-04:00,2.1610000133514404,2.1610000133514404,2.1610000133514404,2.1610000133514404,0.0,0.0,0.0,Ethanol,EH=F
2024-10-17 00:00:00-04:00,2.1610000133514404,2.1610000133514404,2.1610000133514404,2.1610000133514404,0.0,0.0,0.0,Ethanol,EH=F
2024-10-18 00:00:00-04:00,2.1610000133514404,2.1610000133514404,2.1610000133514404,2.1610000133514404,0.0,0.0,0.0,Ethanol,EH=F
2024-10-21 00:00:00-04:00,2.1610000133514404,2.1610000133514404,2.1610000133514404,2.1610000133514404,0.0,0.0,0.0,Ethanol,EH=F
2024-10-22 00:00:00-04:00,2.1610000133514404,2.1610000133514404,2.1610000133514404,2.1610000133514404,0.0,0.0,0.0,Ethanol,EH=F
2024-10-23 00:00:00-04:00,2.1610000133514404,2.1610000133514404,2.1610000133514404,2.1610000133514404,0.0,0.0,0.0,Ethanol,EH=F
2024-10-24 00:00:00-04:00,2.1610000133514404,2.1610000133514404,2.1610000133514404,2.1610000133514404,0.0,0.0,0.0,Ethanol,EH=F
2024-10-25 00:00:00-04:00,2.1610000133514404,2.1610000133514404,2.1610000133514404,2.1610000133514404,0.0,0.0,0.0,Ethanol,EH=F
2024-10-28 00:00:00-04:00,2.1610000133514404,2.1610000133514404,2.1610000133514404,2.1610000133514404,0.0,0.0,0.0,Ethanol,EH=F
2024-10-29 00:00:00-04:00,2.1610000133514404,2.1610000133514404,2.1610000133514404,2.1610000133514404,0.0,0.0,0.0,Ethanol,EH=F
2024-10-30 00:00:00-04:00,2.1610000133514404,2.1610000133514404,2.1610000133514404,2.1610000133514404,0.0,0.0,0.0,Ethanol,EH=F
2024-10-31 00:00:00-04:00,2.1610000133514404,2.1610000133514404,2.1610000133514404,2.1610000133514404,0.0,0.0,0.0,Ethanol,EH=F
2024-11-01 00:00:00-04:00,2.1610000133514404,2.1610000133514404,2.1610000133514404,2.1610000133514404,0.0,0.0,0.0,Ethanol,EH=F
2024-11-04 00:00:00-05:00,2.1610000133514404,2.1610000133514404,2.1610000133514404,2.1610000133514404,0.0,0.0,0.0,Ethanol,EH=F
2024-11-05 00:00:00-05:00,2.1610000133514404,2.1610000133514404,2.1610000133514404,2.1610000133514404,0.0,0.0,0.0,Ethanol,EH=F
2024-11-06 00:00:00-05:00,2.1610000133514404,2.1610000133514404,2.1610000133514404,2.1610000133514404,0.0,0.0,0.0,Ethanol,EH=F
2024-11-07 00:00:00-05:00,2.1610000133514404,2.1610000133514404,2.1610000133514404,2.1610000133514404,0.0,0.0,0.0,Ethanol,EH=F
2024-11-08 00:00:00-05:00,2.1610000133514404,2.1610000133514404,2.1610000133514404,2.1610000133514404,0.0,0.0,0.0,Ethanol,EH=F
2024-11-11 00:00:00-05:00,2.1610000133514404,2.1610000133514404,2.1610000133514404,2.1610000133514404,0.0,0.0,0.0,Ethanol,EH=F
2024-11-12 00:00:00-05:00,2.1610000133514404,2.1610000133514404,2.1610000133514404,2.1610000133514404,0.0,0.0,0.0,Ethanol,EH=F
2024-11-13 00:00:00-05:00,2.1610000133514404,2.1610000133514404,2.1610000133514404,2.1610000133514404,0.0,0.0,0.0,Ethanol,EH=F
2024-11-14 00:00:00-05:00,2.1610000133514404,2.1610000133514404,2.1610000133514404,2.1610000133514404,0.0,0.0,0.0,Ethanol,EH=F
2024-11-15 00:00:00-05:00,2.1610000133514404,2.1610000133514404,2.1610000133514404,2.1610000133514404,0.0,0.0,0.0,Ethanol,EH=F
2024-11-18 00:00:00-05:00,2.1610000133514404,2.1610000133514404,2.1610000133514404,2.1610000133514404,0.0,0.0,0.0,Ethanol,EH=F
2024-11-19 00:00:00-05:00,2.1610000133514404,2.1610000133514404,2.1610000133514404,2.1610000133514404,0.0,0.0,0.0,Ethanol,EH=F
2024-11-20 00:00:00-05:00,2.1610000133514404,2.1610000133514404,2.1610000133514404,2.1610000133514404,0.0,0.0,0.0,Ethanol,EH=F
2024-11-21 00:00:00-05:00,2.1610000133514404,2.1610000133514404,2.1610000133514404,2.1610000133514404,0.0,0.0,0.0,Ethanol,EH=F
2024-11-22 00:00:00-05:00,2.1610000133514404,2.1610000133514404,2.1610000133514404,2.1610000133514404,0.0,0.0,0.0,Ethanol,EH=F
2024-11-25 00:00:00-05:00,2.1610000133514404,2.1610000133514404,2.1610000133514404,2.1610000133514404,0.0,0.0,0.0,Ethanol,EH=F
2024-11-26 00:00:00-05:00,2.1610000133514404,2.1610000133514404,2.1610000133514404,2.1610000133514404,0.0,0.0,0.0,Ethanol,EH=F
2024-11-27 00:00:00-05:00,2.1610000133514404,2.1610000133514404,2.1610000133514404,2.1610000133514404,0.0,0.0,0.0,Ethanol,EH=F
2024-11-29 00:00:00-05:00,2.1610000133514404,2.1610000133514404,2.1610000133514404,2.1610000133514404,0.0,0.0,0.0,Ethanol,EH=F
2024-12-02 00:00:00-05:00,2.1610000133514404,2.1610000133514404,2.1610000133514404,2.1610000133514404,0.0,0.0,0.0,Ethanol,EH=F
2024-12-03 00:00:00-05:00,2.1610000133514404,2.1610000133514404,2.1610000133514404,2.1610000133514404,0.0,0.0,0.0,Ethanol,EH=F
2024-12-04 00:00:00-05:00,2.1610000133514404,2.1610000133514404,2.1610000133514404,2.1610000133514404,0.0,0.0,0.0,Ethanol,EH=F
2024-12-05 00:00:00-05:00,2.1610000133514404,2.1610000133514404,2.1610000133514404,2.1610000133514404,0.0,0.0,0.0,Ethanol,EH=F
2024-12-06 00:00:00-05:00,2.1610000133514404,2.1610000133514404,2.1610000133514404,2.1610000133514404,0.0,0.0,0.0,Ethanol,EH=F
2024-12-09 00:00:00-05:00,2.1610000133514404,2.1610000133514404,2.1610000133514404,2.1610000133514404,0.0,0.0,0.0,Ethanol,EH=F
2024-12-10 00:00:00-05:00,2.1610000133514404,2.1610000133514404,2.1610000133514404,2.1610000133514404,0.0,0.0,0.0,Ethanol,EH=F
2024-12-11 00:00:00-05:00,2.1610000133514404,2.1610000133514404,2.1610000133514404,2.1610000133514404,0.0,0.0,0.0,Ethanol,EH=F
2024-12-12 00:00:00-05:00,2.1610000133514404,2.1610000133514404,2.1610000133514404,2.1610000133514404,0.0,0.0,0.0,Ethanol,EH=F
2024-12-13 00:00:00-05:00,2.1610000133514404,2.1610000133514404,2.1610000133514404,2.1610000133514404,0.0,0.0,0.0,Ethanol,EH=F
2024-12-16 00:00:00-05:00,2.1610000133514404,2.1610000133514404,2.1610000133514404,2.1610000133514404,0.0,0.0,0.0,Ethanol,EH=F
2024-12-17 00:00:00-05:00,2.1610000133514404,2.1610000133514404,2.1610000133514404,2.1610000133514404,0.0,0.0,0.0,Ethanol,EH=F
2024-12-18 00:00:00-05:00,2.1610000133514404,2.1610000133514404,2.1610000133514404,2.1610000133514404,0.0,0.0,0.0,Ethanol,EH=F
2024-12-19 00:00:00-05:00,2.1610000133514404,2.1610000133514404,2.1610000133514404,2.1610000133514404,0.0,0.0,0.0,Ethanol,EH=F
2024-12-20 00:00:00-05:00,2.1610000133514404,2.1610000133514404,2.1610000133514404,2.1610000133514404,0.0,0.0,0.0,Ethanol,EH=F
2024-12-23 00:00:00-05:00,2.1610000133514404,2.1610000133514404,2.1610000133514404,2.1610000133514404,0.0,0.0,0.0,Ethanol,EH=F
2024-12-24 00:00:00-05:00,2.1610000133514404,2.1610000133514404,2.1610000133514404,2.1610000133514404,0.0,0.0,0.0,Ethanol,EH=F
2024-12-26 00:00:00-05:00,2.1610000133514404,2.1610000133514404,2.1610000133514404,2.1610000133514404,0.0,0.0,0.0,Ethanol,EH=F
2024-12-27 00:00:00-05:00,2.1610000133514404,2.1610000133514404,2.1610000133514404,2.1610000133514404,0.0,0.0,0.0,Ethanol,EH=F
2024-12-30 00:00:00-05:00,2.1610000133514404,2.1610000133514404,2.1610000133514404,2.1610000133514404,0.0,0.0,0.0,Ethanol,EH=F
2024-12-31 00:00:00-05:00,2.1610000133514404,2.1610000133514404,2.1610000133514404,2.1610000133514404,0.0,0.0,0.0,Ethanol,EH=F
2025-01-02 00:00:00-05:00,2.1610000133514404,2.1610000133514404,2.1610000133514404,2.1610000133514404,0.0,0.0,0.0,Ethanol,EH=F
2025-01-03 00:00:00-05:00,2.1610000133514404,2.1610000133514404,2.1610000133514404,2.1610000133514404,0.0,0.0,0.0,Ethanol,EH=F
2025-01-06 00:00:00-05:00,2.1610000133514404,2.1610000133514404,2.1610000133514404,2.1610000133514404,0.0,0.0,0.0,Ethanol,EH=F
2025-01-07 00:00:00-05:00,2.1610000133514404,2.1610000133514404,2.1610000133514404,2.1610000133514404,0.0,0.0,0.0,Ethanol,EH=F
2025-01-08 00:00:00-05:00,2.1610000133514404,2.1610000133514404,2.1610000133514404,2.1610000133514404,0.0,0.0,0.0,Ethanol,EH=F
2025-01-09 00:00:00-05:00,2.1610000133514404,2.1610000133514404,2.1610000133514404,2.1610000133514404,0.0,0.0,0.0,Ethanol,EH=F
2025-01-10 00:00:00-05:00,2.1610000133514404,2.1610000133514404,2.1610000133514404,2.1610000133514404,0.0,0.0,0.0,Ethanol,EH=F
2024-01-03 00:00:00-05:00,3.8375000953674316,3.861999988555908,3.8294999599456787,3.8475000858306885,395.0,0.0,0.0,Copper,HG=F
2024-01-04 00:00:00-05:00,3.8550000190734863,3.8559999465942383,3.811500072479248,3.8310000896453857,389.0,0.0,0.0,Copper,HG=F
2024-01-05 00:00:00-05:00,3.8324999809265137,3.8394999504089355,3.7929999828338623,3.7945001125335693,413.0,0.0,0.0,Copper,HG=F
2024-01-08 00:00:00-05:00,3.796999931335449,3.813499927520752,3.7799999713897705,3.799499988555908,406.0,0.0,0.0,Copper,HG=F
2024-01-09 00:00:00-05:00,3.7874999046325684,3.7880001068115234,3.747999906539917,3.748500108718872,409.0,0.0,0.0,Copper,HG=F
2024-01-10 00:00:00-05:00,3.757999897003174,3.7839999198913574,3.757999897003174,3.7809998989105225,650.0,0.0,0.0,Copper,HG=F
2024-01-11 00:00:00-05:00,3.7929999828338623,3.7934999465942383,3.7764999866485596,3.7764999866485596,292.0,0.0,0.0,Copper,HG=F
2024-01-12 00:00:00-05:00,3.7869999408721924,3.7925000190734863,3.740000009536743,3.740000009536743,430.0,0.0,0.0,Copper,HG=F
2024-01-16 00:00:00-05:00,3.763000011444092,3.7750000953674316,3.763000011444092,3.7664999961853027,295.0,0.0,0.0,Copper,HG=F
2024-01-17 00:00:00-05:00,3.734999895095825,3.747999906539917,3.7295000553131104,3.7325000762939453,319.0,0.0,0.0,Copper,HG=F
2024-01-18 00:00:00-05:00,3.7274999618530273,3.744999885559082,3.7200000286102295,3.744999885559082,289.0,0.0,0.0,Copper,HG=F
2024-01-19 00:00:00-05:00,3.762500047683716,3.7880001068115234,3.762500047683716,3.7869999408721924,264.0,0.0,0.0,Copper,HG=F
2024-01-22 00:00:00-05:00,3.76200008392334,3.7674999237060547,3.76200008392334,3.7639999389648438,493.0,0.0,0.0,Copper,HG=F
2024-01-23 00:00:00-05:00,3.7960000038146973,3.7960000038146973,3.7855000495910645,3.7904999256134033,401.0,0.0,0.0,Copper,HG=F
2024-01-24 00:00:00-05:00,3.802500009536743,3.884999990463257,3.796999931335449,3.882499933242798,523.0,0.0,0.0,Copper,HG=F
2024-01-25 00:00:00-05:00,3.862499952316284,3.865499973297119,3.859999895095825,3.865499973297119,413.0,0.0,0.0,Copper,HG=F
2024-01-26 00:00:00-05:00,3.865999937057495,3.869499921798706,3.8505001068115234,3.8505001068115234,632.0,0.0,0.0,Copper,HG=F
2024-01-29 00:00:00-05:00,3.8399999141693115,3.872999906539917,3.8399999141693115,3.872999906539917,706.0,0.0,0.0,Copper,HG=F
2024-01-30 00:00:00-05:00,3.868499994277954,3.9144999980926514,3.8589999675750732,3.9065001010894775,562.0,0.0,0.0,Copper,HG=F
2024-01-31 00:00:00-05:00,3.9110000133514404,3.936000108718872,3.884999990463257,3.9024999141693115,750.0,0.0,0.0,Copper,HG=F
2024-02-01 00:00:00-05:00,3.8954999446868896,3.8954999446868896,3.8450000286102295,3.8524999618530273,695.0,0.0,0.0,Copper,HG=F
2024-02-02 00:00:00-05:00,3.8499999046325684,3.8499999046325684,3.821500062942505,3.821500062942505,529.0,0.0,0.0,Copper,HG=F
2024-02-05 00:00:00-05:00,3.805000066757202,3.805000066757202,3.7669999599456787,3.7720000743865967,372.0,0.0,0.0,Copper,HG=F
2024-02-06 00:00:00-05:00,3.7764999866485596,3.7915000915527344,3.7764999866485596,3.7825000286102295,327.0,0.0,0.0,Copper,HG=F
2024-02-07 00:00:00-05:00,3.7844998836517334,3.7844998836517334,3.734999895095825,3.737499952316284,351.0,0.0,0.0,Copper,HG=F
2024-02-08 00:00:00-05:00,3.742500066757202,3.742500066757202,3.691999912261963,3.7054998874664307,383.0,0.0,0.0,Copper,HG=F
2024-02-09 00:00:00-05:00,3.696500062942505,3.696500062942505,3.686000108718872,3.686000108718872,324.0,0.0,0.0,Copper,HG=F
2024-02-12 00:00:00-05:00,3.7209999561309814,3.7284998893737793,3.7209999561309814,3.7284998893737793,200.0,0.0,0.0,Copper,HG=F
2024-02-13 00:00:00-05:00,3.7314999103546143,3.7330000400543213,3.7065000534057617,3.7139999866485596,197.0,0.0,0.0,Copper,HG=F
2024-02-14 00:00:00-05:00,3.69950008392334,3.700500011444092,3.69950008392334,3.700500011444092,359.0,0.0,0.0,Copper,HG=F
2024-02-15 00:00:00-05:00,3.7314999103546143,3.757499933242798,3.7314999103546143,3.756500005722046,273.0,0.0,0.0,Copper,HG=F
2024-02-16 00:00:00-05:00,3.8264999389648438,3.8415000438690186,3.8264999389648438,3.8380000591278076,334.0,0.0,0.0,Copper,HG=F
2024-02-20 00:00:00-05:00,3.866499900817871,3.866499900817871,3.866499900817871,3.866499900817871,392.0,0.0,0.0,Copper,HG=F
2024-02-21 00:00:00-05:00,3.8570001125335693,3.875,3.8559999465942383,3.874500036239624,358.0,0.0,0.0,Copper,HG=F
2024-02-22 00:00:00-05:00,3.8965001106262207,3.8975000381469727,3.867000102996826,3.8975000381469727,255.0,0.0,0.0,Copper,HG=F
2024-02-23 00:00:00-05:00,3.8605000972747803,3.881999969482422,3.8605000972747803,3.881999969482422,462.0,0.0,0.0,Copper,HG=F
2024-02-26 00:00:00-05:00,3.8399999141693115,3.8399999141693115,3.8239998817443848,3.8239998817443848,515.0,0.0,0.0,Copper,HG=F
2024-02-27 00:00:00-05:00,3.819999933242798,3.8310000896453857,3.819999933242798,3.8310000896453857,23671.0,0.0,0.0,Copper,HG=F
2024-02-28 00:00:00-05:00,3.8304998874664307,3.8324999809265137,3.801500082015991,3.827500104904175,7289.0,0.0,0.0,Copper,HG=F
2024-02-29 00:00:00-05:00,3.827500104904175,3.8464999198913574,3.825000047683716,3.8345000743865967,2054.0,0.0,0.0,Copper,HG=F
2024-03-01 00:00:00-05:00,3.8380000591278076,3.8580000400543213,3.809000015258789,3.8550000190734863,1346.0,0.0,0.0,Copper,HG=F
2024-03-04 00:00:00-05:00,3.8450000286102295,3.881500005722046,3.8434998989105225,3.8519999980926514,1136.0,0.0,0.0,Copper,HG=F
2024-03-05 00:00:00-05:00,3.8464999198913574,3.86299991607666,3.8380000591278076,3.8440001010894775,929.0,0.0,0.0,Copper,HG=F
2024-03-06 00:00:00-05:00,3.8399999141693115,3.8914999961853027,3.8375000953674316,3.870500087738037,987.0,0.0,0.0,Copper,HG=F
2024-03-07 00:00:00-05:00,3.874000072479248,3.930999994277954,3.874000072479248,3.9195001125335693,1243.0,0.0,0.0,Copper,HG=F
2024-03-08 00:00:00-05:00,3.9175000190734863,3.931999921798706,3.878000020980835,3.884999990463257,693.0,0.0,0.0,Copper,HG=F
2024-03-11 00:00:00-04:00,3.88700008392334,3.9230000972747803,3.88700008392334,3.922499895095825,691.0,0.0,0.0,Copper,HG=F
2024-03-12 00:00:00-04:00,3.930000066757202,3.940000057220459,3.8965001106262207,3.924999952316284,775.0,0.0,0.0,Copper,HG=F
2024-03-13 00:00:00-04:00,3.9230000972747803,4.056000232696533,3.9205000400543213,4.052499771118164,828.0,0.0,0.0,Copper,HG=F
2024-03-14 00:00:00-04:00,4.054999828338623,4.054999828338623,4.01800012588501,4.0370001792907715,861.0,0.0,0.0,Copper,HG=F
2024-03-15 00:00:00-04:00,4.040500164031982,4.120500087738037,4.035999774932861,4.112500190734863,822.0,0.0,0.0,Copper,HG=F
2024-03-18 00:00:00-04:00,4.105000019073486,4.145999908447266,4.093999862670898,4.114500045776367,950.0,0.0,0.0,Copper,HG=F
2024-03-19 00:00:00-04:00,4.114500045776367,4.114500045776367,4.050000190734863,4.058499813079834,978.0,0.0,0.0,Copper,HG=F
2024-03-20 00:00:00-04:00,4.065000057220459,4.077499866485596,4.019999980926514,4.03849983215332,776.0,0.0,0.0,Copper,HG=F
2024-03-21 00:00:00-04:00,4.085999965667725,4.085999965667725,4.031000137329102,4.046500205993652,867.0,0.0,0.0,Copper,HG=F
2024-03-22 00:00:00-04:00,4.020500183105469,4.020500183105469,3.990000009536743,3.996000051498413,1056.0,0.0,0.0,Copper,HG=F
2024-03-25 00:00:00-04:00,3.999500036239624,4.02400016784668,3.990000009536743,4.006999969482422,676.0,0.0,0.0,Copper,HG=F
2024-03-26 00:00:00-04:00,3.9800000190734863,3.998500108718872,3.9800000190734863,3.996000051498413,852.0,0.0,0.0,Copper,HG=F
2024-03-27 00:00:00-04:00,3.995500087738037,4.005000114440918,3.9690001010894775,3.992500066757202,715.0,0.0,0.0,Copper,HG=F
2024-03-28 00:00:00-04:00,4.019499778747559,4.019499778747559,3.9820001125335693,4.003499984741211,852.0,0.0,0.0,Copper,HG=F
2024-04-01 00:00:00-04:00,4.073999881744385,4.073999881744385,4.04449987411499,4.046000003814697,623.0,0.0,0.0,Copper,HG=F
2024-04-02 00:00:00-04:00,4.053999900817871,4.08650016784668,4.053999900817871,4.070000171661377,458.0,0.0,0.0,Copper,HG=F
2024-04-03 00:00:00-04:00,4.072500228881836,4.20550012588501,4.072500228881836,4.192999839782715,431.0,0.0,0.0,Copper,HG=F
2024-04-04 00:00:00-04:00,4.2220001220703125,4.246500015258789,4.21750020980835,4.246500015258789,205.0,0.0,0.0,Copper,HG=F
2024-04-05 00:00:00-04:00,4.239500045776367,4.239500045776367,4.235000133514404,4.239500045776367,1377.0,0.0,0.0,Copper,HG=F
2024-04-08 00:00:00-04:00,4.18149995803833,4.296999931335449,4.18149995803833,4.2769999504089355,223.0,0.0,0.0,Copper,HG=F
2024-04-09 00:00:00-04:00,4.2769999504089355,4.285999774932861,4.274499893188477,4.285999774932861,206.0,0.0,0.0,Copper,HG=F
2024-04-10 00:00:00-04:00,4.274499893188477,4.2820000648498535,4.264500141143799,4.2820000648498535,316.0,0.0,0.0,Copper,HG=F
2024-04-11 00:00:00-04:00,4.272500038146973,4.272500038146973,4.230500221252441,4.251999855041504,355.0,0.0,0.0,Copper,HG=F
2024-04-12 00:00:00-04:00,4.340000152587891,4.340000152587891,4.255499839782715,4.257500171661377,252.0,0.0,0.0,Copper,HG=F
2024-04-15 00:00:00-04:00,4.382999897003174,4.382999897003174,4.285999774932861,4.379000186920166,289.0,0.0,0.0,Copper,HG=F
2024-04-16 00:00:00-04:00,4.364999771118164,4.365499973297119,4.28000020980835,4.305500030517578,314.0,0.0,0.0,Copper,HG=F
2024-04-17 00:00:00-04:00,4.371500015258789,4.371500015258789,4.34250020980835,4.34250020980835,234.0,0.0,0.0,Copper,HG=F
2024-04-18 00:00:00-04:00,4.414999961853027,4.440499782562256,4.414999961853027,4.440499782562256,295.0,0.0,0.0,Copper,HG=F
2024-04-19 00:00:00-04:00,4.442500114440918,4.514500141143799,4.442500114440918,4.501999855041504,248.0,0.0,0.0,Copper,HG=F
2024-04-22 00:00:00-04:00,4.478499889373779,4.500500202178955,4.4720001220703125,4.500500202178955,468.0,0.0,0.0,Copper,HG=F
2024-04-23 00:00:00-04:00,4.485000133514404,4.490499973297119,4.420000076293945,4.490499973297119,570.0,0.0,0.0,Copper,HG=F
2024-04-24 00:00:00-04:00,4.4670000076293945,4.496500015258789,4.4670000076293945,4.4670000076293945,417.0,0.0,0.0,Copper,HG=F
2024-04-25 00:00:00-04:00,4.570499897003174,4.570499897003174,4.570499897003174,4.570499897003174,396.0,0.0,0.0,Copper,HG=F
2024-04-26 00:00:00-04:00,4.624499797821045,4.624499797821045,4.568999767303467,4.568999767303467,55975.0,0.0,0.0,Copper,HG=F
2024-04-29 00:00:00-04:00,4.572999954223633,4.677999973297119,4.5625,4.658999919891357,11865.0,0.0,0.0,Copper,HG=F
2024-04-30 00:00:00-04:00,4.675000190734863,4.690999984741211,4.542500019073486,4.564499855041504,2062.0,0.0,0.0,Copper,HG=F
2024-05-01 00:00:00-04:00,4.540500164031982,4.598499774932861,4.513500213623047,4.552499771118164,1659.0,0.0,0.0,Copper,HG=F
2024-05-02 00:00:00-04:00,4.580999851226807,4.580999851226807,4.47599983215332,4.49399995803833,864.0,0.0,0.0,Copper,HG=F
2024-05-03 00:00:00-04:00,4.514500141143799,4.573500156402588,4.504499912261963,4.573500156402588,879.0,0.0,0.0,Copper,HG=F
2024-05-06 00:00:00-04:00,4.59250020980835,4.646999835968018,4.584000110626221,4.634500026702881,642.0,0.0,0.0,Copper,HG=F
2024-05-07 00:00:00-04:00,4.630000114440918,4.63700008392334,4.593500137329102,4.625500202178955,823.0,0.0,0.0,Copper,HG=F
2024-05-08 00:00:00-04:00,4.583000183105469,4.593999862670898,4.5320000648498535,4.561999797821045,1097.0,0.0,0.0,Copper,HG=F
2024-05-09 00:00:00-04:00,4.559000015258789,4.616499900817871,4.53849983215332,4.607500076293945,905.0,0.0,0.0,Copper,HG=F
2024-05-10 00:00:00-04:00,4.645999908447266,4.752999782562256,4.645500183105469,4.69350004196167,989.0,0.0,0.0,Copper,HG=F
2024-05-13 00:00:00-04:00,4.685999870300293,4.809000015258789,4.685999870300293,4.804500102996826,853.0,0.0,0.0,Copper,HG=F
2024-05-14 00:00:00-04:00,4.822999954223633,5.081999778747559,4.819499969482422,4.953499794006348,1046.0,0.0,0.0,Copper,HG=F
2024-05-15 00:00:00-04:00,4.989999771118164,5.177499771118164,4.863999843597412,4.9695000648498535,724.0,0.0,0.0,Copper,HG=F
2024-05-16 00:00:00-04:00,5.0229997634887695,5.0229997634887695,4.881999969482422,4.892000198364258,1150.0,0.0,0.0,Copper,HG=F
2024-05-17 00:00:00-04:00,4.864999771118164,5.070499897003174,4.864999771118164,5.057000160217285,790.0,0.0,0.0,Copper,HG=F
2024-05-20 00:00:00-04:00,5.191999912261963,5.198500156402588,5.0289998054504395,5.087500095367432,747.0,0.0,0.0,Copper,HG=F
2024-05-21 00:00:00-04:00,5.057499885559082,5.161499977111816,5.057499885559082,5.11899995803833,568.0,0.0,0.0,Copper,HG=F
2024-05-22 00:00:00-04:00,5.074999809265137,5.074999809265137,4.839000225067139,4.867499828338623,976.0,0.0,0.0,Copper,HG=F
2024-05-23 00:00:00-04:00,4.809999942779541,4.8480000495910645,4.803500175476074,4.816500186920166,713.0,0.0,0.0,Copper,HG=F
2024-05-24 00:00:00-04:00,4.815999984741211,4.824999809265137,4.772500038146973,4.778500080108643,689.0,0.0,0.0,Copper,HG=F
2024-05-28 00:00:00-04:00,4.863500118255615,4.89900016784668,4.860000133514404,4.875500202178955,461.0,0.0,0.0,Copper,HG=F
2024-05-29 00:00:00-04:00,4.802000045776367,4.805500030517578,4.796000003814697,4.805500030517578,1059.0,0.0,0.0,Copper,HG=F
2024-05-30 00:00:00-04:00,4.7754998207092285,4.7855000495910645,4.642499923706055,4.671999931335449,1170.0,0.0,0.0,Copper,HG=F
2024-05-31 00:00:00-04:00,4.638500213623047,4.651500225067139,4.583499908447266,4.610000133514404,615.0,0.0,0.0,Copper,HG=F
2024-06-03 00:00:00-04:00,4.684000015258789,4.684000015258789,4.663000106811523,4.677000045776367,488.0,0.0,0.0,Copper,HG=F
2024-06-04 00:00:00-04:00,4.685999870300293,4.685999870300293,4.54449987411499,4.547999858856201,593.0,0.0,0.0,Copper,HG=F
2024-06-05 00:00:00-04:00,4.538000106811523,4.622499942779541,4.538000106811523,4.619500160217285,436.0,0.0,0.0,Copper,HG=F
2024-06-06 00:00:00-04:00,4.661499977111816,4.690999984741211,4.650000095367432,4.690999984741211,376.0,0.0,0.0,Copper,HG=F
2024-06-07 00:00:00-04:00,4.559999942779541,4.559999942779541,4.479499816894531,4.494500160217285,398.0,0.0,0.0,Copper,HG=F
2024-06-10 00:00:00-04:00,4.474999904632568,4.568999767303467,4.474999904632568,4.55649995803833,391.0,0.0,0.0,Copper,HG=F
2024-06-11 00:00:00-04:00,4.4654998779296875,4.5229997634887695,4.4654998779296875,4.5229997634887695,388.0,0.0,0.0,Copper,HG=F
2024-06-12 00:00:00-04:00,4.526500225067139,4.587500095367432,4.523499965667725,4.581500053405762,384.0,0.0,0.0,Copper,HG=F
2024-06-13 00:00:00-04:00,4.507500171661377,4.507500171661377,4.507500171661377,4.507500171661377,532.0,0.0,0.0,Copper,HG=F
2024-06-14 00:00:00-04:00,4.516499996185303,4.551000118255615,4.508999824523926,4.551000118255615,577.0,0.0,0.0,Copper,HG=F
2024-06-17 00:00:00-04:00,4.4710001945495605,4.526000022888184,4.4710001945495605,4.521500110626221,512.0,0.0,0.0,Copper,HG=F
2024-06-18 00:00:00-04:00,4.449999809265137,4.561999797821045,4.449999809265137,4.561999797821045,454.0,0.0,0.0,Copper,HG=F
2024-06-20 00:00:00-04:00,4.605000019073486,4.618000030517578,4.5920000076293945,4.618000030517578,445.0,0.0,0.0,Copper,HG=F
2024-06-21 00:00:00-04:00,4.597499847412109,4.597499847412109,4.479000091552734,4.49399995803833,687.0,0.0,0.0,Copper,HG=F
2024-06-24 00:00:00-04:00,4.480000019073486,4.5269999504089355,4.476500034332275,4.5269999504089355,668.0,0.0,0.0,Copper,HG=F
2024-06-25 00:00:00-04:00,4.511499881744385,4.511499881744385,4.367499828338623,4.38100004196167,690.0,0.0,0.0,Copper,HG=F
2024-06-26 00:00:00-04:00,4.363500118255615,4.367499828338623,4.36299991607666,4.367499828338623,27282.0,0.0,0.0,Copper,HG=F
2024-06-27 00:00:00-04:00,4.359000205993652,4.365499973297119,4.304999828338623,4.328499794006348,6440.0,0.0,0.0,Copper,HG=F
2024-06-28 00:00:00-04:00,4.326499938964844,4.415999889373779,4.318999767303467,4.390500068664551,1413.0,0.0,0.0,Copper,HG=F
2024-07-01 00:00:00-04:00,4.388500213623047,4.433499813079834,4.362500190734863,4.426499843597412,991.0,0.0,0.0,Copper,HG=F
2024-07-02 00:00:00-04:00,4.423999786376953,4.473999977111816,4.4004998207092285,4.429500102996826,894.0,0.0,0.0,Copper,HG=F
2024-07-03 00:00:00-04:00,4.452499866485596,4.564499855041504,4.452499866485596,4.540999889373779,821.0,0.0,0.0,Copper,HG=F
2024-07-05 00:00:00-04:00,4.544000148773193,4.679999828338623,4.544000148773193,4.6585001945495605,495.0,0.0,0.0,Copper,HG=F
2024-07-08 00:00:00-04:00,4.609000205993652,4.667500019073486,4.607500076293945,4.622000217437744,561.0,0.0,0.0,Copper,HG=F
2024-07-09 00:00:00-04:00,4.616499900817871,4.646999835968018,4.559000015258789,4.578000068664551,663.0,0.0,0.0,Copper,HG=F
2024-07-10 00:00:00-04:00,4.58050012588501,4.645999908447266,4.5625,4.607500076293945,727.0,0.0,0.0,Copper,HG=F
2024-07-11 00:00:00-04:00,4.600500106811523,4.611000061035156,4.505499839782715,4.508500099182129,979.0,0.0,0.0,Copper,HG=F
2024-07-12 00:00:00-04:00,4.519499778747559,4.598499774932861,4.489999771118164,4.598499774932861,608.0,0.0,0.0,Copper,HG=F
2024-07-15 00:00:00-04:00,4.570000171661377,4.573500156402588,4.510000228881836,4.5289998054504395,443.0,0.0,0.0,Copper,HG=F
2024-07-16 00:00:00-04:00,4.511499881744385,4.513500213623047,4.429999828338623,4.443999767303467,782.0,0.0,0.0,Copper,HG=F
2024-07-17 00:00:00-04:00,4.42549991607666,4.427499771118164,4.39300012588501,4.39900016784668,483.0,0.0,0.0,Copper,HG=F
2024-07-18 00:00:00-04:00,4.398499965667725,4.398499965667725,4.265999794006348,4.265999794006348,437.0,0.0,0.0,Copper,HG=F
2024-07-19 00:00:00-04:00,4.251999855041504,4.261000156402588,4.2179999351501465,4.218999862670898,302.0,0.0,0.0,Copper,HG=F
2024-07-22 00:00:00-04:00,4.218999862670898,4.2210001945495605,4.147500038146973,4.180500030517578,483.0,0.0,0.0,Copper,HG=F
2024-07-23 00:00:00-04:00,4.145500183105469,4.14900016784668,4.13700008392334,4.145999908447266,503.0,0.0,0.0,Copper,HG=F
2024-07-24 00:00:00-04:00,4.132999897003174,4.138000011444092,4.098999977111816,4.098999977111816,596.0,0.0,0.0,Copper,HG=F
2024-07-25 00:00:00-04:00,4.060500144958496,4.132500171661377,4.060500144958496,4.112500190734863,516.0,0.0,0.0,Copper,HG=F
2024-07-26 00:00:00-04:00,4.112500190734863,4.126999855041504,4.0879998207092285,4.104499816894531,386.0,0.0,0.0,Copper,HG=F
2024-07-29 00:00:00-04:00,4.065000057220459,4.065000057220459,4.049499988555908,4.061999797821045,863.0,0.0,0.0,Copper,HG=F
2024-07-30 00:00:00-04:00,4.060999870300293,4.076000213623047,4.026500225067139,4.063000202178955,1667.0,0.0,0.0,Copper,HG=F
2024-07-31 00:00:00-04:00,4.076499938964844,4.178999900817871,4.069499969482422,4.159999847412109,637.0,0.0,0.0,Copper,HG=F
2024-08-01 00:00:00-04:00,4.111000061035156,4.111000061035156,4.05049991607666,4.066500186920166,880.0,0.0,0.0,Copper,HG=F
2024-08-02 00:00:00-04:00,4.107500076293945,4.110000133514404,4.084000110626221,4.084000110626221,421.0,0.0,0.0,Copper,HG=F
2024-08-05 00:00:00-04:00,4.099999904632568,4.099999904632568,3.9260001182556152,3.9839999675750732,585.0,0.0,0.0,Copper,HG=F
2024-08-06 00:00:00-04:00,3.950000047683716,4.011499881744385,3.950000047683716,4.011499881744385,449.0,0.0,0.0,Copper,HG=F
2024-08-07 00:00:00-04:00,3.9684998989105225,3.9684998989105225,3.927999973297119,3.9375,397.0,0.0,0.0,Copper,HG=F
2024-08-08 00:00:00-04:00,3.9175000190734863,3.9614999294281006,3.9175000190734863,3.944999933242798,408.0,0.0,0.0,Copper,HG=F
2024-08-09 00:00:00-04:00,3.9660000801086426,4.013999938964844,3.9660000801086426,3.9800000190734863,343.0,0.0,0.0,Copper,HG=F
2024-08-12 00:00:00-04:00,4.019999980926514,4.071000099182129,4.019499778747559,4.054999828338623,399.0,0.0,0.0,Copper,HG=F
2024-08-13 00:00:00-04:00,4.035999774932861,4.035999774932861,4.035999774932861,4.035999774932861,241.0,0.0,0.0,Copper,HG=F
2024-08-14 00:00:00-04:00,4.05049991607666,4.052000045776367,4.025000095367432,4.025000095367432,190.0,0.0,0.0,Copper,HG=F
2024-08-15 00:00:00-04:00,4.028500080108643,4.144000053405762,4.028500080108643,4.138999938964844,335.0,0.0,0.0,Copper,HG=F
2024-08-16 00:00:00-04:00,4.0945000648498535,4.127500057220459,4.0945000648498535,4.127500057220459,286.0,0.0,0.0,Copper,HG=F
2024-08-19 00:00:00-04:00,4.165999889373779,4.16949987411499,4.1645002365112305,4.166500091552734,237.0,0.0,0.0,Copper,HG=F
2024-08-20 00:00:00-04:00,4.17549991607666,4.190999984741211,4.138999938964844,4.149499893188477,326.0,0.0,0.0,Copper,HG=F
2024-08-21 00:00:00-04:00,4.173999786376953,4.184500217437744,4.173999786376953,4.18149995803833,299.0,0.0,0.0,Copper,HG=F
2024-08-22 00:00:00-04:00,4.197999954223633,4.197999954223633,4.138999938964844,4.140999794006348,301.0,0.0,0.0,Copper,HG=F
2024-08-23 00:00:00-04:00,4.193999767303467,4.204500198364258,4.193999767303467,4.194499969482422,301.0,0.0,0.0,Copper,HG=F
2024-08-26 00:00:00-04:00,4.19950008392334,4.2144999504089355,4.19950008392334,4.21150016784668,346.0,0.0,0.0,Copper,HG=F
2024-08-27 00:00:00-04:00,4.243500232696533,4.24399995803833,4.230500221252441,4.230500221252441,256.0,0.0,0.0,Copper,HG=F
2024-08-28 00:00:00-04:00,4.21999979019165,4.21999979019165,4.144999980926514,4.144999980926514,24167.0,0.0,0.0,Copper,HG=F
2024-08-29 00:00:00-04:00,4.144999980926514,4.177999973297119,4.104499816894531,4.147500038146973,6135.0,0.0,0.0,Copper,HG=F
2024-08-30 00:00:00-04:00,4.180500030517578,4.196000099182129,4.142499923706055,4.144999980926514,1365.0,0.0,0.0,Copper,HG=F
2024-09-03 00:00:00-04:00,4.14900016784668,4.1545000076293945,3.993000030517578,4.0320000648498535,1114.0,0.0,0.0,Copper,HG=F
2024-09-04 00:00:00-04:00,4.031000137329102,4.043000221252441,3.990000009536743,4.019499778747559,944.0,0.0,0.0,Copper,HG=F
2024-09-05 00:00:00-04:00,4.0269999504089355,4.103499889373779,3.9820001125335693,4.077499866485596,543.0,0.0,0.0,Copper,HG=F
2024-09-06 00:00:00-04:00,4.078999996185303,4.113999843597412,4.004499912261963,4.014500141143799,679.0,0.0,0.0,Copper,HG=F
2024-09-09 00:00:00-04:00,4.046000003814697,4.0960001945495605,4.046000003814697,4.084499835968018,679.0,0.0,0.0,Copper,HG=F
2024-09-10 00:00:00-04:00,4.079999923706055,4.079999923706055,4.0329999923706055,4.040500164031982,674.0,0.0,0.0,Copper,HG=F
2024-09-11 00:00:00-04:00,4.058000087738037,4.103000164031982,4.058000087738037,4.083000183105469,550.0,0.0,0.0,Copper,HG=F
2024-09-12 00:00:00-04:00,4.111999988555908,4.166500091552734,4.111999988555908,4.132999897003174,749.0,0.0,0.0,Copper,HG=F
2024-09-13 00:00:00-04:00,4.148499965667725,4.184000015258789,4.148499965667725,4.175000190734863,509.0,0.0,0.0,Copper,HG=F
2024-09-16 00:00:00-04:00,4.199999809265137,4.247000217437744,4.199999809265137,4.2129998207092285,539.0,0.0,0.0,Copper,HG=F
2024-09-17 00:00:00-04:00,4.223999977111816,4.232999801635742,4.19350004196167,4.213500022888184,463.0,0.0,0.0,Copper,HG=F
2024-09-18 00:00:00-04:00,4.188499927520752,4.269999980926514,4.188499927520752,4.23799991607666,311.0,0.0,0.0,Copper,HG=F
2024-09-19 00:00:00-04:00,4.300000190734863,4.310500144958496,4.269499778747559,4.285999774932861,566.0,0.0,0.0,Copper,HG=F
2024-09-20 00:00:00-04:00,4.316999912261963,4.317999839782715,4.261000156402588,4.281499862670898,276.0,0.0,0.0,Copper,HG=F
2024-09-23 00:00:00-04:00,4.249499797821045,4.297500133514404,4.248000144958496,4.289000034332275,755.0,0.0,0.0,Copper,HG=F
2024-09-24 00:00:00-04:00,4.300000190734863,4.429500102996826,4.300000190734863,4.429500102996826,431.0,0.0,0.0,Copper,HG=F
2024-09-25 00:00:00-04:00,4.453000068664551,4.453000068664551,4.423999786376953,4.427999973297119,563.0,0.0,0.0,Copper,HG=F
2024-09-26 00:00:00-04:00,4.478499889373779,4.580999851226807,4.478499889373779,4.580999851226807,1237.0,0.0,0.0,Copper,HG=F
2024-09-27 00:00:00-04:00,4.566999912261963,4.5894999504089355,4.520999908447266,4.540999889373779,1128.0,0.0,0.0,Copper,HG=F
2024-09-30 00:00:00-04:00,4.610000133514404,4.610000133514404,4.465000152587891,4.495999813079834,416.0,0.0,0.0,Copper,HG=F
2024-10-01 00:00:00-04:00,4.51200008392334,4.538000106811523,4.511000156402588,4.5355000495910645,748.0,0.0,0.0,Copper,HG=F
2024-10-02 00:00:00-04:00,4.576499938964844,4.605500221252441,4.56850004196167,4.5960001945495605,469.0,0.0,0.0,Copper,HG=F
2024-10-03 00:00:00-04:00,4.611000061035156,4.611000061035156,4.475500106811523,4.501999855041504,407.0,0.0,0.0,Copper,HG=F
2024-10-04 00:00:00-04:00,4.504499912261963,4.551000118255615,4.504499912261963,4.522500038146973,440.0,0.0,0.0,Copper,HG=F
2024-10-07 00:00:00-04:00,4.513999938964844,4.519000053405762,4.495500087738037,4.519000053405762,413.0,0.0,0.0,Copper,HG=F
2024-10-08 00:00:00-04:00,4.427999973297119,4.433000087738037,4.406499862670898,4.4120001792907715,504.0,0.0,0.0,Copper,HG=F
2024-10-09 00:00:00-04:00,4.390500068664551,4.390500068664551,4.355000019073486,4.355000019073486,425.0,0.0,0.0,Copper,HG=F
2024-10-10 00:00:00-04:00,4.376999855041504,4.402500152587891,4.376999855041504,4.385000228881836,259.0,0.0,0.0,Copper,HG=F
2024-10-11 00:00:00-04:00,4.4054999351501465,4.451499938964844,4.4054999351501465,4.451499938964844,336.0,0.0,0.0,Copper,HG=F
2024-10-14 00:00:00-04:00,4.349999904632568,4.39900016784668,4.34499979019165,4.363500118255615,398.0,0.0,0.0,Copper,HG=F
2024-10-15 00:00:00-04:00,4.364500045776367,4.364500045776367,4.293000221252441,4.30049991607666,614.0,0.0,0.0,Copper,HG=F
2024-10-16 00:00:00-04:00,4.318999767303467,4.3354997634887695,4.314000129699707,4.331500053405762,430.0,0.0,0.0,Copper,HG=F
2024-10-17 00:00:00-04:00,4.34499979019165,4.34499979019165,4.284999847412109,4.286499977111816,345.0,0.0,0.0,Copper,HG=F
2024-10-18 00:00:00-04:00,4.3520002365112305,4.370999813079834,4.333000183105469,4.3460001945495605,406.0,0.0,0.0,Copper,HG=F
2024-10-21 00:00:00-04:00,4.351500034332275,4.351500034332275,4.318999767303467,4.322999954223633,425.0,0.0,0.0,Copper,HG=F
2024-10-22 00:00:00-04:00,4.367000102996826,4.367000102996826,4.3480000495910645,4.3480000495910645,378.0,0.0,0.0,Copper,HG=F
2024-10-23 00:00:00-04:00,4.320000171661377,4.320000171661377,4.28000020980835,4.304500102996826,474.0,0.0,0.0,Copper,HG=F
2024-10-24 00:00:00-04:00,4.367000102996826,4.367000102996826,4.293000221252441,4.319499969482422,556.0,0.0,0.0,Copper,HG=F
2024-10-25 00:00:00-04:00,4.305500030517578,4.3394999504089355,4.305500030517578,4.3394999504089355,386.0,0.0,0.0,Copper,HG=F
2024-10-28 00:00:00-04:00,4.333000183105469,4.33650016784668,4.329999923706055,4.331999778747559,611.0,0.0,0.0,Copper,HG=F
2024-10-29 00:00:00-04:00,4.324999809265137,4.3480000495910645,4.324999809265137,4.332499980926514,1134.0,0.0,0.0,Copper,HG=F
2024-10-30 00:00:00-04:00,4.3394999504089355,4.35699987411499,4.3125,4.327499866485596,936.0,0.0,0.0,Copper,HG=F
2024-10-31 00:00:00-04:00,4.332499980926514,4.340000152587891,4.302499771118164,4.313499927520752,1249.0,0.0,0.0,Copper,HG=F
2024-11-01 00:00:00-04:00,4.355000019073486,4.355000019073486,4.329999923706055,4.347499847412109,695.0,0.0,0.0,Copper,HG=F
2024-11-04 00:00:00-05:00,4.370999813079834,4.415999889373779,4.370999813079834,4.4070000648498535,471.0,0.0,0.0,Copper,HG=F
2024-11-05 00:00:00-05:00,4.39900016784668,4.458000183105469,4.39900016784668,4.450500011444092,585.0,0.0,0.0,Copper,HG=F
2024-11-06 00:00:00-05:00,4.27400016784668,4.27400016784668,4.207499980926514,4.222499847412109,732.0,0.0,0.0,Copper,HG=F
2024-11-07 00:00:00-05:00,4.2245001792907715,4.411499977111816,4.2245001792907715,4.409999847412109,394.0,0.0,0.0,Copper,HG=F
2024-11-08 00:00:00-05:00,4.388500213623047,4.388500213623047,4.2754998207092285,4.286499977111816,473.0,0.0,0.0,Copper,HG=F
2024-11-11 00:00:00-05:00,4.306000232696533,4.306000232696533,4.210999965667725,4.210999965667725,565.0,0.0,0.0,Copper,HG=F
2024-11-12 00:00:00-05:00,4.165500164031982,4.165500164031982,4.117499828338623,4.119500160217285,542.0,0.0,0.0,Copper,HG=F
2024-11-13 00:00:00-05:00,4.113999843597412,4.113999843597412,4.061500072479248,4.065999984741211,645.0,0.0,0.0,Copper,HG=F
2024-11-14 00:00:00-05:00,4.061500072479248,4.072999954223633,4.058000087738037,4.072999954223633,451.0,0.0,0.0,Copper,HG=F
2024-11-15 00:00:00-05:00,4.124000072479248,4.125500202178955,4.048500061035156,4.051000118255615,349.0,0.0,0.0,Copper,HG=F
2024-11-18 00:00:00-05:00,4.063000202178955,4.116000175476074,4.063000202178955,4.107999801635742,371.0,0.0,0.0,Copper,HG=F
2024-11-19 00:00:00-05:00,4.098499774932861,4.160999774932861,4.09499979019165,4.130000114440918,362.0,0.0,0.0,Copper,HG=F
2024-11-20 00:00:00-05:00,4.144499778747559,4.145999908447266,4.130000114440918,4.143499851226807,437.0,0.0,0.0,Copper,HG=F
2024-11-21 00:00:00-05:00,4.115499973297119,4.124000072479248,4.099999904632568,4.11299991607666,600.0,0.0,0.0,Copper,HG=F
2024-11-22 00:00:00-05:00,4.077000141143799,4.083499908447266,4.068999767303467,4.073999881744385,514.0,0.0,0.0,Copper,HG=F
2024-11-25 00:00:00-05:00,4.103000164031982,4.103000164031982,4.089000225067139,4.0914998054504395,335.0,0.0,0.0,Copper,HG=F
2024-11-26 00:00:00-05:00,4.0395002365112305,4.0395002365112305,4.036499977111816,4.039000034332275,37274.0,0.0,0.0,Copper,HG=F
2024-11-27 00:00:00-05:00,4.059000015258789,4.098999977111816,4.052000045776367,4.066999912261963,11425.0,0.0,0.0,Copper,HG=F
2024-11-29 00:00:00-05:00,4.078000068664551,4.099999904632568,4.052999973297119,4.08050012588501,1274.0,0.0,0.0,Copper,HG=F
2024-12-02 00:00:00-05:00,4.072500228881836,4.091000080108643,4.0320000648498535,4.075500011444092,1564.0,0.0,0.0,Copper,HG=F
2024-12-03 00:00:00-05:00,4.09499979019165,4.204999923706055,4.065000057220459,4.145999908447266,1863.0,0.0,0.0,Copper,HG=F
2024-12-04 00:00:00-05:00,4.138000011444092,4.1554999351501465,4.124499797821045,4.142000198364258,1579.0,0.0,0.0,Copper,HG=F
2024-12-05 00:00:00-05:00,4.145500183105469,4.146999835968018,4.115499973297119,4.135000228881836,713.0,0.0,0.0,Copper,HG=F
2024-12-06 00:00:00-05:00,4.138000011444092,4.190000057220459,4.136000156402588,4.138500213623047,514.0,0.0,0.0,Copper,HG=F
2024-12-09 00:00:00-05:00,4.140999794006348,4.236000061035156,4.129499912261963,4.223499774932861,867.0,0.0,0.0,Copper,HG=F
2024-12-10 00:00:00-05:00,4.204999923706055,4.227499961853027,4.194499969482422,4.223499774932861,1242.0,0.0,0.0,Copper,HG=F
2024-12-11 00:00:00-05:00,4.2210001945495605,4.258500099182129,4.184500217437744,4.214000225067139,1029.0,0.0,0.0,Copper,HG=F
2024-12-12 00:00:00-05:00,4.2804999351501465,4.2804999351501465,4.170000076293945,4.195000171661377,761.0,0.0,0.0,Copper,HG=F
2024-12-13 00:00:00-05:00,4.178500175476074,4.178999900817871,4.139500141143799,4.14900016784668,608.0,0.0,0.0,Copper,HG=F
2024-12-16 00:00:00-05:00,4.132500171661377,4.170499801635742,4.132500171661377,4.143499851226807,913.0,0.0,0.0,Copper,HG=F
2024-12-17 00:00:00-05:00,4.139500141143799,4.139500141143799,4.083499908447266,4.0914998054504395,1362.0,0.0,0.0,Copper,HG=F
2024-12-18 00:00:00-05:00,4.0920000076293945,4.106500148773193,4.038000106811523,4.099999904632568,1164.0,0.0,0.0,Copper,HG=F
2024-12-19 00:00:00-05:00,4.034999847412109,4.05049991607666,4.019999980926514,4.020500183105469,846.0,0.0,0.0,Copper,HG=F
2024-12-20 00:00:00-05:00,4.0320000648498535,4.044000148773193,4.027500152587891,4.040999889373779,836.0,0.0,0.0,Copper,HG=F
2024-12-23 00:00:00-05:00,4.031499862670898,4.031499862670898,4.019999980926514,4.0229997634887695,900.0,0.0,0.0,Copper,HG=F
2024-12-24 00:00:00-05:00,4.052499771118164,4.052499771118164,4.043000221252441,4.049499988555908,397.0,0.0,0.0,Copper,HG=F
2024-12-26 00:00:00-05:00,4.072999954223633,4.077499866485596,4.06850004196167,4.072000026702881,362.0,0.0,0.0,Copper,HG=F
2024-12-27 00:00:00-05:00,4.061500072479248,4.0625,4.058000087738037,4.0625,805.0,0.0,0.0,Copper,HG=F
2024-12-30 00:00:00-05:00,4.090000152587891,4.090000152587891,4.0335001945495605,4.045499801635742,1066.0,0.0,0.0,Copper,HG=F
2024-12-31 00:00:00-05:00,4.047500133514404,4.052999973297119,3.9795000553131104,3.9860000610351562,708.0,0.0,0.0,Copper,HG=F
2025-01-02 00:00:00-05:00,3.992500066757202,4.0,3.9744999408721924,3.9885001182556152,764.0,0.0,0.0,Copper,HG=F
2025-01-03 00:00:00-05:00,4.033999919891357,4.041999816894531,4.0335001945495605,4.0395002365112305,505.0,0.0,0.0,Copper,HG=F
2025-01-06 00:00:00-05:00,4.114999771118164,4.1620001792907715,4.114999771118164,4.126999855041504,485.0,0.0,0.0,Copper,HG=F
2025-01-07 00:00:00-05:00,4.161499977111816,4.1620001792907715,4.138999938964844,4.1605000495910645,814.0,0.0,0.0,Copper,HG=F
2025-01-08 00:00:00-05:00,4.190000057220459,4.236999988555908,4.190000057220459,4.227499961853027,441.0,0.0,0.0,Copper,HG=F
2025-01-09 00:00:00-05:00,4.284999847412109,4.284999847412109,4.269000053405762,4.2795000076293945,281.0,0.0,0.0,Copper,HG=F
2025-01-10 00:00:00-05:00,4.314000129699707,4.314000129699707,4.274499893188477,4.274499893188477,281.0,0.0,0.0,Copper,HG=F
2024-01-03 00:00:00-05:00,2251.0,2251.0,2251.0,2251.0,33.0,0.0,0.0,Aluminum,ALI=F
2024-01-04 00:00:00-05:00,2218.75,2218.75,2218.25,2218.25,22.0,0.0,0.0,Aluminum,ALI=F
2024-01-05 00:00:00-05:00,2203.0,2203.0,2203.0,2203.0,20.0,0.0,0.0,Aluminum,ALI=F
2024-01-08 00:00:00-05:00,2168.5,2168.5,2168.5,2168.5,20.0,0.0,0.0,Aluminum,ALI=F
2024-01-09 00:00:00-05:00,2180.25,2189.0,2180.25,2182.5,26.0,0.0,0.0,Aluminum,ALI=F
2024-01-10 00:00:00-05:00,2181.75,2181.75,2178.5,2178.5,25.0,0.0,0.0,Aluminum,ALI=F
2024-01-11 00:00:00-05:00,2179.75,2179.75,2179.75,2179.75,0.0,0.0,0.0,Aluminum,ALI=F
2024-01-12 00:00:00-05:00,2167.5,2167.5,2167.5,2167.5,99.0,0.0,0.0,Aluminum,ALI=F
2024-01-16 00:00:00-05:00,2161.75,2161.75,2161.75,2161.75,177.0,0.0,0.0,Aluminum,ALI=F
2024-01-17 00:00:00-05:00,2148.75,2148.75,2148.75,2148.75,83.0,0.0,0.0,Aluminum,ALI=F
2024-01-18 00:00:00-05:00,2136.5,2136.5,2136.5,2136.5,20.0,0.0,0.0,Aluminum,ALI=F
2024-01-19 00:00:00-05:00,2127.5,2127.5,2127.5,2127.5,20.0,0.0,0.0,Aluminum,ALI=F
2024-01-22 00:00:00-05:00,2127.5,2127.5,2127.5,2127.5,20.0,0.0,0.0,Aluminum,ALI=F
2024-01-23 00:00:00-05:00,2184.25,2184.25,2184.25,2184.25,20.0,0.0,0.0,Aluminum,ALI=F
2024-01-24 00:00:00-05:00,2186.25,2186.25,2186.25,2186.25,20.0,0.0,0.0,Aluminum,ALI=F
2024-01-25 00:00:00-05:00,2194.5,2194.5,2194.5,2194.5,20.0,0.0,0.0,Aluminum,ALI=F
2024-01-26 00:00:00-05:00,2226.0,2226.0,2226.0,2226.0,20.0,0.0,0.0,Aluminum,ALI=F
2024-01-29 00:00:00-05:00,2219.5,2219.5,2219.5,2219.5,22.0,0.0,0.0,Aluminum,ALI=F
2024-01-30 00:00:00-05:00,2227.5,2227.5,2227.5,2227.5,23.0,0.0,0.0,Aluminum,ALI=F
2024-01-31 00:00:00-05:00,2234.5,2243.0,2234.5,2235.5,49.0,0.0,0.0,Aluminum,ALI=F
2024-02-01 00:00:00-05:00,2215.0,2215.0,2203.5,2209.25,335.0,0.0,0.0,Aluminum,ALI=F
2024-02-02 00:00:00-05:00,2196.75,2196.75,2196.75,2196.75,3.0,0.0,0.0,Aluminum,ALI=F
2024-02-05 00:00:00-05:00,2176.75,2176.75,2176.75,2176.75,0.0,0.0,0.0,Aluminum,ALI=F
2024-02-06 00:00:00-05:00,2199.0,2199.0,2199.0,2199.0,2.0,0.0,0.0,Aluminum,ALI=F
2024-02-07 00:00:00-05:00,2188.5,2188.5,2188.5,2188.5,0.0,0.0,0.0,Aluminum,ALI=F
2024-02-08 00:00:00-05:00,2189.75,2189.75,2189.75,2189.75,0.0,0.0,0.0,Aluminum,ALI=F
2024-02-09 00:00:00-05:00,2182.0,2182.0,2182.0,2182.0,0.0,0.0,0.0,Aluminum,ALI=F
2024-02-12 00:00:00-05:00,2191.25,2191.25,2191.25,2191.25,0.0,0.0,0.0,Aluminum,ALI=F
2024-02-13 00:00:00-05:00,2186.0,2186.0,2186.0,2186.0,0.0,0.0,0.0,Aluminum,ALI=F
2024-02-14 00:00:00-05:00,2202.0,2202.0,2202.0,2202.0,0.0,0.0,0.0,Aluminum,ALI=F
2024-02-15 00:00:00-05:00,2186.5,2186.5,2186.5,2186.5,0.0,0.0,0.0,Aluminum,ALI=F
2024-02-16 00:00:00-05:00,2176.25,2176.25,2176.25,2176.25,0.0,0.0,0.0,Aluminum,ALI=F
2024-02-20 00:00:00-05:00,2148.5,2148.5,2148.5,2148.5,0.0,0.0,0.0,Aluminum,ALI=F
2024-02-21 00:00:00-05:00,2175.5,2175.5,2175.5,2175.5,0.0,0.0,0.0,Aluminum,ALI=F
2024-02-22 00:00:00-05:00,2144.25,2144.25,2144.25,2144.25,0.0,0.0,0.0,Aluminum,ALI=F
2024-02-23 00:00:00-05:00,2131.25,2131.25,2131.25,2131.25,0.0,0.0,0.0,Aluminum,ALI=F
2024-02-26 00:00:00-05:00,2129.25,2129.25,2129.25,2129.25,0.0,0.0,0.0,Aluminum,ALI=F
2024-02-27 00:00:00-05:00,2131.75,2131.75,2131.75,2131.75,13.0,0.0,0.0,Aluminum,ALI=F
2024-02-28 00:00:00-05:00,2132.0,2132.0,2128.0,2132.0,14.0,0.0,0.0,Aluminum,ALI=F
2024-02-29 00:00:00-05:00,2167.5,2167.5,2164.0,2167.5,59.0,0.0,0.0,Aluminum,ALI=F
2024-03-01 00:00:00-05:00,2177.0,2188.5,2177.0,2188.5,9.0,0.0,0.0,Aluminum,ALI=F
2024-03-04 00:00:00-05:00,2173.0,2174.75,2159.0,2174.75,58.0,0.0,0.0,Aluminum,ALI=F
2024-03-05 00:00:00-05:00,2168.0,2176.5,2166.25,2166.25,27.0,0.0,0.0,Aluminum,ALI=F
2024-03-06 00:00:00-05:00,2167.5,2200.0,2163.0,2189.75,134.0,0.0,0.0,Aluminum,ALI=F
2024-03-07 00:00:00-05:00,2201.5,2201.5,2201.5,2201.5,0.0,0.0,0.0,Aluminum,ALI=F
2024-03-08 00:00:00-05:00,2200.0,2204.0,2193.5,2193.5,18.0,0.0,0.0,Aluminum,ALI=F
2024-03-11 00:00:00-04:00,2210.5,2210.5,2210.5,2210.5,0.0,0.0,0.0,Aluminum,ALI=F
2024-03-12 00:00:00-04:00,2216.5,2216.5,2216.5,2216.5,0.0,0.0,0.0,Aluminum,ALI=F
2024-03-13 00:00:00-04:00,2207.5,2218.0,2202.25,2211.0,11.0,0.0,0.0,Aluminum,ALI=F
2024-03-14 00:00:00-04:00,2193.0,2193.0,2193.0,2193.0,0.0,0.0,0.0,Aluminum,ALI=F
2024-03-15 00:00:00-04:00,2214.0,2214.0,2214.0,2214.0,0.0,0.0,0.0,Aluminum,ALI=F
2024-03-18 00:00:00-04:00,2213.5,2213.5,2213.5,2213.5,0.0,0.0,0.0,Aluminum,ALI=F
2024-03-19 00:00:00-04:00,2203.5,2203.5,2203.5,2203.5,1.0,0.0,0.0,Aluminum,ALI=F
2024-03-20 00:00:00-04:00,2212.75,2212.75,2212.75,2212.75,1.0,0.0,0.0,Aluminum,ALI=F
2024-03-21 00:00:00-04:00,2237.0,2237.0,2237.0,2237.0,0.0,0.0,0.0,Aluminum,ALI=F
2024-03-22 00:00:00-04:00,2251.25,2251.25,2251.25,2251.25,0.0,0.0,0.0,Aluminum,ALI=F
2024-03-25 00:00:00-04:00,2268.0,2268.0,2268.0,2268.0,0.0,0.0,0.0,Aluminum,ALI=F
2024-03-26 00:00:00-04:00,2246.0,2246.0,2246.0,2246.0,10.0,0.0,0.0,Aluminum,ALI=F
2024-03-27 00:00:00-04:00,2245.0,2247.0,2243.25,2247.0,74.0,0.0,0.0,Aluminum,ALI=F
2024-03-28 00:00:00-04:00,2284.25,2284.25,2284.25,2284.25,0.0,0.0,0.0,Aluminum,ALI=F
2024-04-01 00:00:00-04:00,2289.25,2289.25,2289.25,2289.25,0.0,0.0,0.0,Aluminum,ALI=F
2024-04-02 00:00:00-04:00,2326.5,2326.5,2326.5,2326.5,0.0,0.0,0.0,Aluminum,ALI=F
2024-04-03 00:00:00-04:00,2352.25,2372.0,2352.25,2372.0,7.0,0.0,0.0,Aluminum,ALI=F
2024-04-04 00:00:00-04:00,2386.75,2386.75,2386.75,2386.75,7.0,0.0,0.0,Aluminum,ALI=F
2024-04-05 00:00:00-04:00,2395.25,2395.25,2395.25,2395.25,7.0,0.0,0.0,Aluminum,ALI=F
2024-04-08 00:00:00-04:00,2405.5,2405.5,2405.5,2405.5,7.0,0.0,0.0,Aluminum,ALI=F
2024-04-09 00:00:00-04:00,2401.5,2407.25,2400.75,2407.25,9.0,0.0,0.0,Aluminum,ALI=F
2024-04-10 00:00:00-04:00,2428.25,2428.25,2397.25,2397.25,1.0,0.0,0.0,Aluminum,ALI=F
2024-04-11 00:00:00-04:00,2398.75,2398.75,2398.75,2398.75,0.0,0.0,0.0,Aluminum,ALI=F
2024-04-12 00:00:00-04:00,2436.25,2436.25,2436.25,2436.25,0.0,0.0,0.0,Aluminum,ALI=F
2024-04-15 00:00:00-04:00,2492.0,2560.5,2492.0,2521.25,43.0,0.0,0.0,Aluminum,ALI=F
2024-04-16 00:00:00-04:00,2497.5,2515.75,2497.5,2515.75,9.0,0.0,0.0,Aluminum,ALI=F
2024-04-17 00:00:00-04:00,2545.25,2591.0,2545.25,2590.5,26.0,0.0,0.0,Aluminum,ALI=F
2024-04-18 00:00:00-04:00,2601.5,2601.5,2601.5,2601.5,26.0,0.0,0.0,Aluminum,ALI=F
2024-04-19 00:00:00-04:00,2681.75,2682.0,2680.0,2680.0,6.0,0.0,0.0,Aluminum,ALI=F
2024-04-22 00:00:00-04:00,2660.75,2673.25,2660.75,2660.75,16.0,0.0,0.0,Aluminum,ALI=F
2024-04-23 00:00:00-04:00,2572.0,2572.0,2572.0,2572.0,1.0,0.0,0.0,Aluminum,ALI=F
2024-04-24 00:00:00-04:00,2601.75,2601.75,2599.75,2600.75,3.0,0.0,0.0,Aluminum,ALI=F
2024-04-25 00:00:00-04:00,2593.75,2593.75,2526.0,2526.0,6.0,0.0,0.0,Aluminum,ALI=F
2024-04-26 00:00:00-04:00,2554.75,2554.75,2554.75,2554.75,5.0,0.0,0.0,Aluminum,ALI=F
2024-04-29 00:00:00-04:00,2566.0,2566.0,2566.0,2566.0,0.0,0.0,0.0,Aluminum,ALI=F
2024-04-30 00:00:00-04:00,2561.25,2561.25,2561.25,2561.25,0.0,0.0,0.0,Aluminum,ALI=F
2024-05-01 00:00:00-04:00,2537.75,2537.75,2537.75,2537.75,0.0,0.0,0.0,Aluminum,ALI=F
2024-05-02 00:00:00-04:00,2491.75,2491.75,2491.75,2491.75,0.0,0.0,0.0,Aluminum,ALI=F
2024-05-03 00:00:00-04:00,2512.25,2512.25,2512.25,2512.25,0.0,0.0,0.0,Aluminum,ALI=F
2024-05-06 00:00:00-04:00,2554.25,2554.25,2554.25,2554.25,0.0,0.0,0.0,Aluminum,ALI=F
2024-05-07 00:00:00-04:00,2527.0,2527.0,2527.0,2527.0,1.0,0.0,0.0,Aluminum,ALI=F
2024-05-08 00:00:00-04:00,2503.75,2503.75,2503.75,2503.75,0.0,0.0,0.0,Aluminum,ALI=F
2024-05-09 00:00:00-04:00,2510.5,2510.5,2510.5,2510.5,0.0,0.0,0.0,Aluminum,ALI=F
2024-05-10 00:00:00-04:00,2488.25,2488.25,2488.25,2488.25,0.0,0.0,0.0,Aluminum,ALI=F
2024-05-13 00:00:00-04:00,2493.75,2493.75,2493.75,2493.75,0.0,0.0,0.0,Aluminum,ALI=F
2024-05-14 00:00:00-04:00,2491.5,2491.5,2491.5,2491.5,1.0,0.0,0.0,Aluminum,ALI=F
2024-05-15 00:00:00-04:00,2533.5,2533.5,2533.5,2533.5,1.0,0.0,0.0,Aluminum,ALI=F
2024-05-16 00:00:00-04:00,2529.0,2529.0,2529.0,2529.0,1.0,0.0,0.0,Aluminum,ALI=F
2024-05-17 00:00:00-04:00,2533.5,2533.5,2533.5,2533.5,8.0,0.0,0.0,Aluminum,ALI=F
2024-05-20 00:00:00-04:00,2557.5,2557.5,2557.5,2557.5,0.0,0.0,0.0,Aluminum,ALI=F
2024-05-21 00:00:00-04:00,2651.0,2651.0,2651.0,2651.0,0.0,0.0,0.0,Aluminum,ALI=F
2024-05-22 00:00:00-04:00,2568.0,2568.0,2568.0,2568.0,0.0,0.0,0.0,Aluminum,ALI=F
2024-05-23 00:00:00-04:00,2550.25,2550.25,2550.25,2550.25,0.0,0.0,0.0,Aluminum,ALI=F
2024-05-24 00:00:00-04:00,2588.25,2588.25,2588.25,2588.25,0.0,0.0,0.0,Aluminum,ALI=F
2024-05-28 00:00:00-04:00,2654.75,2654.75,2654.75,2654.75,0.0,0.0,0.0,Aluminum,ALI=F
2024-05-29 00:00:00-04:00,2703.5,2703.5,2703.5,2703.5,30.0,0.0,0.0,Aluminum,ALI=F
2024-05-30 00:00:00-04:00,2648.0,2648.0,2648.0,2648.0,14.0,0.0,0.0,Aluminum,ALI=F
2024-05-31 00:00:00-04:00,2591.5,2591.5,2591.5,2591.5,11.0,0.0,0.0,Aluminum,ALI=F
2024-06-03 00:00:00-04:00,2601.75,2601.75,2601.75,2601.75,0.0,0.0,0.0,Aluminum,ALI=F
2024-06-04 00:00:00-04:00,2599.5,2599.5,2599.5,2599.5,5.0,0.0,0.0,Aluminum,ALI=F
2024-06-05 00:00:00-04:00,2563.0,2563.0,2558.25,2558.25,80.0,0.0,0.0,Aluminum,ALI=F
2024-06-06 00:00:00-04:00,2592.75,2592.75,2592.75,2592.75,20.0,0.0,0.0,Aluminum,ALI=F
2024-06-07 00:00:00-04:00,2507.75,2507.75,2507.75,2507.75,0.0,0.0,0.0,Aluminum,ALI=F
2024-06-10 00:00:00-04:00,2499.5,2499.5,2499.5,2499.5,0.0,0.0,0.0,Aluminum,ALI=F
2024-06-11 00:00:00-04:00,2459.25,2459.25,2459.25,2459.25,0.0,0.0,0.0,Aluminum,ALI=F
2024-06-12 00:00:00-04:00,2496.75,2496.75,2496.75,2496.75,0.0,0.0,0.0,Aluminum,ALI=F
2024-06-13 00:00:00-04:00,2477.0,2477.0,2477.0,2477.0,0.0,0.0,0.0,Aluminum,ALI=F
2024-06-14 00:00:00-04:00,2440.75,2440.75,2440.75,2440.75,0.0,0.0,0.0,Aluminum,ALI=F
2024-06-17 00:00:00-04:00,2425.5,2425.5,2425.5,2425.5,0.0,0.0,0.0,Aluminum,ALI=F
2024-06-18 00:00:00-04:00,2416.5,2416.5,2416.5,2416.5,0.0,0.0,0.0,Aluminum,ALI=F
2024-06-20 00:00:00-04:00,2441.75,2441.75,2441.75,2441.75,0.0,0.0,0.0,Aluminum,ALI=F
2024-06-21 00:00:00-04:00,2432.25,2432.25,2432.25,2432.25,0.0,0.0,0.0,Aluminum,ALI=F
2024-06-24 00:00:00-04:00,2423.0,2423.0,2423.0,2423.0,0.0,0.0,0.0,Aluminum,ALI=F
2024-06-25 00:00:00-04:00,2421.25,2421.25,2421.25,2421.25,1.0,0.0,0.0,Aluminum,ALI=F
2024-06-26 00:00:00-04:00,2434.5,2434.5,2434.5,2434.5,296.0,0.0,0.0,Aluminum,ALI=F
2024-06-27 00:00:00-04:00,2434.75,2436.0,2434.75,2436.0,2.0,0.0,0.0,Aluminum,ALI=F
2024-06-28 00:00:00-04:00,2457.25,2457.25,2457.25,2457.25,0.0,0.0,0.0,Aluminum,ALI=F
2024-07-01 00:00:00-04:00,2457.25,2457.25,2439.75,2444.25,22.0,0.0,0.0,Aluminum,ALI=F
2024-07-02 00:00:00-04:00,2450.0,2450.0,2450.0,2450.0,0.0,0.0,0.0,Aluminum,ALI=F
2024-07-03 00:00:00-04:00,2483.75,2483.75,2483.75,2483.75,2.0,0.0,0.0,Aluminum,ALI=F
2024-07-05 00:00:00-04:00,2457.5,2457.5,2457.5,2457.5,3.0,0.0,0.0,Aluminum,ALI=F
2024-07-08 00:00:00-04:00,2457.0,2458.0,2456.25,2456.25,7.0,0.0,0.0,Aluminum,ALI=F
2024-07-09 00:00:00-04:00,2419.25,2420.25,2419.25,2420.25,1.0,0.0,0.0,Aluminum,ALI=F
2024-07-10 00:00:00-04:00,2409.0,2410.0,2400.0,2400.0,6.0,0.0,0.0,Aluminum,ALI=F
2024-07-11 00:00:00-04:00,2390.25,2390.25,2390.25,2390.25,0.0,0.0,0.0,Aluminum,ALI=F
2024-07-12 00:00:00-04:00,2388.25,2388.25,2388.25,2388.25,0.0,0.0,0.0,Aluminum,ALI=F
2024-07-15 00:00:00-04:00,2362.0,2362.0,2362.0,2362.0,6.0,0.0,0.0,Aluminum,ALI=F
2024-07-16 00:00:00-04:00,2314.5,2314.5,2314.5,2314.5,0.0,0.0,0.0,Aluminum,ALI=F
2024-07-17 00:00:00-04:00,2313.25,2313.25,2313.25,2313.25,0.0,0.0,0.0,Aluminum,ALI=F
2024-07-18 00:00:00-04:00,2292.75,2292.75,2292.75,2292.75,0.0,0.0,0.0,Aluminum,ALI=F
2024-07-19 00:00:00-04:00,2263.5,2263.5,2263.5,2263.5,0.0,0.0,0.0,Aluminum,ALI=F
2024-07-22 00:00:00-04:00,2210.5,2210.5,2210.5,2210.5,0.0,0.0,0.0,Aluminum,ALI=F
2024-07-23 00:00:00-04:00,2211.5,2211.5,2211.5,2211.5,0.0,0.0,0.0,Aluminum,ALI=F
2024-07-24 00:00:00-04:00,2219.0,2219.0,2219.0,2219.0,0.0,0.0,0.0,Aluminum,ALI=F
2024-07-25 00:00:00-04:00,2188.0,2188.0,2188.0,2188.0,0.0,0.0,0.0,Aluminum,ALI=F
2024-07-26 00:00:00-04:00,2212.0,2212.0,2212.0,2212.0,0.0,0.0,0.0,Aluminum,ALI=F
2024-07-29 00:00:00-04:00,2163.5,2163.5,2163.5,2163.5,11.0,0.0,0.0,Aluminum,ALI=F
2024-07-30 00:00:00-04:00,2125.0,2125.0,2125.0,2125.0,33.0,0.0,0.0,Aluminum,ALI=F
2024-07-31 00:00:00-04:00,2189.0,2189.0,2189.0,2189.0,140.0,0.0,0.0,Aluminum,ALI=F
2024-08-01 00:00:00-04:00,2176.25,2176.25,2176.25,2176.25,64.0,0.0,0.0,Aluminum,ALI=F
2024-08-02 00:00:00-04:00,2155.0,2155.0,2155.0,2155.0,0.0,0.0,0.0,Aluminum,ALI=F
2024-08-05 00:00:00-04:00,2134.75,2134.75,2134.75,2134.75,3.0,0.0,0.0,Aluminum,ALI=F
2024-08-06 00:00:00-04:00,2181.0,2181.0,2181.0,2181.0,49.0,0.0,0.0,Aluminum,ALI=F
2024-08-07 00:00:00-04:00,2177.25,2177.25,2177.25,2177.25,49.0,0.0,0.0,Aluminum,ALI=F
2024-08-08 00:00:00-04:00,2167.0,2167.0,2167.0,2167.0,49.0,0.0,0.0,Aluminum,ALI=F
2024-08-09 00:00:00-04:00,2181.75,2182.25,2181.75,2182.25,14.0,0.0,0.0,Aluminum,ALI=F
2024-08-12 00:00:00-04:00,2199.0,2199.0,2199.0,2199.0,14.0,0.0,0.0,Aluminum,ALI=F
2024-08-13 00:00:00-04:00,2211.0,2211.0,2211.0,2211.0,14.0,0.0,0.0,Aluminum,ALI=F
2024-08-14 00:00:00-04:00,2211.0,2211.0,2211.0,2211.0,14.0,0.0,0.0,Aluminum,ALI=F
2024-08-15 00:00:00-04:00,2237.0,2237.0,2237.0,2237.0,14.0,0.0,0.0,Aluminum,ALI=F
2024-08-16 00:00:00-04:00,2235.5,2235.5,2235.5,2235.5,3.0,0.0,0.0,Aluminum,ALI=F
2024-08-19 00:00:00-04:00,2308.75,2308.75,2308.75,2308.75,3.0,0.0,0.0,Aluminum,ALI=F
2024-08-20 00:00:00-04:00,2357.0,2357.0,2357.0,2357.0,3.0,0.0,0.0,Aluminum,ALI=F
2024-08-21 00:00:00-04:00,2346.75,2346.75,2346.75,2346.75,3.0,0.0,0.0,Aluminum,ALI=F
2024-08-22 00:00:00-04:00,2350.25,2350.25,2350.25,2350.25,3.0,0.0,0.0,Aluminum,ALI=F
2024-08-23 00:00:00-04:00,2419.5,2419.5,2419.5,2419.5,3.0,0.0,0.0,Aluminum,ALI=F
2024-08-26 00:00:00-04:00,2412.5,2412.5,2412.5,2412.5,3.0,0.0,0.0,Aluminum,ALI=F
2024-08-27 00:00:00-04:00,2418.25,2418.25,2418.25,2418.25,3.0,0.0,0.0,Aluminum,ALI=F
2024-08-28 00:00:00-04:00,2363.0,2363.0,2363.0,2363.0,14.0,0.0,0.0,Aluminum,ALI=F
2024-08-29 00:00:00-04:00,2344.75,2344.75,2344.75,2344.75,148.0,0.0,0.0,Aluminum,ALI=F
2024-08-30 00:00:00-04:00,2367.5,2367.5,2342.5,2342.5,61.0,0.0,0.0,Aluminum,ALI=F
2024-09-03 00:00:00-04:00,2294.5,2294.5,2294.5,2294.5,0.0,0.0,0.0,Aluminum,ALI=F
2024-09-04 00:00:00-04:00,2288.0,2309.25,2279.25,2293.0,87.0,0.0,0.0,Aluminum,ALI=F
2024-09-05 00:00:00-04:00,2269.5,2269.5,2269.5,2269.5,87.0,0.0,0.0,Aluminum,ALI=F
2024-09-06 00:00:00-04:00,2269.25,2289.5,2258.0,2258.0,78.0,0.0,0.0,Aluminum,ALI=F
2024-09-09 00:00:00-04:00,2257.5,2257.5,2257.5,2257.5,78.0,0.0,0.0,Aluminum,ALI=F
2024-09-10 00:00:00-04:00,2259.5,2259.5,2259.5,2259.5,78.0,0.0,0.0,Aluminum,ALI=F
2024-09-11 00:00:00-04:00,2297.5,2300.0,2297.5,2300.0,66.0,0.0,0.0,Aluminum,ALI=F
2024-09-12 00:00:00-04:00,2334.5,2334.5,2334.5,2334.5,66.0,0.0,0.0,Aluminum,ALI=F
2024-09-13 00:00:00-04:00,2380.0,2380.0,2380.0,2380.0,66.0,0.0,0.0,Aluminum,ALI=F
2024-09-16 00:00:00-04:00,2437.25,2437.5,2432.0,2437.5,4.0,0.0,0.0,Aluminum,ALI=F
2024-09-17 00:00:00-04:00,2430.25,2430.25,2430.25,2430.25,16.0,0.0,0.0,Aluminum,ALI=F
2024-09-18 00:00:00-04:00,2437.5,2437.5,2418.5,2437.5,10.0,0.0,0.0,Aluminum,ALI=F
2024-09-19 00:00:00-04:00,2463.25,2463.25,2463.25,2463.25,4.0,0.0,0.0,Aluminum,ALI=F
2024-09-20 00:00:00-04:00,2402.25,2402.25,2402.25,2402.25,4.0,0.0,0.0,Aluminum,ALI=F
2024-09-23 00:00:00-04:00,2408.0,2408.0,2408.0,2408.0,4.0,0.0,0.0,Aluminum,ALI=F
2024-09-24 00:00:00-04:00,2484.5,2484.5,2484.5,2484.5,4.0,0.0,0.0,Aluminum,ALI=F
2024-09-25 00:00:00-04:00,2451.75,2465.0,2451.75,2451.75,5.0,0.0,0.0,Aluminum,ALI=F
2024-09-26 00:00:00-04:00,2543.0,2543.0,2543.0,2543.0,10.0,0.0,0.0,Aluminum,ALI=F
2024-09-27 00:00:00-04:00,2579.0,2579.0,2579.0,2579.0,244.0,0.0,0.0,Aluminum,ALI=F
2024-09-30 00:00:00-04:00,2534.25,2534.25,2534.25,2534.25,0.0,0.0,0.0,Aluminum,ALI=F
2024-10-01 00:00:00-04:00,2564.75,2564.75,2564.75,2564.75,0.0,0.0,0.0,Aluminum,ALI=F
2024-10-02 00:00:00-04:00,2580.5,2580.5,2580.5,2580.5,2.0,0.0,0.0,Aluminum,ALI=F
2024-10-03 00:00:00-04:00,2551.25,2551.25,2551.25,2551.25,2.0,0.0,0.0,Aluminum,ALI=F
2024-10-04 00:00:00-04:00,2583.75,2583.75,2583.75,2583.75,5.0,0.0,0.0,Aluminum,ALI=F
2024-10-07 00:00:00-04:00,2590.5,2590.5,2590.5,2590.5,0.0,0.0,0.0,Aluminum,ALI=F
2024-10-08 00:00:00-04:00,2496.25,2496.25,2496.25,2496.25,0.0,0.0,0.0,Aluminum,ALI=F
2024-10-09 00:00:00-04:00,2463.0,2463.0,2463.0,2463.0,0.0,0.0,0.0,Aluminum,ALI=F
2024-10-10 00:00:00-04:00,2520.75,2520.75,2520.75,2520.75,0.0,0.0,0.0,Aluminum,ALI=F
2024-10-11 00:00:00-04:00,2569.75,2569.75,2569.75,2569.75,0.0,0.0,0.0,Aluminum,ALI=F
2024-10-14 00:00:00-04:00,2533.75,2533.75,2533.75,2533.75,0.0,0.0,0.0,Aluminum,ALI=F
2024-10-15 00:00:00-04:00,2508.0,2515.5,2500.0,2515.5,5.0,0.0,0.0,Aluminum,ALI=F
2024-10-16 00:00:00-04:00,2525.25,2525.25,2525.25,2525.25,0.0,0.0,0.0,Aluminum,ALI=F
2024-10-17 00:00:00-04:00,2503.75,2503.75,2503.75,2503.75,0.0,0.0,0.0,Aluminum,ALI=F
2024-10-18 00:00:00-04:00,2566.25,2566.25,2566.25,2566.25,11.0,0.0,0.0,Aluminum,ALI=F
2024-10-21 00:00:00-04:00,2541.5,2541.5,2541.5,2541.5,0.0,0.0,0.0,Aluminum,ALI=F
2024-10-22 00:00:00-04:00,2574.5,2574.5,2574.5,2574.5,0.0,0.0,0.0,Aluminum,ALI=F
2024-10-23 00:00:00-04:00,2612.25,2612.25,2612.25,2612.25,0.0,0.0,0.0,Aluminum,ALI=F
2024-10-24 00:00:00-04:00,2597.25,2597.25,2597.25,2597.25,0.0,0.0,0.0,Aluminum,ALI=F
2024-10-25 00:00:00-04:00,2629.0,2629.0,2629.0,2629.0,0.0,0.0,0.0,Aluminum,ALI=F
2024-10-28 00:00:00-04:00,2590.5,2590.5,2590.5,2590.5,6.0,0.0,0.0,Aluminum,ALI=F
2024-10-29 00:00:00-04:00,2606.0,2606.0,2606.0,2606.0,62.0,0.0,0.0,Aluminum,ALI=F
2024-10-30 00:00:00-04:00,2594.5,2594.5,2563.0,2563.0,15.0,0.0,0.0,Aluminum,ALI=F
2024-10-31 00:00:00-04:00,2560.5,2560.5,2560.5,2560.5,0.0,0.0,0.0,Aluminum,ALI=F
2024-11-01 00:00:00-04:00,2535.25,2546.25,2524.5,2546.25,33.0,0.0,0.0,Aluminum,ALI=F
2024-11-04 00:00:00-05:00,2543.75,2560.75,2542.75,2560.75,54.0,0.0,0.0,Aluminum,ALI=F
2024-11-05 00:00:00-05:00,2616.75,2616.75,2616.75,2616.75,0.0,0.0,0.0,Aluminum,ALI=F
2024-11-06 00:00:00-05:00,2548.75,2548.75,2548.75,2548.75,0.0,0.0,0.0,Aluminum,ALI=F
2024-11-07 00:00:00-05:00,2654.5,2654.5,2652.0,2654.5,12.0,0.0,0.0,Aluminum,ALI=F
2024-11-08 00:00:00-05:00,2561.75,2561.75,2561.75,2561.75,79.0,0.0,0.0,Aluminum,ALI=F
2024-11-11 00:00:00-05:00,2502.5,2502.5,2502.5,2502.5,18.0,0.0,0.0,Aluminum,ALI=F
2024-11-12 00:00:00-05:00,2471.0,2473.0,2471.0,2471.0,18.0,0.0,0.0,Aluminum,ALI=F
2024-11-13 00:00:00-05:00,2462.0,2465.0,2452.25,2452.25,14.0,0.0,0.0,Aluminum,ALI=F
2024-11-14 00:00:00-05:00,2428.5,2428.5,2428.5,2428.5,0.0,0.0,0.0,Aluminum,ALI=F
2024-11-15 00:00:00-05:00,2566.75,2566.75,2566.75,2566.75,0.0,0.0,0.0,Aluminum,ALI=F
2024-11-18 00:00:00-05:00,2535.5,2535.5,2535.5,2535.5,0.0,0.0,0.0,Aluminum,ALI=F
2024-11-19 00:00:00-05:00,2574.25,2575.25,2548.0,2575.25,13.0,0.0,0.0,Aluminum,ALI=F
2024-11-20 00:00:00-05:00,2573.25,2573.25,2573.25,2573.25,2.0,0.0,0.0,Aluminum,ALI=F
2024-11-21 00:00:00-05:00,2570.5,2570.5,2570.5,2570.5,1.0,0.0,0.0,Aluminum,ALI=F
2024-11-22 00:00:00-05:00,2556.0,2556.0,2556.0,2556.0,0.0,0.0,0.0,Aluminum,ALI=F
2024-11-25 00:00:00-05:00,2580.75,2580.75,2580.75,2580.75,0.0,0.0,0.0,Aluminum,ALI=F
2024-11-26 00:00:00-05:00,2555.25,2555.25,2555.25,2555.25,14.0,0.0,0.0,Aluminum,ALI=F
2024-11-27 00:00:00-05:00,2556.5,2556.5,2556.5,2556.5,0.0,0.0,0.0,Aluminum,ALI=F
2024-11-29 00:00:00-05:00,2526.0,2575.5,2526.0,2562.0,12.0,0.0,0.0,Aluminum,ALI=F
2024-12-02 00:00:00-05:00,2559.0,2559.0,2559.0,2559.0,0.0,0.0,0.0,Aluminum,ALI=F
2024-12-03 00:00:00-05:00,2590.5,2590.5,2590.5,2590.5,0.0,0.0,0.0,Aluminum,ALI=F
2024-12-04 00:00:00-05:00,2625.25,2625.25,2625.25,2625.25,0.0,0.0,0.0,Aluminum,ALI=F
2024-12-05 00:00:00-05:00,2614.25,2614.25,2614.25,2614.25,0.0,0.0,0.0,Aluminum,ALI=F
2024-12-06 00:00:00-05:00,2549.0,2549.0,2549.0,2549.0,0.0,0.0,0.0,Aluminum,ALI=F
2024-12-09 00:00:00-05:00,2524.5,2524.5,2524.5,2524.5,3.0,0.0,0.0,Aluminum,ALI=F
2024-12-10 00:00:00-05:00,2518.25,2518.25,2518.25,2518.25,0.0,0.0,0.0,Aluminum,ALI=F
2024-12-11 00:00:00-05:00,2535.0,2535.0,2535.0,2535.0,0.0,0.0,0.0,Aluminum,ALI=F
2024-12-12 00:00:00-05:00,2535.5,2535.5,2535.5,2535.5,0.0,0.0,0.0,Aluminum,ALI=F
2024-12-13 00:00:00-05:00,2521.25,2521.25,2521.25,2521.25,0.0,0.0,0.0,Aluminum,ALI=F
2024-12-16 00:00:00-05:00,2488.75,2488.75,2488.75,2488.75,0.0,0.0,0.0,Aluminum,ALI=F
2024-12-17 00:00:00-05:00,2464.0,2464.0,2464.0,2464.0,4.0,0.0,0.0,Aluminum,ALI=F
2024-12-18 00:00:00-05:00,2467.0,2467.0,2467.0,2467.0,60.0,0.0,0.0,Aluminum,ALI=F
2024-12-19 00:00:00-05:00,2448.25,2448.25,2448.25,2448.25,12.0,0.0,0.0,Aluminum,ALI=F
2024-12-20 00:00:00-05:00,2481.0,2481.0,2481.0,2481.0,10.0,0.0,0.0,Aluminum,ALI=F
2024-12-23 00:00:00-05:00,2477.25,2477.25,2477.25,2477.25,10.0,0.0,0.0,Aluminum,ALI=F
2024-12-24 00:00:00-05:00,2520.25,2532.0,2520.25,2532.0,3.0,0.0,0.0,Aluminum,ALI=F
2024-12-26 00:00:00-05:00,2507.0,2507.0,2507.0,2507.0,3.0,0.0,0.0,Aluminum,ALI=F
2024-12-27 00:00:00-05:00,2530.0,2530.0,2530.0,2530.0,0.0,0.0,0.0,Aluminum,ALI=F
2024-12-30 00:00:00-05:00,2528.25,2545.25,2528.25,2545.25,4.0,0.0,0.0,Aluminum,ALI=F
2024-12-31 00:00:00-05:00,2538.5,2538.5,2505.5,2521.75,14.0,0.0,0.0,Aluminum,ALI=F
2025-01-02 00:00:00-05:00,2498.25,2498.25,2498.25,2498.25,0.0,0.0,0.0,Aluminum,ALI=F
2025-01-03 00:00:00-05:00,2473.75,2473.75,2458.0,2458.0,66.0,0.0,0.0,Aluminum,ALI=F
2025-01-06 00:00:00-05:00,2469.25,2469.25,2469.25,2469.25,10.0,0.0,0.0,Aluminum,ALI=F
2025-01-07 00:00:00-05:00,2491.75,2491.75,2491.75,2491.75,40.0,0.0,0.0,Aluminum,ALI=F
2025-01-08 00:00:00-05:00,2467.0,2467.0,2467.0,2467.0,0.0,0.0,0.0,Aluminum,ALI=F
2025-01-09 00:00:00-05:00,2504.25,2507.5,2501.25,2507.5,2.0,0.0,0.0,Aluminum,ALI=F
2025-01-10 00:00:00-05:00,2549.25,2549.25,2549.25,2549.25,2.0,0.0,0.0,Aluminum,ALI=F
2024-01-03 00:00:00-05:00,464.75,466.0,461.75,465.25,147913.0,0.0,0.0,Corn,ZC=F
2024-01-04 00:00:00-05:00,465.0,469.0,463.5,466.5,127034.0,0.0,0.0,Corn,ZC=F
2024-01-05 00:00:00-05:00,466.5,467.75,460.0,460.75,151589.0,0.0,0.0,Corn,ZC=F
2024-01-08 00:00:00-05:00,461.0,462.5,452.0,455.0,214324.0,0.0,0.0,Corn,ZC=F
2024-01-09 00:00:00-05:00,454.75,460.5,451.75,459.25,215153.0,0.0,0.0,Corn,ZC=F
2024-01-10 00:00:00-05:00,459.0,461.75,454.5,459.5,193507.0,0.0,0.0,Corn,ZC=F
2024-01-11 00:00:00-05:00,459.0,461.5,455.75,457.75,165189.0,0.0,0.0,Corn,ZC=F
2024-01-12 00:00:00-05:00,457.0,460.0,441.0,447.0,314095.0,0.0,0.0,Corn,ZC=F
2024-01-16 00:00:00-05:00,447.75,451.25,442.0,443.5,175650.0,0.0,0.0,Corn,ZC=F
2024-01-17 00:00:00-05:00,443.5,448.25,440.0,442.25,205711.0,0.0,0.0,Corn,ZC=F
2024-01-18 00:00:00-05:00,442.0,445.0,436.75,444.0,180948.0,0.0,0.0,Corn,ZC=F
2024-01-19 00:00:00-05:00,443.5,449.5,443.0,445.5,148101.0,0.0,0.0,Corn,ZC=F
2024-01-22 00:00:00-05:00,445.5,448.0,444.0,445.75,112771.0,0.0,0.0,Corn,ZC=F
2024-01-23 00:00:00-05:00,445.75,450.5,444.0,446.5,152301.0,0.0,0.0,Corn,ZC=F
2024-01-24 00:00:00-05:00,446.5,452.75,446.25,452.25,156004.0,0.0,0.0,Corn,ZC=F
2024-01-25 00:00:00-05:00,451.5,453.25,447.5,451.75,169289.0,0.0,0.0,Corn,ZC=F
2024-01-26 00:00:00-05:00,451.0,451.75,445.5,446.25,135726.0,0.0,0.0,Corn,ZC=F
2024-01-29 00:00:00-05:00,446.25,447.5,437.5,440.25,203565.0,0.0,0.0,Corn,ZC=F
2024-01-30 00:00:00-05:00,439.75,448.25,436.5,447.75,194898.0,0.0,0.0,Corn,ZC=F
2024-01-31 00:00:00-05:00,447.25,448.75,443.25,448.25,135485.0,0.0,0.0,Corn,ZC=F
2024-02-01 00:00:00-05:00,448.0,448.0,443.5,447.25,153724.0,0.0,0.0,Corn,ZC=F
2024-02-02 00:00:00-05:00,446.5,448.75,442.0,442.75,129450.0,0.0,0.0,Corn,ZC=F
2024-02-05 00:00:00-05:00,442.75,445.0,439.5,442.75,137664.0,0.0,0.0,Corn,ZC=F
2024-02-06 00:00:00-05:00,442.75,445.5,438.25,438.75,193360.0,0.0,0.0,Corn,ZC=F
2024-02-07 00:00:00-05:00,438.5,439.25,432.75,434.25,245418.0,0.0,0.0,Corn,ZC=F
2024-02-08 00:00:00-05:00,434.5,437.0,429.75,433.25,222878.0,0.0,0.0,Corn,ZC=F
2024-02-09 00:00:00-05:00,433.0,437.0,428.25,429.0,206271.0,0.0,0.0,Corn,ZC=F
2024-02-12 00:00:00-05:00,430.25,432.75,427.75,430.5,198795.0,0.0,0.0,Corn,ZC=F
2024-02-13 00:00:00-05:00,430.25,434.75,428.75,430.75,182682.0,0.0,0.0,Corn,ZC=F
2024-02-14 00:00:00-05:00,430.75,431.0,422.25,424.25,230224.0,0.0,0.0,Corn,ZC=F
2024-02-15 00:00:00-05:00,424.0,425.0,417.25,417.75,217729.0,0.0,0.0,Corn,ZC=F
2024-02-16 00:00:00-05:00,417.5,421.5,415.0,416.5,176972.0,0.0,0.0,Corn,ZC=F
2024-02-20 00:00:00-05:00,416.25,421.5,414.75,418.75,217838.0,0.0,0.0,Corn,ZC=F
2024-02-21 00:00:00-05:00,418.5,419.5,410.0,411.0,180048.0,0.0,0.0,Corn,ZC=F
2024-02-22 00:00:00-05:00,410.0,415.5,404.25,406.0,199941.0,0.0,0.0,Corn,ZC=F
2024-02-23 00:00:00-05:00,406.0,409.25,398.5,399.75,218218.0,0.0,0.0,Corn,ZC=F
2024-02-26 00:00:00-05:00,399.75,407.75,394.5,407.0,227175.0,0.0,0.0,Corn,ZC=F
2024-02-27 00:00:00-05:00,406.5,411.5,406.25,408.25,139596.0,0.0,0.0,Corn,ZC=F
2024-02-28 00:00:00-05:00,408.25,414.75,406.5,413.25,118959.0,0.0,0.0,Corn,ZC=F
2024-02-29 00:00:00-05:00,415.0,418.75,409.75,415.75,8781.0,0.0,0.0,Corn,ZC=F
2024-03-01 00:00:00-05:00,415.5,418.0,409.25,412.25,3475.0,0.0,0.0,Corn,ZC=F
2024-03-04 00:00:00-05:00,412.0,420.75,412.0,417.5,2214.0,0.0,0.0,Corn,ZC=F
2024-03-05 00:00:00-05:00,417.25,418.0,412.5,413.5,1544.0,0.0,0.0,Corn,ZC=F
2024-03-06 00:00:00-05:00,413.25,418.0,412.0,418.0,2542.0,0.0,0.0,Corn,ZC=F
2024-03-07 00:00:00-05:00,418.25,427.5,418.25,426.0,1645.0,0.0,0.0,Corn,ZC=F
2024-03-08 00:00:00-05:00,424.25,426.5,420.5,426.25,755.0,0.0,0.0,Corn,ZC=F
2024-03-11 00:00:00-04:00,421.75,428.5,419.75,428.25,615.0,0.0,0.0,Corn,ZC=F
2024-03-12 00:00:00-04:00,425.0,435.0,424.75,429.0,527.0,0.0,0.0,Corn,ZC=F
2024-03-13 00:00:00-04:00,430.0,432.5,426.5,426.5,75.0,0.0,0.0,Corn,ZC=F
2024-03-14 00:00:00-04:00,426.0,426.0,422.5,422.5,153348.0,0.0,0.0,Corn,ZC=F
2024-03-15 00:00:00-04:00,433.75,440.0,431.75,436.75,140242.0,0.0,0.0,Corn,ZC=F
2024-03-18 00:00:00-04:00,437.0,440.5,434.0,436.0,121822.0,0.0,0.0,Corn,ZC=F
2024-03-19 00:00:00-04:00,436.5,440.0,435.0,439.5,115115.0,0.0,0.0,Corn,ZC=F
2024-03-20 00:00:00-04:00,439.0,439.5,435.5,439.0,131971.0,0.0,0.0,Corn,ZC=F
2024-03-21 00:00:00-04:00,439.0,445.75,437.5,440.75,158789.0,0.0,0.0,Corn,ZC=F
2024-03-22 00:00:00-04:00,440.25,441.5,436.0,439.25,132898.0,0.0,0.0,Corn,ZC=F
2024-03-25 00:00:00-04:00,439.0,441.25,437.0,437.75,118606.0,0.0,0.0,Corn,ZC=F
2024-03-26 00:00:00-04:00,437.25,440.75,432.0,432.5,155311.0,0.0,0.0,Corn,ZC=F
2024-03-27 00:00:00-04:00,432.0,432.25,426.25,426.75,165189.0,0.0,0.0,Corn,ZC=F
2024-03-28 00:00:00-04:00,426.75,448.0,426.0,442.0,360086.0,0.0,0.0,Corn,ZC=F
2024-04-01 00:00:00-04:00,441.75,442.0,432.25,435.5,200474.0,0.0,0.0,Corn,ZC=F
2024-04-02 00:00:00-04:00,435.75,436.75,424.5,426.5,235504.0,0.0,0.0,Corn,ZC=F
2024-04-03 00:00:00-04:00,428.25,433.0,425.75,431.75,187684.0,0.0,0.0,Corn,ZC=F
2024-04-04 00:00:00-04:00,432.25,436.0,429.75,435.25,153811.0,0.0,0.0,Corn,ZC=F
2024-04-05 00:00:00-04:00,435.0,438.5,432.25,434.25,192940.0,0.0,0.0,Corn,ZC=F
2024-04-08 00:00:00-04:00,433.75,437.5,431.5,435.5,215991.0,0.0,0.0,Corn,ZC=F
2024-04-09 00:00:00-04:00,435.0,435.75,429.75,431.25,219304.0,0.0,0.0,Corn,ZC=F
2024-04-10 00:00:00-04:00,431.0,435.75,430.75,434.25,210255.0,0.0,0.0,Corn,ZC=F
2024-04-11 00:00:00-04:00,434.0,437.5,427.5,428.75,250695.0,0.0,0.0,Corn,ZC=F
2024-04-12 00:00:00-04:00,428.25,437.5,427.0,435.5,202052.0,0.0,0.0,Corn,ZC=F
2024-04-15 00:00:00-04:00,434.5,435.0,430.25,431.5,152252.0,0.0,0.0,Corn,ZC=F
2024-04-16 00:00:00-04:00,431.25,432.25,428.5,431.0,148116.0,0.0,0.0,Corn,ZC=F
2024-04-17 00:00:00-04:00,431.0,433.0,429.5,430.25,139235.0,0.0,0.0,Corn,ZC=F
2024-04-18 00:00:00-04:00,429.5,431.0,426.25,426.75,180777.0,0.0,0.0,Corn,ZC=F
2024-04-19 00:00:00-04:00,427.25,434.0,426.75,433.5,163574.0,0.0,0.0,Corn,ZC=F
2024-04-22 00:00:00-04:00,432.25,441.0,431.0,439.75,192556.0,0.0,0.0,Corn,ZC=F
2024-04-23 00:00:00-04:00,439.25,443.75,438.5,443.0,144096.0,0.0,0.0,Corn,ZC=F
2024-04-24 00:00:00-04:00,442.75,444.5,437.25,437.75,161654.0,0.0,0.0,Corn,ZC=F
2024-04-25 00:00:00-04:00,437.75,442.0,436.0,441.0,168023.0,0.0,0.0,Corn,ZC=F
2024-04-26 00:00:00-04:00,441.0,442.75,439.0,440.0,165048.0,0.0,0.0,Corn,ZC=F
2024-04-29 00:00:00-04:00,440.0,441.5,435.0,439.25,117196.0,0.0,0.0,Corn,ZC=F
2024-04-30 00:00:00-04:00,439.25,441.25,437.0,439.5,14833.0,0.0,0.0,Corn,ZC=F
2024-05-01 00:00:00-04:00,440.0,444.25,437.25,443.25,4184.0,0.0,0.0,Corn,ZC=F
2024-05-02 00:00:00-04:00,442.75,452.25,442.5,452.0,2944.0,0.0,0.0,Corn,ZC=F
2024-05-03 00:00:00-04:00,451.25,458.5,446.75,447.0,2540.0,0.0,0.0,Corn,ZC=F
2024-05-06 00:00:00-04:00,447.0,458.5,444.5,457.0,1907.0,0.0,0.0,Corn,ZC=F
2024-05-07 00:00:00-04:00,457.0,459.5,453.75,453.75,1021.0,0.0,0.0,Corn,ZC=F
2024-05-08 00:00:00-04:00,452.75,452.75,444.25,445.5,634.0,0.0,0.0,Corn,ZC=F
2024-05-09 00:00:00-04:00,447.25,447.5,441.0,442.75,573.0,0.0,0.0,Corn,ZC=F
2024-05-10 00:00:00-04:00,443.25,455.75,443.25,455.75,316.0,0.0,0.0,Corn,ZC=F
2024-05-13 00:00:00-04:00,453.5,461.5,453.5,458.5,317.0,0.0,0.0,Corn,ZC=F
2024-05-14 00:00:00-04:00,461.0,461.0,453.25,453.75,246243.0,0.0,0.0,Corn,ZC=F
2024-05-15 00:00:00-04:00,467.75,473.25,461.5,462.5,222335.0,0.0,0.0,Corn,ZC=F
2024-05-16 00:00:00-04:00,462.25,465.25,456.0,457.0,200532.0,0.0,0.0,Corn,ZC=F
2024-05-17 00:00:00-04:00,457.25,460.5,451.0,452.5,217848.0,0.0,0.0,Corn,ZC=F
2024-05-20 00:00:00-04:00,452.75,463.5,452.25,460.5,185086.0,0.0,0.0,Corn,ZC=F
2024-05-21 00:00:00-04:00,460.0,461.25,455.0,458.0,168069.0,0.0,0.0,Corn,ZC=F
2024-05-22 00:00:00-04:00,458.5,463.25,458.0,461.25,175899.0,0.0,0.0,Corn,ZC=F
2024-05-23 00:00:00-04:00,461.25,467.25,458.5,464.0,166864.0,0.0,0.0,Corn,ZC=F
2024-05-24 00:00:00-04:00,464.5,466.75,460.75,464.75,169182.0,0.0,0.0,Corn,ZC=F
2024-05-28 00:00:00-04:00,467.0,471.0,460.0,462.5,166128.0,0.0,0.0,Corn,ZC=F
2024-05-29 00:00:00-04:00,462.5,463.0,454.25,455.25,166319.0,0.0,0.0,Corn,ZC=F
2024-05-30 00:00:00-04:00,455.25,457.0,447.5,448.75,225176.0,0.0,0.0,Corn,ZC=F
2024-05-31 00:00:00-04:00,449.0,453.75,445.5,446.25,174860.0,0.0,0.0,Corn,ZC=F
2024-06-03 00:00:00-04:00,445.75,449.0,439.0,443.5,262804.0,0.0,0.0,Corn,ZC=F
2024-06-04 00:00:00-04:00,442.5,448.25,440.0,442.5,221274.0,0.0,0.0,Corn,ZC=F
2024-06-05 00:00:00-04:00,442.5,444.25,438.25,439.25,183305.0,0.0,0.0,Corn,ZC=F
2024-06-06 00:00:00-04:00,439.25,453.25,438.75,452.0,261537.0,0.0,0.0,Corn,ZC=F
2024-06-07 00:00:00-04:00,452.0,454.25,444.25,448.75,238072.0,0.0,0.0,Corn,ZC=F
2024-06-10 00:00:00-04:00,448.75,452.75,447.75,451.75,230930.0,0.0,0.0,Corn,ZC=F
2024-06-11 00:00:00-04:00,450.75,456.25,449.0,449.5,271960.0,0.0,0.0,Corn,ZC=F
2024-06-12 00:00:00-04:00,449.0,455.0,448.5,454.25,276468.0,0.0,0.0,Corn,ZC=F
2024-06-13 00:00:00-04:00,453.5,460.5,453.5,458.5,296248.0,0.0,0.0,Corn,ZC=F
2024-06-14 00:00:00-04:00,458.0,459.5,448.0,450.0,228388.0,0.0,0.0,Corn,ZC=F
2024-06-17 00:00:00-04:00,448.0,450.0,443.25,443.75,172134.0,0.0,0.0,Corn,ZC=F
2024-06-18 00:00:00-04:00,444.25,452.0,443.75,450.0,191652.0,0.0,0.0,Corn,ZC=F
2024-06-20 00:00:00-04:00,448.25,449.5,439.25,439.75,229750.0,0.0,0.0,Corn,ZC=F
2024-06-21 00:00:00-04:00,440.0,442.5,434.25,435.0,217553.0,0.0,0.0,Corn,ZC=F
2024-06-24 00:00:00-04:00,435.0,436.0,425.0,433.5,203582.0,0.0,0.0,Corn,ZC=F
2024-06-25 00:00:00-04:00,433.5,434.5,423.5,425.5,172164.0,0.0,0.0,Corn,ZC=F
2024-06-26 00:00:00-04:00,425.0,430.0,418.75,420.0,161453.0,0.0,0.0,Corn,ZC=F
2024-06-27 00:00:00-04:00,420.0,421.25,413.5,413.75,142693.0,0.0,0.0,Corn,ZC=F
2024-06-28 00:00:00-04:00,414.0,419.0,390.5,397.25,15899.0,0.0,0.0,Corn,ZC=F
2024-07-01 00:00:00-04:00,397.25,401.25,391.75,398.25,1731.0,0.0,0.0,Corn,ZC=F
2024-07-02 00:00:00-04:00,398.25,403.75,398.25,402.0,764.0,0.0,0.0,Corn,ZC=F
2024-07-03 00:00:00-04:00,402.25,405.0,399.0,403.5,584.0,0.0,0.0,Corn,ZC=F
2024-07-05 00:00:00-04:00,406.0,412.0,405.5,411.25,398.0,0.0,0.0,Corn,ZC=F
2024-07-08 00:00:00-04:00,411.75,411.75,394.5,395.75,666.0,0.0,0.0,Corn,ZC=F
2024-07-09 00:00:00-04:00,400.25,406.75,397.0,400.25,585.0,0.0,0.0,Corn,ZC=F
2024-07-10 00:00:00-04:00,399.75,405.75,399.75,403.25,214.0,0.0,0.0,Corn,ZC=F
2024-07-11 00:00:00-04:00,411.0,411.0,406.75,406.75,65.0,0.0,0.0,Corn,ZC=F
2024-07-12 00:00:00-04:00,395.75,400.0,395.25,400.0,211323.0,0.0,0.0,Corn,ZC=F
2024-07-15 00:00:00-04:00,403.0,403.0,389.5,390.5,140155.0,0.0,0.0,Corn,ZC=F
2024-07-16 00:00:00-04:00,390.0,398.0,390.0,395.75,133849.0,0.0,0.0,Corn,ZC=F
2024-07-17 00:00:00-04:00,395.75,400.0,395.0,398.0,115086.0,0.0,0.0,Corn,ZC=F
2024-07-18 00:00:00-04:00,398.0,399.0,390.0,391.25,114790.0,0.0,0.0,Corn,ZC=F
2024-07-19 00:00:00-04:00,391.0,396.25,390.0,390.5,111883.0,0.0,0.0,Corn,ZC=F
2024-07-22 00:00:00-04:00,391.0,401.0,391.0,400.25,150907.0,0.0,0.0,Corn,ZC=F
2024-07-23 00:00:00-04:00,399.0,407.0,397.25,402.5,143835.0,0.0,0.0,Corn,ZC=F
2024-07-24 00:00:00-04:00,401.5,409.5,399.0,403.75,149625.0,0.0,0.0,Corn,ZC=F
2024-07-25 00:00:00-04:00,403.0,408.75,402.0,406.0,119013.0,0.0,0.0,Corn,ZC=F
2024-07-26 00:00:00-04:00,405.75,406.5,394.0,394.5,154397.0,0.0,0.0,Corn,ZC=F
2024-07-29 00:00:00-04:00,392.75,397.0,390.0,396.25,142225.0,0.0,0.0,Corn,ZC=F
2024-07-30 00:00:00-04:00,396.0,396.75,387.25,388.75,123321.0,0.0,0.0,Corn,ZC=F
2024-07-31 00:00:00-04:00,387.75,390.5,381.0,382.75,156261.0,0.0,0.0,Corn,ZC=F
2024-08-01 00:00:00-04:00,382.5,384.0,378.0,382.0,116742.0,0.0,0.0,Corn,ZC=F
2024-08-02 00:00:00-04:00,383.0,387.75,381.75,386.5,113751.0,0.0,0.0,Corn,ZC=F
2024-08-05 00:00:00-04:00,385.75,391.75,378.75,390.75,157029.0,0.0,0.0,Corn,ZC=F
2024-08-06 00:00:00-04:00,390.75,393.0,385.75,388.75,107227.0,0.0,0.0,Corn,ZC=F
2024-08-07 00:00:00-04:00,387.75,388.0,381.75,383.25,199142.0,0.0,0.0,Corn,ZC=F
2024-08-08 00:00:00-04:00,383.0,386.5,378.5,379.25,157714.0,0.0,0.0,Corn,ZC=F
2024-08-09 00:00:00-04:00,379.0,381.25,375.25,376.75,157231.0,0.0,0.0,Corn,ZC=F
2024-08-12 00:00:00-04:00,376.25,385.25,372.5,383.25,203695.0,0.0,0.0,Corn,ZC=F
2024-08-13 00:00:00-04:00,382.75,385.0,376.25,377.75,172577.0,0.0,0.0,Corn,ZC=F
2024-08-14 00:00:00-04:00,377.25,382.0,376.0,381.0,125031.0,0.0,0.0,Corn,ZC=F
2024-08-15 00:00:00-04:00,380.75,383.5,374.5,375.0,151990.0,0.0,0.0,Corn,ZC=F
2024-08-16 00:00:00-04:00,374.5,375.75,367.75,370.5,137465.0,0.0,0.0,Corn,ZC=F
2024-08-19 00:00:00-04:00,370.25,378.5,370.0,378.0,151084.0,0.0,0.0,Corn,ZC=F
2024-08-20 00:00:00-04:00,377.75,378.5,374.75,375.0,122507.0,0.0,0.0,Corn,ZC=F
2024-08-21 00:00:00-04:00,374.75,378.0,374.0,375.5,96191.0,0.0,0.0,Corn,ZC=F
2024-08-22 00:00:00-04:00,375.5,376.5,370.75,371.5,131932.0,0.0,0.0,Corn,ZC=F
2024-08-23 00:00:00-04:00,371.0,374.0,367.25,367.75,138358.0,0.0,0.0,Corn,ZC=F
2024-08-26 00:00:00-04:00,367.25,367.5,360.5,362.0,143588.0,0.0,0.0,Corn,ZC=F
2024-08-27 00:00:00-04:00,361.5,369.25,360.75,367.25,161618.0,0.0,0.0,Corn,ZC=F
2024-08-28 00:00:00-04:00,367.0,367.75,362.25,365.25,160784.0,0.0,0.0,Corn,ZC=F
2024-08-29 00:00:00-04:00,364.25,372.75,363.75,371.75,100531.0,0.0,0.0,Corn,ZC=F
2024-08-30 00:00:00-04:00,371.25,378.75,371.0,378.0,6393.0,0.0,0.0,Corn,ZC=F
2024-09-03 00:00:00-04:00,378.0,386.75,376.5,386.5,3017.0,0.0,0.0,Corn,ZC=F
2024-09-04 00:00:00-04:00,385.5,391.25,383.0,390.5,1519.0,0.0,0.0,Corn,ZC=F
2024-09-05 00:00:00-04:00,389.0,390.0,386.75,390.0,485.0,0.0,0.0,Corn,ZC=F
2024-09-06 00:00:00-04:00,389.75,395.25,383.0,383.75,504.0,0.0,0.0,Corn,ZC=F
2024-09-09 00:00:00-04:00,383.75,385.25,381.0,384.25,504.0,0.0,0.0,Corn,ZC=F
2024-09-10 00:00:00-04:00,382.75,382.75,379.5,379.5,296.0,0.0,0.0,Corn,ZC=F
2024-09-11 00:00:00-04:00,379.75,381.25,377.0,380.5,117.0,0.0,0.0,Corn,ZC=F
2024-09-12 00:00:00-04:00,380.5,387.5,380.5,386.25,123.0,0.0,0.0,Corn,ZC=F
2024-09-13 00:00:00-04:00,381.25,394.0,381.0,390.75,229028.0,0.0,0.0,Corn,ZC=F
2024-09-16 00:00:00-04:00,413.0,413.0,408.5,410.75,150818.0,0.0,0.0,Corn,ZC=F
2024-09-17 00:00:00-04:00,410.0,413.0,408.5,412.5,123973.0,0.0,0.0,Corn,ZC=F
2024-09-18 00:00:00-04:00,412.0,415.0,411.0,412.75,134644.0,0.0,0.0,Corn,ZC=F
2024-09-19 00:00:00-04:00,412.25,413.0,405.25,405.75,166204.0,0.0,0.0,Corn,ZC=F
2024-09-20 00:00:00-04:00,406.0,407.25,401.5,401.75,178231.0,0.0,0.0,Corn,ZC=F
2024-09-23 00:00:00-04:00,401.5,414.25,401.25,413.5,228072.0,0.0,0.0,Corn,ZC=F
2024-09-24 00:00:00-04:00,413.0,418.25,410.0,411.75,210496.0,0.0,0.0,Corn,ZC=F
2024-09-25 00:00:00-04:00,411.75,415.5,408.5,415.25,158957.0,0.0,0.0,Corn,ZC=F
2024-09-26 00:00:00-04:00,414.75,419.25,412.5,413.25,204872.0,0.0,0.0,Corn,ZC=F
2024-09-27 00:00:00-04:00,413.0,419.75,410.75,418.0,218578.0,0.0,0.0,Corn,ZC=F
2024-09-30 00:00:00-04:00,416.5,427.75,415.5,424.75,272926.0,0.0,0.0,Corn,ZC=F
2024-10-01 00:00:00-04:00,423.5,432.5,421.75,429.0,262757.0,0.0,0.0,Corn,ZC=F
2024-10-02 00:00:00-04:00,428.5,434.25,428.5,432.5,239747.0,0.0,0.0,Corn,ZC=F
2024-10-03 00:00:00-04:00,431.5,433.25,427.5,428.25,181331.0,0.0,0.0,Corn,ZC=F
2024-10-04 00:00:00-04:00,427.5,427.5,423.0,424.75,165354.0,0.0,0.0,Corn,ZC=F
2024-10-07 00:00:00-04:00,424.0,427.0,421.25,426.0,161439.0,0.0,0.0,Corn,ZC=F
2024-10-08 00:00:00-04:00,426.0,428.0,419.25,420.75,229659.0,0.0,0.0,Corn,ZC=F
2024-10-09 00:00:00-04:00,420.25,423.5,420.0,421.0,148815.0,0.0,0.0,Corn,ZC=F
2024-10-10 00:00:00-04:00,421.0,424.0,418.0,418.5,171360.0,0.0,0.0,Corn,ZC=F
2024-10-11 00:00:00-04:00,418.5,422.75,415.25,415.75,224069.0,0.0,0.0,Corn,ZC=F
2024-10-14 00:00:00-04:00,415.0,415.25,407.5,408.25,257782.0,0.0,0.0,Corn,ZC=F
2024-10-15 00:00:00-04:00,408.0,408.0,400.5,401.25,305403.0,0.0,0.0,Corn,ZC=F
2024-10-16 00:00:00-04:00,401.25,406.75,401.0,404.75,214285.0,0.0,0.0,Corn,ZC=F
2024-10-17 00:00:00-04:00,404.5,407.5,399.0,406.75,255482.0,0.0,0.0,Corn,ZC=F
2024-10-18 00:00:00-04:00,406.75,409.5,403.75,404.75,193538.0,0.0,0.0,Corn,ZC=F
2024-10-21 00:00:00-04:00,403.75,411.75,403.0,409.5,241760.0,0.0,0.0,Corn,ZC=F
2024-10-22 00:00:00-04:00,409.0,417.0,408.25,416.5,267224.0,0.0,0.0,Corn,ZC=F
2024-10-23 00:00:00-04:00,416.0,420.0,414.0,419.0,246005.0,0.0,0.0,Corn,ZC=F
2024-10-24 00:00:00-04:00,418.75,424.0,418.25,421.5,287987.0,0.0,0.0,Corn,ZC=F
2024-10-25 00:00:00-04:00,420.5,421.0,414.5,415.25,247609.0,0.0,0.0,Corn,ZC=F
2024-10-28 00:00:00-04:00,413.25,414.75,410.0,410.75,251359.0,0.0,0.0,Corn,ZC=F
2024-10-29 00:00:00-04:00,410.0,414.75,410.0,413.75,197431.0,0.0,0.0,Corn,ZC=F
2024-10-30 00:00:00-04:00,413.25,414.25,411.0,411.5,170092.0,0.0,0.0,Corn,ZC=F
2024-10-31 00:00:00-04:00,411.5,412.75,409.25,410.75,238814.0,0.0,0.0,Corn,ZC=F
2024-11-01 00:00:00-04:00,410.75,415.75,410.5,414.5,197406.0,0.0,0.0,Corn,ZC=F
2024-11-04 00:00:00-05:00,414.0,420.0,413.0,416.5,219138.0,0.0,0.0,Corn,ZC=F
2024-11-05 00:00:00-05:00,416.25,419.75,415.25,418.5,167928.0,0.0,0.0,Corn,ZC=F
2024-11-06 00:00:00-05:00,418.0,426.75,414.25,426.25,283193.0,0.0,0.0,Corn,ZC=F
2024-11-07 00:00:00-05:00,425.75,428.5,422.25,427.5,310584.0,0.0,0.0,Corn,ZC=F
2024-11-08 00:00:00-05:00,427.5,434.75,426.75,431.0,347310.0,0.0,0.0,Corn,ZC=F
2024-11-11 00:00:00-05:00,430.0,432.0,426.5,430.0,250205.0,0.0,0.0,Corn,ZC=F
2024-11-12 00:00:00-05:00,429.75,433.5,426.75,428.5,250503.0,0.0,0.0,Corn,ZC=F
2024-11-13 00:00:00-05:00,428.5,429.75,424.25,426.5,235165.0,0.0,0.0,Corn,ZC=F
2024-11-14 00:00:00-05:00,426.0,428.0,418.25,419.0,292267.0,0.0,0.0,Corn,ZC=F
2024-11-15 00:00:00-05:00,418.75,425.0,417.0,424.0,218570.0,0.0,0.0,Corn,ZC=F
2024-11-18 00:00:00-05:00,423.75,429.5,422.25,429.25,190964.0,0.0,0.0,Corn,ZC=F
2024-11-19 00:00:00-05:00,428.75,431.5,426.5,427.25,215160.0,0.0,0.0,Corn,ZC=F
2024-11-20 00:00:00-05:00,427.0,432.0,424.75,430.25,224875.0,0.0,0.0,Corn,ZC=F
2024-11-21 00:00:00-05:00,430.0,432.0,426.25,426.75,187445.0,0.0,0.0,Corn,ZC=F
2024-11-22 00:00:00-05:00,426.75,429.5,425.0,425.5,159873.0,0.0,0.0,Corn,ZC=F
2024-11-25 00:00:00-05:00,425.25,426.25,422.25,424.75,226269.0,0.0,0.0,Corn,ZC=F
2024-11-26 00:00:00-05:00,424.25,425.75,417.75,420.0,210241.0,0.0,0.0,Corn,ZC=F
2024-11-27 00:00:00-05:00,420.0,422.25,414.75,415.75,145009.0,0.0,0.0,Corn,ZC=F
2024-11-29 00:00:00-05:00,416.0,423.5,415.0,423.0,7903.0,0.0,0.0,Corn,ZC=F
2024-12-02 00:00:00-05:00,423.0,425.5,420.75,424.5,3895.0,0.0,0.0,Corn,ZC=F
2024-12-03 00:00:00-05:00,425.0,428.0,422.75,423.25,4091.0,0.0,0.0,Corn,ZC=F
2024-12-04 00:00:00-05:00,423.25,424.5,421.0,422.0,1723.0,0.0,0.0,Corn,ZC=F
2024-12-05 00:00:00-05:00,421.5,427.0,420.25,426.5,2566.0,0.0,0.0,Corn,ZC=F
2024-12-06 00:00:00-05:00,426.5,431.5,425.25,430.75,1372.0,0.0,0.0,Corn,ZC=F
2024-12-09 00:00:00-05:00,431.25,434.75,431.0,434.0,1586.0,0.0,0.0,Corn,ZC=F
2024-12-10 00:00:00-05:00,433.5,440.75,433.25,440.5,1685.0,0.0,0.0,Corn,ZC=F
2024-12-11 00:00:00-05:00,440.0,443.25,437.75,438.0,570.0,0.0,0.0,Corn,ZC=F
2024-12-12 00:00:00-05:00,436.5,439.0,431.75,431.75,334.0,0.0,0.0,Corn,ZC=F
2024-12-13 00:00:00-05:00,434.25,434.25,426.25,430.0,170867.0,0.0,0.0,Corn,ZC=F
2024-12-16 00:00:00-05:00,441.25,445.75,441.25,445.0,157167.0,0.0,0.0,Corn,ZC=F
2024-12-17 00:00:00-05:00,445.0,446.75,441.25,443.5,164416.0,0.0,0.0,Corn,ZC=F
2024-12-18 00:00:00-05:00,443.75,446.5,437.0,437.25,176178.0,0.0,0.0,Corn,ZC=F
2024-12-19 00:00:00-05:00,437.0,441.0,435.75,440.75,182519.0,0.0,0.0,Corn,ZC=F
2024-12-20 00:00:00-05:00,439.75,447.5,439.5,446.25,191422.0,0.0,0.0,Corn,ZC=F
2024-12-23 00:00:00-05:00,446.0,448.25,445.25,447.75,132878.0,0.0,0.0,Corn,ZC=F
2024-12-24 00:00:00-05:00,447.25,448.75,446.75,448.5,88153.0,0.0,0.0,Corn,ZC=F
2024-12-26 00:00:00-05:00,448.5,454.25,448.5,453.75,176165.0,0.0,0.0,Corn,ZC=F
2024-12-27 00:00:00-05:00,453.25,455.0,452.25,454.0,162024.0,0.0,0.0,Corn,ZC=F
2024-12-30 00:00:00-05:00,453.75,458.5,449.75,452.25,217069.0,0.0,0.0,Corn,ZC=F
2024-12-31 00:00:00-05:00,452.25,459.0,452.0,458.5,172882.0,0.0,0.0,Corn,ZC=F
2025-01-02 00:00:00-05:00,457.25,459.75,456.25,459.5,163449.0,0.0,0.0,Corn,ZC=F
2025-01-03 00:00:00-05:00,459.5,459.75,449.25,450.75,199340.0,0.0,0.0,Corn,ZC=F
2025-01-06 00:00:00-05:00,451.5,460.25,451.5,457.75,227403.0,0.0,0.0,Corn,ZC=F
2025-01-07 00:00:00-05:00,456.0,458.5,453.0,458.0,211629.0,0.0,0.0,Corn,ZC=F
2025-01-08 00:00:00-05:00,457.75,459.25,453.5,454.0,192588.0,0.0,0.0,Corn,ZC=F
2025-01-09 00:00:00-05:00,454.0,457.25,453.5,456.0,157712.0,0.0,0.0,Corn,ZC=F
2025-01-10 00:00:00-05:00,456.0,472.5,455.75,470.5,157712.0,0.0,0.0,Corn,ZC=F
2024-01-03 00:00:00-05:00,1271.5,1275.25,1268.0,1269.5,2363.0,0.0,0.0,Soybeans,ZS=F
2024-01-04 00:00:00-05:00,1274.25,1274.25,1260.25,1262.0,353.0,0.0,0.0,Soybeans,ZS=F
2024-01-05 00:00:00-05:00,1261.25,1261.25,1249.75,1249.75,1000.0,0.0,0.0,Soybeans,ZS=F
2024-01-08 00:00:00-05:00,1252.75,1252.75,1233.25,1239.5,255.0,0.0,0.0,Soybeans,ZS=F
2024-01-09 00:00:00-05:00,1238.5,1243.0,1228.75,1241.5,158.0,0.0,0.0,Soybeans,ZS=F
2024-01-10 00:00:00-05:00,1241.5,1241.5,1228.75,1228.75,307.0,0.0,0.0,Soybeans,ZS=F
2024-01-11 00:00:00-05:00,1234.0,1235.5,1231.25,1231.25,220.0,0.0,0.0,Soybeans,ZS=F
2024-01-12 00:00:00-05:00,1239.75,1240.25,1205.75,1205.75,237245.0,0.0,0.0,Soybeans,ZS=F
2024-01-16 00:00:00-05:00,1227.0,1237.75,1220.75,1227.25,140122.0,0.0,0.0,Soybeans,ZS=F
2024-01-17 00:00:00-05:00,1227.25,1231.0,1205.0,1205.75,138322.0,0.0,0.0,Soybeans,ZS=F
2024-01-18 00:00:00-05:00,1206.0,1216.0,1201.0,1213.5,112771.0,0.0,0.0,Soybeans,ZS=F
2024-01-19 00:00:00-05:00,1213.0,1227.0,1210.75,1213.25,96455.0,0.0,0.0,Soybeans,ZS=F
2024-01-22 00:00:00-05:00,1216.75,1225.75,1209.5,1224.25,94437.0,0.0,0.0,Soybeans,ZS=F
2024-01-23 00:00:00-05:00,1224.25,1240.5,1221.5,1239.5,107718.0,0.0,0.0,Soybeans,ZS=F
2024-01-24 00:00:00-05:00,1239.0,1246.0,1235.25,1240.25,130579.0,0.0,0.0,Soybeans,ZS=F
2024-01-25 00:00:00-05:00,1240.0,1247.5,1215.5,1223.0,138526.0,0.0,0.0,Soybeans,ZS=F
2024-01-26 00:00:00-05:00,1223.5,1230.75,1208.5,1209.25,112232.0,0.0,0.0,Soybeans,ZS=F
2024-01-29 00:00:00-05:00,1210.75,1212.5,1191.5,1194.25,160776.0,0.0,0.0,Soybeans,ZS=F
2024-01-30 00:00:00-05:00,1193.75,1221.25,1187.75,1218.75,133600.0,0.0,0.0,Soybeans,ZS=F
2024-01-31 00:00:00-05:00,1218.75,1223.0,1206.75,1222.25,131031.0,0.0,0.0,Soybeans,ZS=F
2024-02-01 00:00:00-05:00,1221.25,1221.75,1199.5,1203.25,117651.0,0.0,0.0,Soybeans,ZS=F
2024-02-02 00:00:00-05:00,1203.25,1208.25,1186.75,1188.5,101687.0,0.0,0.0,Soybeans,ZS=F
2024-02-05 00:00:00-05:00,1190.0,1198.5,1179.5,1196.25,133159.0,0.0,0.0,Soybeans,ZS=F
2024-02-06 00:00:00-05:00,1196.0,1205.5,1193.75,1199.5,104104.0,0.0,0.0,Soybeans,ZS=F
2024-02-07 00:00:00-05:00,1199.0,1202.0,1179.25,1189.0,137235.0,0.0,0.0,Soybeans,ZS=F
2024-02-08 00:00:00-05:00,1187.0,1204.75,1180.5,1193.5,165204.0,0.0,0.0,Soybeans,ZS=F
2024-02-09 00:00:00-05:00,1195.0,1198.0,1181.5,1183.5,120117.0,0.0,0.0,Soybeans,ZS=F
2024-02-12 00:00:00-05:00,1183.75,1196.75,1182.5,1193.0,114463.0,0.0,0.0,Soybeans,ZS=F
2024-02-13 00:00:00-05:00,1191.75,1197.5,1183.0,1186.25,132884.0,0.0,0.0,Soybeans,ZS=F
2024-02-14 00:00:00-05:00,1186.25,1190.0,1168.25,1170.5,128628.0,0.0,0.0,Soybeans,ZS=F
2024-02-15 00:00:00-05:00,1168.0,1174.75,1160.25,1162.25,135571.0,0.0,0.0,Soybeans,ZS=F
2024-02-16 00:00:00-05:00,1163.75,1173.75,1162.25,1172.25,99941.0,0.0,0.0,Soybeans,ZS=F
2024-02-20 00:00:00-05:00,1177.75,1188.5,1174.0,1179.0,145020.0,0.0,0.0,Soybeans,ZS=F
2024-02-21 00:00:00-05:00,1179.0,1179.25,1157.5,1160.75,113652.0,0.0,0.0,Soybeans,ZS=F
2024-02-22 00:00:00-05:00,1161.0,1167.25,1146.75,1147.75,136672.0,0.0,0.0,Soybeans,ZS=F
2024-02-23 00:00:00-05:00,1148.0,1154.0,1130.25,1133.0,125088.0,0.0,0.0,Soybeans,ZS=F
2024-02-26 00:00:00-05:00,1137.0,1142.25,1124.75,1136.0,98731.0,0.0,0.0,Soybeans,ZS=F
2024-02-27 00:00:00-05:00,1136.0,1152.25,1128.75,1131.25,79533.0,0.0,0.0,Soybeans,ZS=F
2024-02-28 00:00:00-05:00,1132.25,1144.5,1124.75,1134.0,37481.0,0.0,0.0,Soybeans,ZS=F
2024-02-29 00:00:00-05:00,1132.0,1136.0,1115.0,1128.25,4459.0,0.0,0.0,Soybeans,ZS=F
2024-03-01 00:00:00-05:00,1128.25,1143.5,1126.75,1143.0,763.0,0.0,0.0,Soybeans,ZS=F
2024-03-04 00:00:00-05:00,1152.0,1158.0,1145.0,1147.0,404.0,0.0,0.0,Soybeans,ZS=F
2024-03-05 00:00:00-05:00,1147.0,1147.0,1138.75,1140.75,1080.0,0.0,0.0,Soybeans,ZS=F
2024-03-06 00:00:00-05:00,1138.5,1140.25,1132.25,1140.25,287.0,0.0,0.0,Soybeans,ZS=F
2024-03-07 00:00:00-05:00,1155.0,1157.0,1151.0,1157.0,443.0,0.0,0.0,Soybeans,ZS=F
2024-03-08 00:00:00-05:00,1157.0,1170.5,1145.5,1170.5,199.0,0.0,0.0,Soybeans,ZS=F
2024-03-11 00:00:00-04:00,1170.0,1170.75,1165.0,1165.0,42.0,0.0,0.0,Soybeans,ZS=F
2024-03-12 00:00:00-04:00,1167.0,1182.0,1167.0,1182.0,73.0,0.0,0.0,Soybeans,ZS=F
2024-03-13 00:00:00-04:00,1178.25,1182.75,1173.75,1181.75,24.0,0.0,0.0,Soybeans,ZS=F
2024-03-14 00:00:00-04:00,1182.0,1198.5,1180.75,1180.75,164064.0,0.0,0.0,Soybeans,ZS=F
2024-03-15 00:00:00-04:00,1194.5,1200.0,1183.5,1198.25,117888.0,0.0,0.0,Soybeans,ZS=F
2024-03-18 00:00:00-04:00,1198.5,1206.0,1186.75,1187.75,97550.0,0.0,0.0,Soybeans,ZS=F
2024-03-19 00:00:00-04:00,1188.0,1192.25,1181.0,1185.5,103620.0,0.0,0.0,Soybeans,ZS=F
2024-03-20 00:00:00-04:00,1185.5,1211.75,1183.5,1209.5,161255.0,0.0,0.0,Soybeans,ZS=F
2024-03-21 00:00:00-04:00,1209.0,1226.75,1204.0,1212.0,150049.0,0.0,0.0,Soybeans,ZS=F
2024-03-22 00:00:00-04:00,1211.0,1211.25,1189.25,1192.5,121895.0,0.0,0.0,Soybeans,ZS=F
2024-03-25 00:00:00-04:00,1194.0,1210.0,1188.5,1209.25,106767.0,0.0,0.0,Soybeans,ZS=F
2024-03-26 00:00:00-04:00,1207.5,1208.0,1197.75,1199.0,119009.0,0.0,0.0,Soybeans,ZS=F
2024-03-27 00:00:00-04:00,1196.75,1198.0,1189.5,1192.5,104399.0,0.0,0.0,Soybeans,ZS=F
2024-03-28 00:00:00-04:00,1191.75,1199.5,1177.0,1191.5,160360.0,0.0,0.0,Soybeans,ZS=F
2024-04-01 00:00:00-04:00,1196.25,1201.75,1181.5,1185.75,104397.0,0.0,0.0,Soybeans,ZS=F
2024-04-02 00:00:00-04:00,1185.5,1199.75,1171.0,1174.0,173481.0,0.0,0.0,Soybeans,ZS=F
2024-04-03 00:00:00-04:00,1175.5,1186.75,1168.5,1182.25,160346.0,0.0,0.0,Soybeans,ZS=F
2024-04-04 00:00:00-04:00,1182.25,1186.75,1170.25,1180.0,119935.0,0.0,0.0,Soybeans,ZS=F
2024-04-05 00:00:00-04:00,1178.0,1190.75,1173.0,1185.0,162613.0,0.0,0.0,Soybeans,ZS=F
2024-04-08 00:00:00-04:00,1187.75,1193.25,1180.5,1181.5,159389.0,0.0,0.0,Soybeans,ZS=F
2024-04-09 00:00:00-04:00,1181.5,1184.25,1172.0,1174.5,167029.0,0.0,0.0,Soybeans,ZS=F
2024-04-10 00:00:00-04:00,1174.75,1180.75,1163.0,1164.75,156535.0,0.0,0.0,Soybeans,ZS=F
2024-04-11 00:00:00-04:00,1163.75,1166.25,1151.0,1159.25,163734.0,0.0,0.0,Soybeans,ZS=F
2024-04-12 00:00:00-04:00,1158.5,1179.75,1154.0,1174.0,160130.0,0.0,0.0,Soybeans,ZS=F
2024-04-15 00:00:00-04:00,1173.25,1176.0,1155.5,1158.25,134465.0,0.0,0.0,Soybeans,ZS=F
2024-04-16 00:00:00-04:00,1157.25,1163.0,1143.25,1145.0,148376.0,0.0,0.0,Soybeans,ZS=F
2024-04-17 00:00:00-04:00,1145.0,1155.25,1141.75,1149.5,104230.0,0.0,0.0,Soybeans,ZS=F
2024-04-18 00:00:00-04:00,1149.0,1149.75,1133.0,1134.25,109349.0,0.0,0.0,Soybeans,ZS=F
2024-04-19 00:00:00-04:00,1134.0,1153.0,1131.75,1150.5,124590.0,0.0,0.0,Soybeans,ZS=F
2024-04-22 00:00:00-04:00,1147.75,1167.0,1144.5,1161.0,107395.0,0.0,0.0,Soybeans,ZS=F
2024-04-23 00:00:00-04:00,1161.0,1169.0,1158.0,1167.5,112266.0,0.0,0.0,Soybeans,ZS=F
2024-04-24 00:00:00-04:00,1166.5,1177.5,1164.0,1166.0,92302.0,0.0,0.0,Soybeans,ZS=F
2024-04-25 00:00:00-04:00,1164.75,1166.5,1150.5,1162.75,106684.0,0.0,0.0,Soybeans,ZS=F
2024-04-26 00:00:00-04:00,1162.25,1164.0,1155.0,1159.5,78879.0,0.0,0.0,Soybeans,ZS=F
2024-04-29 00:00:00-04:00,1158.5,1171.75,1157.0,1160.75,58269.0,0.0,0.0,Soybeans,ZS=F
2024-04-30 00:00:00-04:00,1158.75,1163.0,1141.0,1145.5,5743.0,0.0,0.0,Soybeans,ZS=F
2024-05-01 00:00:00-04:00,1145.0,1156.25,1141.0,1155.75,3404.0,0.0,0.0,Soybeans,ZS=F
2024-05-02 00:00:00-04:00,1155.75,1200.0,1155.75,1190.0,2408.0,0.0,0.0,Soybeans,ZS=F
2024-05-03 00:00:00-04:00,1193.0,1202.0,1193.0,1201.75,711.0,0.0,0.0,Soybeans,ZS=F
2024-05-06 00:00:00-04:00,1197.0,1236.5,1197.0,1234.75,486.0,0.0,0.0,Soybeans,ZS=F
2024-05-07 00:00:00-04:00,1234.5,1240.5,1230.0,1232.25,51.0,0.0,0.0,Soybeans,ZS=F
2024-05-08 00:00:00-04:00,1233.5,1233.5,1211.25,1212.75,87.0,0.0,0.0,Soybeans,ZS=F
2024-05-09 00:00:00-04:00,1216.5,1218.0,1192.5,1192.75,66.0,0.0,0.0,Soybeans,ZS=F
2024-05-10 00:00:00-04:00,1196.75,1205.0,1195.0,1205.0,82.0,0.0,0.0,Soybeans,ZS=F
2024-05-13 00:00:00-04:00,1205.5,1205.5,1205.5,1205.5,6.0,0.0,0.0,Soybeans,ZS=F
2024-05-14 00:00:00-04:00,1199.0,1199.0,1199.0,1199.0,115517.0,0.0,0.0,Soybeans,ZS=F
2024-05-15 00:00:00-04:00,1215.0,1232.25,1209.5,1213.5,124938.0,0.0,0.0,Soybeans,ZS=F
2024-05-16 00:00:00-04:00,1214.0,1219.75,1210.0,1216.25,99241.0,0.0,0.0,Soybeans,ZS=F
2024-05-17 00:00:00-04:00,1216.5,1231.25,1215.25,1228.0,133101.0,0.0,0.0,Soybeans,ZS=F
2024-05-20 00:00:00-04:00,1227.25,1250.75,1224.0,1248.0,171388.0,0.0,0.0,Soybeans,ZS=F
2024-05-21 00:00:00-04:00,1246.5,1249.25,1230.0,1236.25,126275.0,0.0,0.0,Soybeans,ZS=F
2024-05-22 00:00:00-04:00,1235.0,1249.75,1233.25,1246.25,125072.0,0.0,0.0,Soybeans,ZS=F
2024-05-23 00:00:00-04:00,1245.75,1258.25,1236.0,1239.25,136099.0,0.0,0.0,Soybeans,ZS=F
2024-05-24 00:00:00-04:00,1239.0,1251.0,1236.0,1248.0,107257.0,0.0,0.0,Soybeans,ZS=F
2024-05-28 00:00:00-04:00,1250.25,1254.75,1226.25,1229.5,140138.0,0.0,0.0,Soybeans,ZS=F
2024-05-29 00:00:00-04:00,1229.0,1231.25,1212.5,1214.0,123723.0,0.0,0.0,Soybeans,ZS=F
2024-05-30 00:00:00-04:00,1213.0,1220.0,1207.25,1209.75,107751.0,0.0,0.0,Soybeans,ZS=F
2024-05-31 00:00:00-04:00,1209.75,1223.75,1202.75,1205.0,106393.0,0.0,0.0,Soybeans,ZS=F
2024-06-03 00:00:00-04:00,1204.25,1205.5,1182.5,1184.5,119994.0,0.0,0.0,Soybeans,ZS=F
2024-06-04 00:00:00-04:00,1184.0,1189.5,1176.0,1179.0,145530.0,0.0,0.0,Soybeans,ZS=F
2024-06-05 00:00:00-04:00,1180.25,1191.75,1175.25,1177.25,154196.0,0.0,0.0,Soybeans,ZS=F
2024-06-06 00:00:00-04:00,1176.5,1204.5,1176.0,1200.0,162161.0,0.0,0.0,Soybeans,ZS=F
2024-06-07 00:00:00-04:00,1200.5,1202.5,1174.25,1179.25,175688.0,0.0,0.0,Soybeans,ZS=F
2024-06-10 00:00:00-04:00,1179.25,1190.75,1175.5,1188.25,139377.0,0.0,0.0,Soybeans,ZS=F
2024-06-11 00:00:00-04:00,1188.25,1193.0,1177.0,1178.0,160774.0,0.0,0.0,Soybeans,ZS=F
2024-06-12 00:00:00-04:00,1177.25,1186.5,1171.0,1177.25,161099.0,0.0,0.0,Soybeans,ZS=F
2024-06-13 00:00:00-04:00,1177.0,1191.25,1171.0,1189.5,149824.0,0.0,0.0,Soybeans,ZS=F
2024-06-14 00:00:00-04:00,1188.75,1189.0,1178.0,1179.75,132144.0,0.0,0.0,Soybeans,ZS=F
2024-06-17 00:00:00-04:00,1179.0,1179.0,1157.5,1157.75,138815.0,0.0,0.0,Soybeans,ZS=F
2024-06-18 00:00:00-04:00,1158.25,1175.75,1156.5,1174.0,148950.0,0.0,0.0,Soybeans,ZS=F
2024-06-20 00:00:00-04:00,1173.0,1175.75,1155.0,1155.25,146080.0,0.0,0.0,Soybeans,ZS=F
2024-06-21 00:00:00-04:00,1156.0,1168.75,1156.0,1160.5,111374.0,0.0,0.0,Soybeans,ZS=F
2024-06-24 00:00:00-04:00,1160.5,1179.5,1156.25,1175.25,88889.0,0.0,0.0,Soybeans,ZS=F
2024-06-25 00:00:00-04:00,1175.0,1180.0,1157.75,1163.25,83116.0,0.0,0.0,Soybeans,ZS=F
2024-06-26 00:00:00-04:00,1163.0,1177.5,1160.0,1162.75,67870.0,0.0,0.0,Soybeans,ZS=F
2024-06-27 00:00:00-04:00,1161.5,1169.5,1150.75,1152.25,32512.0,0.0,0.0,Soybeans,ZS=F
2024-06-28 00:00:00-04:00,1152.0,1167.0,1146.25,1150.5,4183.0,0.0,0.0,Soybeans,ZS=F
2024-07-01 00:00:00-04:00,1148.25,1161.75,1148.25,1159.5,1313.0,0.0,0.0,Soybeans,ZS=F
2024-07-02 00:00:00-04:00,1159.25,1175.0,1159.25,1165.0,1375.0,0.0,0.0,Soybeans,ZS=F
2024-07-03 00:00:00-04:00,1162.25,1180.25,1162.0,1176.5,924.0,0.0,0.0,Soybeans,ZS=F
2024-07-05 00:00:00-04:00,1172.25,1191.5,1172.25,1188.5,812.0,0.0,0.0,Soybeans,ZS=F
2024-07-08 00:00:00-04:00,1181.75,1181.75,1167.25,1174.25,985.0,0.0,0.0,Soybeans,ZS=F
2024-07-09 00:00:00-04:00,1177.0,1185.0,1160.0,1161.5,839.0,0.0,0.0,Soybeans,ZS=F
2024-07-10 00:00:00-04:00,1165.25,1165.25,1135.75,1141.25,698.0,0.0,0.0,Soybeans,ZS=F
2024-07-11 00:00:00-04:00,1145.0,1145.0,1137.0,1142.75,108.0,0.0,0.0,Soybeans,ZS=F
2024-07-12 00:00:00-04:00,1134.5,1134.5,1134.5,1134.5,41399.0,0.0,0.0,Soybeans,ZS=F
2024-07-15 00:00:00-04:00,1100.0,1101.0,1075.75,1078.0,35655.0,0.0,0.0,Soybeans,ZS=F
2024-07-16 00:00:00-04:00,1076.75,1096.5,1076.75,1090.5,37408.0,0.0,0.0,Soybeans,ZS=F
2024-07-17 00:00:00-04:00,1090.0,1102.5,1090.0,1097.25,41677.0,0.0,0.0,Soybeans,ZS=F
2024-07-18 00:00:00-04:00,1097.5,1101.0,1089.0,1098.5,35569.0,0.0,0.0,Soybeans,ZS=F
2024-07-19 00:00:00-04:00,1098.0,1107.75,1095.0,1097.25,25658.0,0.0,0.0,Soybeans,ZS=F
2024-07-22 00:00:00-04:00,1100.5,1119.75,1100.5,1117.75,40798.0,0.0,0.0,Soybeans,ZS=F
2024-07-23 00:00:00-04:00,1116.5,1129.0,1111.0,1117.5,51623.0,0.0,0.0,Soybeans,ZS=F
2024-07-24 00:00:00-04:00,1115.25,1123.25,1104.5,1111.0,34547.0,0.0,0.0,Soybeans,ZS=F
2024-07-25 00:00:00-04:00,1111.0,1120.5,1103.5,1116.0,38157.0,0.0,0.0,Soybeans,ZS=F
2024-07-26 00:00:00-04:00,1113.25,1117.25,1071.5,1077.5,61437.0,0.0,0.0,Soybeans,ZS=F
2024-07-29 00:00:00-04:00,1073.75,1073.75,1030.75,1054.75,37618.0,0.0,0.0,Soybeans,ZS=F
2024-07-30 00:00:00-04:00,1054.75,1059.0,1023.75,1027.25,16709.0,0.0,0.0,Soybeans,ZS=F
2024-07-31 00:00:00-04:00,1027.25,1048.5,1020.5,1028.5,2651.0,0.0,0.0,Soybeans,ZS=F
2024-08-01 00:00:00-04:00,1030.0,1034.0,1019.5,1022.0,1384.0,0.0,0.0,Soybeans,ZS=F
2024-08-02 00:00:00-04:00,1022.0,1031.5,1019.0,1029.25,633.0,0.0,0.0,Soybeans,ZS=F
2024-08-05 00:00:00-04:00,1040.0,1045.0,1021.5,1044.25,64.0,0.0,0.0,Soybeans,ZS=F
2024-08-06 00:00:00-04:00,1033.0,1038.25,1028.5,1028.5,694.0,0.0,0.0,Soybeans,ZS=F
2024-08-07 00:00:00-04:00,1020.75,1023.25,1017.25,1020.25,195.0,0.0,0.0,Soybeans,ZS=F
2024-08-08 00:00:00-04:00,1023.25,1023.25,1009.75,1009.75,172.0,0.0,0.0,Soybeans,ZS=F
2024-08-09 00:00:00-04:00,1018.0,1028.0,1014.5,1028.0,24.0,0.0,0.0,Soybeans,ZS=F
2024-08-12 00:00:00-04:00,1020.5,1038.25,1012.0,1012.0,12.0,0.0,0.0,Soybeans,ZS=F
2024-08-13 00:00:00-04:00,1003.0,1003.0,989.0,989.0,19.0,0.0,0.0,Soybeans,ZS=F
2024-08-14 00:00:00-04:00,989.5,989.75,979.75,979.75,15972.0,0.0,0.0,Soybeans,ZS=F
2024-08-15 00:00:00-04:00,951.75,961.0,950.5,951.5,15039.0,0.0,0.0,Soybeans,ZS=F
2024-08-16 00:00:00-04:00,950.5,952.5,936.25,938.75,17420.0,0.0,0.0,Soybeans,ZS=F
2024-08-19 00:00:00-04:00,938.0,957.5,938.0,956.25,15833.0,0.0,0.0,Soybeans,ZS=F
2024-08-20 00:00:00-04:00,955.25,966.25,950.75,957.25,13630.0,0.0,0.0,Soybeans,ZS=F
2024-08-21 00:00:00-04:00,957.0,966.0,955.5,963.0,12788.0,0.0,0.0,Soybeans,ZS=F
2024-08-22 00:00:00-04:00,962.0,963.0,940.0,941.25,17660.0,0.0,0.0,Soybeans,ZS=F
2024-08-23 00:00:00-04:00,941.75,954.0,941.25,952.0,16814.0,0.0,0.0,Soybeans,ZS=F
2024-08-26 00:00:00-04:00,943.5,961.25,939.25,959.75,18427.0,0.0,0.0,Soybeans,ZS=F
2024-08-27 00:00:00-04:00,959.0,971.75,957.0,967.5,13636.0,0.0,0.0,Soybeans,ZS=F
2024-08-28 00:00:00-04:00,968.25,969.5,953.5,958.5,10273.0,0.0,0.0,Soybeans,ZS=F
2024-08-29 00:00:00-04:00,957.25,975.0,957.0,973.75,10556.0,0.0,0.0,Soybeans,ZS=F
2024-08-30 00:00:00-04:00,974.5,987.5,971.5,982.0,2055.0,0.0,0.0,Soybeans,ZS=F
2024-09-03 00:00:00-04:00,978.75,1007.5,978.75,997.0,518.0,0.0,0.0,Soybeans,ZS=F
2024-09-04 00:00:00-04:00,987.5,1006.0,987.5,1006.0,382.0,0.0,0.0,Soybeans,ZS=F
2024-09-05 00:00:00-04:00,999.5,1008.25,999.5,1008.25,309.0,0.0,0.0,Soybeans,ZS=F
2024-09-06 00:00:00-04:00,1008.0,1008.0,989.25,989.25,122.0,0.0,0.0,Soybeans,ZS=F
2024-09-09 00:00:00-04:00,1000.25,1000.25,1000.0,1000.0,122.0,0.0,0.0,Soybeans,ZS=F
2024-09-10 00:00:00-04:00,980.25,981.75,977.5,977.5,59.0,0.0,0.0,Soybeans,ZS=F
2024-09-11 00:00:00-04:00,978.25,979.75,978.25,979.75,25.0,0.0,0.0,Soybeans,ZS=F
2024-09-12 00:00:00-04:00,987.5,991.5,987.5,991.5,4.0,0.0,0.0,Soybeans,ZS=F
2024-09-13 00:00:00-04:00,986.75,986.75,986.75,986.75,120065.0,0.0,0.0,Soybeans,ZS=F
2024-09-16 00:00:00-04:00,1005.0,1012.0,999.0,1004.5,79098.0,0.0,0.0,Soybeans,ZS=F
2024-09-17 00:00:00-04:00,1003.75,1011.0,1002.0,1006.0,80303.0,0.0,0.0,Soybeans,ZS=F
2024-09-18 00:00:00-04:00,1007.0,1022.0,1006.25,1014.0,147447.0,0.0,0.0,Soybeans,ZS=F
2024-09-19 00:00:00-04:00,1015.0,1018.25,1006.75,1013.25,116585.0,0.0,0.0,Soybeans,ZS=F
2024-09-20 00:00:00-04:00,1012.5,1019.0,1001.25,1012.0,128091.0,0.0,0.0,Soybeans,ZS=F
2024-09-23 00:00:00-04:00,1012.0,1041.75,1012.0,1039.25,220319.0,0.0,0.0,Soybeans,ZS=F
2024-09-24 00:00:00-04:00,1037.0,1058.25,1032.75,1042.25,206134.0,0.0,0.0,Soybeans,ZS=F
2024-09-25 00:00:00-04:00,1042.0,1054.5,1031.25,1053.25,175631.0,0.0,0.0,Soybeans,ZS=F
2024-09-26 00:00:00-04:00,1051.75,1064.75,1039.75,1041.0,191090.0,0.0,0.0,Soybeans,ZS=F
2024-09-27 00:00:00-04:00,1039.75,1069.5,1034.25,1065.75,237043.0,0.0,0.0,Soybeans,ZS=F
2024-09-30 00:00:00-04:00,1060.25,1069.75,1052.0,1057.0,167653.0,0.0,0.0,Soybeans,ZS=F
2024-10-01 00:00:00-04:00,1055.75,1065.5,1045.0,1057.25,165015.0,0.0,0.0,Soybeans,ZS=F
2024-10-02 00:00:00-04:00,1055.0,1063.75,1042.5,1056.0,158797.0,0.0,0.0,Soybeans,ZS=F
2024-10-03 00:00:00-04:00,1053.75,1056.25,1041.75,1046.0,126126.0,0.0,0.0,Soybeans,ZS=F
2024-10-04 00:00:00-04:00,1045.0,1055.25,1036.25,1037.75,136658.0,0.0,0.0,Soybeans,ZS=F
2024-10-07 00:00:00-04:00,1033.5,1039.0,1026.5,1034.0,170260.0,0.0,0.0,Soybeans,ZS=F
2024-10-08 00:00:00-04:00,1032.5,1039.5,1011.5,1016.25,215735.0,0.0,0.0,Soybeans,ZS=F
2024-10-09 00:00:00-04:00,1015.0,1027.25,1011.5,1020.25,185293.0,0.0,0.0,Soybeans,ZS=F
2024-10-10 00:00:00-04:00,1019.75,1025.5,1011.75,1014.75,158953.0,0.0,0.0,Soybeans,ZS=F
2024-10-11 00:00:00-04:00,1014.5,1023.75,1004.0,1005.5,213825.0,0.0,0.0,Soybeans,ZS=F
2024-10-14 00:00:00-04:00,1002.0,1008.5,995.5,996.0,165943.0,0.0,0.0,Soybeans,ZS=F
2024-10-15 00:00:00-04:00,995.0,996.0,981.0,991.0,239187.0,0.0,0.0,Soybeans,ZS=F
2024-10-16 00:00:00-04:00,991.0,1001.5,978.25,980.0,247535.0,0.0,0.0,Soybeans,ZS=F
2024-10-17 00:00:00-04:00,978.75,991.25,968.25,988.75,236377.0,0.0,0.0,Soybeans,ZS=F
2024-10-18 00:00:00-04:00,989.5,995.5,969.25,970.0,229536.0,0.0,0.0,Soybeans,ZS=F
2024-10-21 00:00:00-04:00,970.0,983.75,969.0,981.0,184725.0,0.0,0.0,Soybeans,ZS=F
2024-10-22 00:00:00-04:00,980.5,997.0,976.75,991.75,185249.0,0.0,0.0,Soybeans,ZS=F
2024-10-23 00:00:00-04:00,992.0,999.75,985.0,997.5,157963.0,0.0,0.0,Soybeans,ZS=F
2024-10-24 00:00:00-04:00,997.5,1012.25,994.25,996.25,190684.0,0.0,0.0,Soybeans,ZS=F
2024-10-25 00:00:00-04:00,996.25,996.25,984.0,987.75,143812.0,0.0,0.0,Soybeans,ZS=F
2024-10-28 00:00:00-04:00,984.0,985.5,973.5,974.0,109011.0,0.0,0.0,Soybeans,ZS=F
2024-10-29 00:00:00-04:00,974.75,980.5,965.0,965.25,82001.0,0.0,0.0,Soybeans,ZS=F
2024-10-30 00:00:00-04:00,965.0,979.0,963.75,976.5,57700.0,0.0,0.0,Soybeans,ZS=F
2024-10-31 00:00:00-04:00,977.5,985.5,975.5,982.5,7820.0,0.0,0.0,Soybeans,ZS=F
2024-11-01 00:00:00-04:00,984.25,997.25,978.25,982.5,3051.0,0.0,0.0,Soybeans,ZS=F
2024-11-04 00:00:00-05:00,990.0,995.0,982.5,987.25,1524.0,0.0,0.0,Soybeans,ZS=F
2024-11-05 00:00:00-05:00,992.25,996.75,991.0,993.75,629.0,0.0,0.0,Soybeans,ZS=F
2024-11-06 00:00:00-05:00,991.75,997.5,973.0,994.5,391.0,0.0,0.0,Soybeans,ZS=F
2024-11-07 00:00:00-05:00,997.0,1015.5,989.75,1015.5,545.0,0.0,0.0,Soybeans,ZS=F
2024-11-08 00:00:00-05:00,1015.0,1030.0,1006.0,1016.75,427.0,0.0,0.0,Soybeans,ZS=F
2024-11-11 00:00:00-05:00,1020.75,1025.75,1011.0,1011.75,212.0,0.0,0.0,Soybeans,ZS=F
2024-11-12 00:00:00-05:00,1011.75,1011.75,998.75,1003.5,209.0,0.0,0.0,Soybeans,ZS=F
2024-11-13 00:00:00-05:00,1001.25,1004.25,999.0,1004.25,86.0,0.0,0.0,Soybeans,ZS=F
2024-11-14 00:00:00-05:00,990.25,990.25,985.75,985.75,152378.0,0.0,0.0,Soybeans,ZS=F
2024-11-15 00:00:00-05:00,988.0,1005.25,987.25,998.5,140153.0,0.0,0.0,Soybeans,ZS=F
2024-11-18 00:00:00-05:00,1002.5,1011.5,989.5,1009.75,107221.0,0.0,0.0,Soybeans,ZS=F
2024-11-19 00:00:00-05:00,1009.75,1012.75,995.25,998.5,114559.0,0.0,0.0,Soybeans,ZS=F
2024-11-20 00:00:00-05:00,998.5,1001.5,985.25,990.5,110520.0,0.0,0.0,Soybeans,ZS=F
2024-11-21 00:00:00-05:00,991.0,998.75,976.25,977.75,145233.0,0.0,0.0,Soybeans,ZS=F
2024-11-22 00:00:00-05:00,980.75,985.25,975.25,983.5,113875.0,0.0,0.0,Soybeans,ZS=F
2024-11-25 00:00:00-05:00,987.5,993.25,983.0,985.75,100522.0,0.0,0.0,Soybeans,ZS=F
2024-11-26 00:00:00-05:00,980.0,991.25,976.75,983.5,131739.0,0.0,0.0,Soybeans,ZS=F
2024-11-27 00:00:00-05:00,984.0,994.25,983.25,988.75,134095.0,0.0,0.0,Soybeans,ZS=F
2024-11-29 00:00:00-05:00,993.25,998.0,982.75,989.5,77392.0,0.0,0.0,Soybeans,ZS=F
2024-12-02 00:00:00-05:00,989.5,990.5,977.5,985.25,124010.0,0.0,0.0,Soybeans,ZS=F
2024-12-03 00:00:00-05:00,985.0,999.0,983.5,991.75,135065.0,0.0,0.0,Soybeans,ZS=F
2024-12-04 00:00:00-05:00,991.5,992.0,980.5,983.75,113543.0,0.0,0.0,Soybeans,ZS=F
2024-12-05 00:00:00-05:00,983.5,994.75,982.25,993.75,109222.0,0.0,0.0,Soybeans,ZS=F
2024-12-06 00:00:00-05:00,993.0,997.5,987.75,993.75,150604.0,0.0,0.0,Soybeans,ZS=F
2024-12-09 00:00:00-05:00,992.25,1003.5,985.75,990.0,155123.0,0.0,0.0,Soybeans,ZS=F
2024-12-10 00:00:00-05:00,990.0,1000.0,988.5,994.75,162231.0,0.0,0.0,Soybeans,ZS=F
2024-12-11 00:00:00-05:00,994.0,1001.0,988.0,995.5,177510.0,0.0,0.0,Soybeans,ZS=F
2024-12-12 00:00:00-05:00,995.0,998.25,988.5,995.75,178084.0,0.0,0.0,Soybeans,ZS=F
2024-12-13 00:00:00-05:00,994.25,995.0,986.0,988.25,97052.0,0.0,0.0,Soybeans,ZS=F
2024-12-16 00:00:00-05:00,987.5,993.5,981.0,982.0,126195.0,0.0,0.0,Soybeans,ZS=F
2024-12-17 00:00:00-05:00,982.5,986.25,970.5,976.75,170736.0,0.0,0.0,Soybeans,ZS=F
2024-12-18 00:00:00-05:00,976.75,977.5,950.25,951.75,171410.0,0.0,0.0,Soybeans,ZS=F
2024-12-19 00:00:00-05:00,950.25,964.75,945.25,963.0,170407.0,0.0,0.0,Soybeans,ZS=F
2024-12-20 00:00:00-05:00,962.5,977.5,960.0,974.5,110119.0,0.0,0.0,Soybeans,ZS=F
2024-12-23 00:00:00-05:00,974.5,979.25,968.0,969.5,73622.0,0.0,0.0,Soybeans,ZS=F
2024-12-24 00:00:00-05:00,968.25,975.75,966.0,975.25,28802.0,0.0,0.0,Soybeans,ZS=F
2024-12-26 00:00:00-05:00,979.0,989.75,975.0,988.0,70637.0,0.0,0.0,Soybeans,ZS=F
2024-12-27 00:00:00-05:00,986.5,989.25,979.25,980.0,56059.0,0.0,0.0,Soybeans,ZS=F
2024-12-30 00:00:00-05:00,983.5,994.75,974.75,982.0,39468.0,0.0,0.0,Soybeans,ZS=F
2024-12-31 00:00:00-05:00,980.5,999.5,980.0,998.25,5238.0,0.0,0.0,Soybeans,ZS=F
2025-01-02 00:00:00-05:00,996.5,1004.0,990.75,999.5,1299.0,0.0,0.0,Soybeans,ZS=F
2025-01-03 00:00:00-05:00,1002.25,1002.25,978.75,981.0,912.0,0.0,0.0,Soybeans,ZS=F
2025-01-06 00:00:00-05:00,982.75,997.5,982.75,992.5,598.0,0.0,0.0,Soybeans,ZS=F
2025-01-07 00:00:00-05:00,991.0,993.25,982.5,992.25,265.0,0.0,0.0,Soybeans,ZS=F
2025-01-08 00:00:00-05:00,994.0,994.0,985.75,987.5,308.0,0.0,0.0,Soybeans,ZS=F
2025-01-09 00:00:00-05:00,982.75,992.25,980.5,992.25,168.0,0.0,0.0,Soybeans,ZS=F
2025-01-10 00:00:00-05:00,992.0,1018.5,992.0,1013.5,168.0,0.0,0.0,Soybeans,ZS=F
2024-01-03 00:00:00-05:00,608.0,609.75,598.25,600.25,63996.0,0.0,0.0,Wheat,ZW=F
2024-01-04 00:00:00-05:00,601.5,614.5,591.25,613.5,63693.0,0.0,0.0,Wheat,ZW=F
2024-01-05 00:00:00-05:00,613.0,621.5,611.5,616.0,43101.0,0.0,0.0,Wheat,ZW=F
2024-01-08 00:00:00-05:00,617.0,617.25,593.0,596.25,70376.0,0.0,0.0,Wheat,ZW=F
2024-01-09 00:00:00-05:00,596.0,613.75,594.0,610.0,57128.0,0.0,0.0,Wheat,ZW=F
2024-01-10 00:00:00-05:00,610.25,612.0,603.75,610.75,40391.0,0.0,0.0,Wheat,ZW=F
2024-01-11 00:00:00-05:00,610.0,614.75,602.0,603.75,38907.0,0.0,0.0,Wheat,ZW=F
2024-01-12 00:00:00-05:00,604.0,611.75,587.25,596.0,82712.0,0.0,0.0,Wheat,ZW=F
2024-01-16 00:00:00-05:00,596.0,602.25,576.75,582.0,61371.0,0.0,0.0,Wheat,ZW=F
2024-01-17 00:00:00-05:00,581.5,595.75,577.75,582.5,69550.0,0.0,0.0,Wheat,ZW=F
2024-01-18 00:00:00-05:00,583.5,587.0,573.25,585.5,50947.0,0.0,0.0,Wheat,ZW=F
2024-01-19 00:00:00-05:00,586.25,598.0,584.75,593.25,48393.0,0.0,0.0,Wheat,ZW=F
2024-01-22 00:00:00-05:00,593.5,600.25,587.0,596.5,36371.0,0.0,0.0,Wheat,ZW=F
2024-01-23 00:00:00-05:00,596.0,606.75,593.75,596.5,42176.0,0.0,0.0,Wheat,ZW=F
2024-01-24 00:00:00-05:00,598.0,612.25,596.5,610.75,56703.0,0.0,0.0,Wheat,ZW=F
2024-01-25 00:00:00-05:00,611.5,617.25,606.5,612.25,54705.0,0.0,0.0,Wheat,ZW=F
2024-01-26 00:00:00-05:00,612.0,614.0,592.25,600.25,69590.0,0.0,0.0,Wheat,ZW=F
2024-01-29 00:00:00-05:00,601.25,601.75,587.5,593.5,41478.0,0.0,0.0,Wheat,ZW=F
2024-01-30 00:00:00-05:00,593.5,606.75,584.5,605.5,51993.0,0.0,0.0,Wheat,ZW=F
2024-01-31 00:00:00-05:00,605.0,605.0,591.75,595.25,43147.0,0.0,0.0,Wheat,ZW=F
2024-02-01 00:00:00-05:00,595.25,603.0,587.0,601.5,62577.0,0.0,0.0,Wheat,ZW=F
2024-02-02 00:00:00-05:00,601.5,611.5,595.75,599.75,66721.0,0.0,0.0,Wheat,ZW=F
2024-02-05 00:00:00-05:00,600.0,601.75,586.75,590.25,51236.0,0.0,0.0,Wheat,ZW=F
2024-02-06 00:00:00-05:00,590.5,597.5,588.0,595.0,47583.0,0.0,0.0,Wheat,ZW=F
2024-02-07 00:00:00-05:00,594.75,606.75,590.75,602.0,79577.0,0.0,0.0,Wheat,ZW=F
2024-02-08 00:00:00-05:00,601.25,602.0,583.75,588.5,78673.0,0.0,0.0,Wheat,ZW=F
2024-02-09 00:00:00-05:00,591.25,605.5,588.0,596.75,100815.0,0.0,0.0,Wheat,ZW=F
2024-02-12 00:00:00-05:00,596.25,603.0,588.5,597.5,69031.0,0.0,0.0,Wheat,ZW=F
2024-02-13 00:00:00-05:00,597.0,603.5,592.25,597.5,82483.0,0.0,0.0,Wheat,ZW=F
2024-02-14 00:00:00-05:00,597.25,597.75,577.5,585.5,84588.0,0.0,0.0,Wheat,ZW=F
2024-02-15 00:00:00-05:00,585.75,585.75,565.25,567.0,79696.0,0.0,0.0,Wheat,ZW=F
2024-02-16 00:00:00-05:00,566.0,571.75,556.75,560.5,53034.0,0.0,0.0,Wheat,ZW=F
2024-02-20 00:00:00-05:00,558.5,585.0,555.25,582.75,53102.0,0.0,0.0,Wheat,ZW=F
2024-02-21 00:00:00-05:00,581.75,584.75,574.0,583.25,35041.0,0.0,0.0,Wheat,ZW=F
2024-02-22 00:00:00-05:00,582.0,600.0,579.75,583.25,40227.0,0.0,0.0,Wheat,ZW=F
2024-02-23 00:00:00-05:00,584.75,592.5,572.5,573.5,30814.0,0.0,0.0,Wheat,ZW=F
2024-02-26 00:00:00-05:00,573.5,578.75,562.0,577.25,23795.0,0.0,0.0,Wheat,ZW=F
2024-02-27 00:00:00-05:00,576.0,591.75,575.5,586.0,15959.0,0.0,0.0,Wheat,ZW=F
2024-02-28 00:00:00-05:00,586.5,588.0,569.75,571.0,13393.0,0.0,0.0,Wheat,ZW=F
2024-02-29 00:00:00-05:00,570.0,582.0,567.0,577.5,1253.0,0.0,0.0,Wheat,ZW=F
2024-03-01 00:00:00-05:00,577.75,577.75,558.25,560.0,549.0,0.0,0.0,Wheat,ZW=F
2024-03-04 00:00:00-05:00,564.0,564.0,563.5,563.5,113.0,0.0,0.0,Wheat,ZW=F
2024-03-05 00:00:00-05:00,554.75,554.75,545.75,545.75,31.0,0.0,0.0,Wheat,ZW=F
2024-03-06 00:00:00-05:00,519.75,521.25,519.75,521.25,206.0,0.0,0.0,Wheat,ZW=F
2024-03-07 00:00:00-05:00,526.5,526.5,520.75,520.75,251.0,0.0,0.0,Wheat,ZW=F
2024-03-08 00:00:00-05:00,528.5,528.5,526.75,526.75,15.0,0.0,0.0,Wheat,ZW=F
2024-03-11 00:00:00-04:00,526.75,537.5,526.0,537.5,25.0,0.0,0.0,Wheat,ZW=F
2024-03-12 00:00:00-04:00,541.0,544.75,535.5,535.5,40.0,0.0,0.0,Wheat,ZW=F
2024-03-13 00:00:00-04:00,534.5,535.25,532.25,532.25,18.0,0.0,0.0,Wheat,ZW=F
2024-03-14 00:00:00-04:00,519.5,519.5,519.5,519.5,60596.0,0.0,0.0,Wheat,ZW=F
2024-03-15 00:00:00-04:00,532.0,537.5,526.75,528.5,40453.0,0.0,0.0,Wheat,ZW=F
2024-03-18 00:00:00-04:00,531.25,544.0,527.0,542.75,57975.0,0.0,0.0,Wheat,ZW=F
2024-03-19 00:00:00-04:00,542.75,553.75,539.0,552.5,52072.0,0.0,0.0,Wheat,ZW=F
2024-03-20 00:00:00-04:00,551.75,553.0,537.0,545.0,52836.0,0.0,0.0,Wheat,ZW=F
2024-03-21 00:00:00-04:00,546.0,552.5,540.25,546.75,43716.0,0.0,0.0,Wheat,ZW=F
2024-03-22 00:00:00-04:00,548.5,559.25,539.5,554.75,58439.0,0.0,0.0,Wheat,ZW=F
2024-03-25 00:00:00-04:00,559.0,567.0,549.5,555.0,63147.0,0.0,0.0,Wheat,ZW=F
2024-03-26 00:00:00-04:00,555.0,557.5,542.75,543.5,39839.0,0.0,0.0,Wheat,ZW=F
2024-03-27 00:00:00-04:00,543.25,549.5,538.5,547.5,40131.0,0.0,0.0,Wheat,ZW=F
2024-03-28 00:00:00-04:00,546.5,568.5,544.5,560.25,72671.0,0.0,0.0,Wheat,ZW=F
2024-04-01 00:00:00-04:00,562.0,562.75,547.25,557.0,43697.0,0.0,0.0,Wheat,ZW=F
2024-04-02 00:00:00-04:00,557.5,562.75,543.5,545.25,64529.0,0.0,0.0,Wheat,ZW=F
2024-04-03 00:00:00-04:00,545.0,559.75,540.25,556.0,58686.0,0.0,0.0,Wheat,ZW=F
2024-04-04 00:00:00-04:00,556.0,562.5,549.5,556.25,61299.0,0.0,0.0,Wheat,ZW=F
2024-04-05 00:00:00-04:00,556.0,574.75,555.0,567.25,106580.0,0.0,0.0,Wheat,ZW=F
2024-04-08 00:00:00-04:00,570.25,573.75,559.5,565.75,90126.0,0.0,0.0,Wheat,ZW=F
2024-04-09 00:00:00-04:00,563.0,564.25,553.5,557.75,73159.0,0.0,0.0,Wheat,ZW=F
2024-04-10 00:00:00-04:00,558.5,567.25,555.75,558.5,68514.0,0.0,0.0,Wheat,ZW=F
2024-04-11 00:00:00-04:00,558.0,559.75,548.25,551.75,73571.0,0.0,0.0,Wheat,ZW=F
2024-04-12 00:00:00-04:00,552.5,562.5,549.5,556.0,63720.0,0.0,0.0,Wheat,ZW=F
2024-04-15 00:00:00-04:00,555.25,556.0,544.25,551.75,46713.0,0.0,0.0,Wheat,ZW=F
2024-04-16 00:00:00-04:00,550.75,557.0,542.5,549.75,53008.0,0.0,0.0,Wheat,ZW=F
2024-04-17 00:00:00-04:00,550.5,555.0,536.0,537.0,38898.0,0.0,0.0,Wheat,ZW=F
2024-04-18 00:00:00-04:00,538.0,544.0,534.25,536.75,35421.0,0.0,0.0,Wheat,ZW=F
2024-04-19 00:00:00-04:00,536.75,558.75,536.0,550.25,29394.0,0.0,0.0,Wheat,ZW=F
2024-04-22 00:00:00-04:00,549.0,579.5,548.75,570.25,50920.0,0.0,0.0,Wheat,ZW=F
2024-04-23 00:00:00-04:00,572.0,586.0,565.75,585.0,42554.0,0.0,0.0,Wheat,ZW=F
2024-04-24 00:00:00-04:00,583.25,598.5,578.75,594.5,27546.0,0.0,0.0,Wheat,ZW=F
2024-04-25 00:00:00-04:00,594.0,605.0,593.5,602.25,25972.0,0.0,0.0,Wheat,ZW=F
2024-04-26 00:00:00-04:00,602.0,614.5,598.25,603.25,28595.0,0.0,0.0,Wheat,ZW=F
2024-04-29 00:00:00-04:00,595.75,604.75,582.75,590.25,17080.0,0.0,0.0,Wheat,ZW=F
2024-04-30 00:00:00-04:00,587.0,587.0,577.75,585.0,1411.0,0.0,0.0,Wheat,ZW=F
2024-05-01 00:00:00-04:00,580.25,582.25,579.0,581.5,505.0,0.0,0.0,Wheat,ZW=F
2024-05-02 00:00:00-04:00,592.75,592.75,580.75,586.5,67.0,0.0,0.0,Wheat,ZW=F
2024-05-03 00:00:00-04:00,606.0,606.0,606.0,606.0,226.0,0.0,0.0,Wheat,ZW=F
2024-05-06 00:00:00-04:00,627.5,632.25,627.5,632.25,148.0,0.0,0.0,Wheat,ZW=F
2024-05-07 00:00:00-04:00,635.0,635.0,624.75,624.75,52.0,0.0,0.0,Wheat,ZW=F
2024-05-08 00:00:00-04:00,616.0,616.0,616.0,616.0,20.0,0.0,0.0,Wheat,ZW=F
2024-05-09 00:00:00-04:00,624.25,624.25,619.75,619.75,125.0,0.0,0.0,Wheat,ZW=F
2024-05-10 00:00:00-04:00,645.25,647.0,645.25,645.75,57.0,0.0,0.0,Wheat,ZW=F
2024-05-13 00:00:00-04:00,648.0,670.25,645.75,670.25,33.0,0.0,0.0,Wheat,ZW=F
2024-05-14 00:00:00-04:00,657.0,657.0,657.0,657.0,86543.0,0.0,0.0,Wheat,ZW=F
2024-05-15 00:00:00-04:00,674.25,697.0,662.25,665.75,89540.0,0.0,0.0,Wheat,ZW=F
2024-05-16 00:00:00-04:00,664.25,681.5,656.75,663.25,68479.0,0.0,0.0,Wheat,ZW=F
2024-05-17 00:00:00-04:00,662.5,676.5,650.25,651.25,62410.0,0.0,0.0,Wheat,ZW=F
2024-05-20 00:00:00-04:00,654.0,691.25,654.0,688.75,93314.0,0.0,0.0,Wheat,ZW=F
2024-05-21 00:00:00-04:00,687.5,700.75,682.0,697.5,88258.0,0.0,0.0,Wheat,ZW=F
2024-05-22 00:00:00-04:00,697.25,716.75,688.5,693.0,89819.0,0.0,0.0,Wheat,ZW=F
2024-05-23 00:00:00-04:00,694.0,702.5,682.5,698.0,68180.0,0.0,0.0,Wheat,ZW=F
2024-05-24 00:00:00-04:00,701.25,706.0,689.0,697.25,70621.0,0.0,0.0,Wheat,ZW=F
2024-05-28 00:00:00-04:00,713.0,720.0,693.75,700.25,73681.0,0.0,0.0,Wheat,ZW=F
2024-05-29 00:00:00-04:00,701.5,706.25,688.5,692.75,63288.0,0.0,0.0,Wheat,ZW=F
2024-05-30 00:00:00-04:00,692.75,693.75,673.25,681.0,68977.0,0.0,0.0,Wheat,ZW=F
2024-05-31 00:00:00-04:00,680.5,691.5,673.75,678.5,54291.0,0.0,0.0,Wheat,ZW=F
2024-06-03 00:00:00-04:00,678.0,697.75,667.5,672.75,84111.0,0.0,0.0,Wheat,ZW=F
2024-06-04 00:00:00-04:00,672.5,681.25,657.75,658.25,82162.0,0.0,0.0,Wheat,ZW=F
2024-06-05 00:00:00-04:00,659.25,664.25,642.75,646.75,84832.0,0.0,0.0,Wheat,ZW=F
2024-06-06 00:00:00-04:00,649.75,654.0,638.25,639.5,83045.0,0.0,0.0,Wheat,ZW=F
2024-06-07 00:00:00-04:00,639.5,639.5,618.25,627.5,131164.0,0.0,0.0,Wheat,ZW=F
2024-06-10 00:00:00-04:00,626.0,627.0,606.25,607.5,119712.0,0.0,0.0,Wheat,ZW=F
2024-06-11 00:00:00-04:00,606.75,633.0,605.5,626.5,132289.0,0.0,0.0,Wheat,ZW=F
2024-06-12 00:00:00-04:00,626.0,627.75,610.5,617.0,84288.0,0.0,0.0,Wheat,ZW=F
2024-06-13 00:00:00-04:00,614.5,627.25,612.5,620.0,77149.0,0.0,0.0,Wheat,ZW=F
2024-06-14 00:00:00-04:00,618.25,622.5,611.0,612.75,73733.0,0.0,0.0,Wheat,ZW=F
2024-06-17 00:00:00-04:00,607.75,610.25,590.25,591.5,71030.0,0.0,0.0,Wheat,ZW=F
2024-06-18 00:00:00-04:00,590.0,595.25,580.0,582.0,59959.0,0.0,0.0,Wheat,ZW=F
2024-06-20 00:00:00-04:00,582.0,582.75,565.5,572.75,66902.0,0.0,0.0,Wheat,ZW=F
2024-06-21 00:00:00-04:00,571.25,579.25,557.75,561.5,67572.0,0.0,0.0,Wheat,ZW=F
2024-06-24 00:00:00-04:00,562.0,563.0,546.5,552.5,36639.0,0.0,0.0,Wheat,ZW=F
2024-06-25 00:00:00-04:00,552.5,556.0,539.75,541.75,29811.0,0.0,0.0,Wheat,ZW=F
2024-06-26 00:00:00-04:00,539.75,552.75,538.0,541.25,19701.0,0.0,0.0,Wheat,ZW=F
2024-06-27 00:00:00-04:00,540.5,562.5,539.5,559.75,18205.0,0.0,0.0,Wheat,ZW=F
2024-06-28 00:00:00-04:00,559.25,565.0,547.0,553.5,1450.0,0.0,0.0,Wheat,ZW=F
2024-07-01 00:00:00-04:00,556.5,569.25,552.75,569.25,339.0,0.0,0.0,Wheat,ZW=F
2024-07-02 00:00:00-04:00,562.0,562.0,561.5,561.5,283.0,0.0,0.0,Wheat,ZW=F
2024-07-03 00:00:00-04:00,563.75,563.75,554.5,554.5,193.0,0.0,0.0,Wheat,ZW=F
2024-07-05 00:00:00-04:00,573.0,573.0,572.25,572.25,127.0,0.0,0.0,Wheat,ZW=F
2024-07-08 00:00:00-04:00,552.25,553.0,552.25,553.0,73.0,0.0,0.0,Wheat,ZW=F
2024-07-09 00:00:00-04:00,554.25,554.25,554.25,554.25,49.0,0.0,0.0,Wheat,ZW=F
2024-07-10 00:00:00-04:00,542.0,547.25,542.0,543.5,84.0,0.0,0.0,Wheat,ZW=F
2024-07-11 00:00:00-04:00,543.5,561.25,543.5,554.25,30.0,0.0,0.0,Wheat,ZW=F
2024-07-12 00:00:00-04:00,538.0,538.0,538.0,538.0,79921.0,0.0,0.0,Wheat,ZW=F
2024-07-15 00:00:00-04:00,551.0,552.5,531.0,532.5,76571.0,0.0,0.0,Wheat,ZW=F
2024-07-16 00:00:00-04:00,531.25,537.5,525.25,530.75,63371.0,0.0,0.0,Wheat,ZW=F
2024-07-17 00:00:00-04:00,530.5,546.5,528.0,539.25,52555.0,0.0,0.0,Wheat,ZW=F
2024-07-18 00:00:00-04:00,540.75,546.5,533.0,535.25,50518.0,0.0,0.0,Wheat,ZW=F
2024-07-19 00:00:00-04:00,534.75,556.25,530.5,542.75,67049.0,0.0,0.0,Wheat,ZW=F
2024-07-22 00:00:00-04:00,545.25,553.5,540.25,548.0,48547.0,0.0,0.0,Wheat,ZW=F
2024-07-23 00:00:00-04:00,547.75,552.0,540.5,542.75,41164.0,0.0,0.0,Wheat,ZW=F
2024-07-24 00:00:00-04:00,542.5,555.5,537.25,547.0,51655.0,0.0,0.0,Wheat,ZW=F
2024-07-25 00:00:00-04:00,546.75,549.75,536.25,537.75,44805.0,0.0,0.0,Wheat,ZW=F
2024-07-26 00:00:00-04:00,537.0,541.25,522.0,523.5,56593.0,0.0,0.0,Wheat,ZW=F
2024-07-29 00:00:00-04:00,523.5,532.75,514.25,531.0,53527.0,0.0,0.0,Wheat,ZW=F
2024-07-30 00:00:00-04:00,528.75,529.5,517.0,524.0,50329.0,0.0,0.0,Wheat,ZW=F
2024-07-31 00:00:00-04:00,523.0,534.0,515.5,527.25,60814.0,0.0,0.0,Wheat,ZW=F
2024-08-01 00:00:00-04:00,526.75,534.75,519.75,532.0,56989.0,0.0,0.0,Wheat,ZW=F
2024-08-02 00:00:00-04:00,532.0,540.5,528.5,539.0,51484.0,0.0,0.0,Wheat,ZW=F
2024-08-05 00:00:00-04:00,540.25,541.5,519.75,539.5,60219.0,0.0,0.0,Wheat,ZW=F
2024-08-06 00:00:00-04:00,540.0,548.75,531.5,543.25,59182.0,0.0,0.0,Wheat,ZW=F
2024-08-07 00:00:00-04:00,544.0,548.75,534.75,538.25,79911.0,0.0,0.0,Wheat,ZW=F
2024-08-08 00:00:00-04:00,537.75,544.5,532.5,537.5,67628.0,0.0,0.0,Wheat,ZW=F
2024-08-09 00:00:00-04:00,537.25,552.0,536.25,542.5,82400.0,0.0,0.0,Wheat,ZW=F
2024-08-12 00:00:00-04:00,542.75,547.0,528.0,536.75,84754.0,0.0,0.0,Wheat,ZW=F
2024-08-13 00:00:00-04:00,538.0,538.25,525.0,528.75,67772.0,0.0,0.0,Wheat,ZW=F
2024-08-14 00:00:00-04:00,529.25,537.25,524.0,534.75,84253.0,0.0,0.0,Wheat,ZW=F
2024-08-15 00:00:00-04:00,535.75,547.75,527.0,528.25,69556.0,0.0,0.0,Wheat,ZW=F
2024-08-16 00:00:00-04:00,527.25,533.5,523.25,530.0,52852.0,0.0,0.0,Wheat,ZW=F
2024-08-19 00:00:00-04:00,530.5,531.25,521.75,528.25,46025.0,0.0,0.0,Wheat,ZW=F
2024-08-20 00:00:00-04:00,528.0,535.5,525.75,533.0,43754.0,0.0,0.0,Wheat,ZW=F
2024-08-21 00:00:00-04:00,533.75,536.5,519.0,519.75,35065.0,0.0,0.0,Wheat,ZW=F
2024-08-22 00:00:00-04:00,521.25,524.0,502.5,511.0,44564.0,0.0,0.0,Wheat,ZW=F
2024-08-23 00:00:00-04:00,512.0,513.75,501.25,502.25,48966.0,0.0,0.0,Wheat,ZW=F
2024-08-26 00:00:00-04:00,505.25,506.0,495.5,498.0,39317.0,0.0,0.0,Wheat,ZW=F
2024-08-27 00:00:00-04:00,497.25,510.75,493.5,508.25,31510.0,0.0,0.0,Wheat,ZW=F
2024-08-28 00:00:00-04:00,507.0,516.0,505.5,514.25,19344.0,0.0,0.0,Wheat,ZW=F
2024-08-29 00:00:00-04:00,513.0,525.0,508.25,525.0,12493.0,0.0,0.0,Wheat,ZW=F
2024-08-30 00:00:00-04:00,522.5,534.75,522.5,532.75,830.0,0.0,0.0,Wheat,ZW=F
2024-09-03 00:00:00-04:00,531.5,552.0,530.5,552.0,426.0,0.0,0.0,Wheat,ZW=F
2024-09-04 00:00:00-04:00,551.5,568.75,551.5,565.25,156.0,0.0,0.0,Wheat,ZW=F
2024-09-05 00:00:00-04:00,565.5,565.5,557.0,561.0,118.0,0.0,0.0,Wheat,ZW=F
2024-09-06 00:00:00-04:00,565.75,565.75,552.25,553.25,429.0,0.0,0.0,Wheat,ZW=F
2024-09-09 00:00:00-04:00,555.5,555.5,555.5,555.5,429.0,0.0,0.0,Wheat,ZW=F
2024-09-10 00:00:00-04:00,554.75,558.75,554.75,558.75,7.0,0.0,0.0,Wheat,ZW=F
2024-09-11 00:00:00-04:00,563.75,563.75,563.75,563.75,7.0,0.0,0.0,Wheat,ZW=F
2024-09-12 00:00:00-04:00,563.0,563.0,563.0,563.0,2.0,0.0,0.0,Wheat,ZW=F
2024-09-13 00:00:00-04:00,571.25,571.25,571.25,571.25,89761.0,0.0,0.0,Wheat,ZW=F
2024-09-16 00:00:00-04:00,594.75,596.0,574.25,578.5,80580.0,0.0,0.0,Wheat,ZW=F
2024-09-17 00:00:00-04:00,578.5,584.25,571.25,575.75,45713.0,0.0,0.0,Wheat,ZW=F
2024-09-18 00:00:00-04:00,576.0,582.75,573.0,575.75,47041.0,0.0,0.0,Wheat,ZW=F
2024-09-19 00:00:00-04:00,575.75,577.25,564.0,565.5,51648.0,0.0,0.0,Wheat,ZW=F
2024-09-20 00:00:00-04:00,566.25,575.75,565.25,568.5,60486.0,0.0,0.0,Wheat,ZW=F
2024-09-23 00:00:00-04:00,570.5,586.5,569.0,582.5,63331.0,0.0,0.0,Wheat,ZW=F
2024-09-24 00:00:00-04:00,581.25,589.25,575.25,578.0,52268.0,0.0,0.0,Wheat,ZW=F
2024-09-25 00:00:00-04:00,579.0,591.25,573.75,589.25,52959.0,0.0,0.0,Wheat,ZW=F
2024-09-26 00:00:00-04:00,590.5,596.25,582.75,584.25,69058.0,0.0,0.0,Wheat,ZW=F
2024-09-27 00:00:00-04:00,583.0,583.5,575.5,580.0,46189.0,0.0,0.0,Wheat,ZW=F
2024-09-30 00:00:00-04:00,579.75,590.75,575.5,584.0,58874.0,0.0,0.0,Wheat,ZW=F
2024-10-01 00:00:00-04:00,584.0,602.5,577.0,599.0,84582.0,0.0,0.0,Wheat,ZW=F
2024-10-02 00:00:00-04:00,596.25,617.25,596.25,615.25,116431.0,0.0,0.0,Wheat,ZW=F
2024-10-03 00:00:00-04:00,614.25,617.25,601.25,603.5,78992.0,0.0,0.0,Wheat,ZW=F
2024-10-04 00:00:00-04:00,603.75,604.25,587.0,589.75,76333.0,0.0,0.0,Wheat,ZW=F
2024-10-07 00:00:00-04:00,590.25,595.25,584.0,592.5,55580.0,0.0,0.0,Wheat,ZW=F
2024-10-08 00:00:00-04:00,593.75,599.0,587.5,594.75,59037.0,0.0,0.0,Wheat,ZW=F
2024-10-09 00:00:00-04:00,594.75,604.75,594.25,599.0,55193.0,0.0,0.0,Wheat,ZW=F
2024-10-10 00:00:00-04:00,600.75,609.25,598.5,603.75,60990.0,0.0,0.0,Wheat,ZW=F
2024-10-11 00:00:00-04:00,603.75,611.25,592.5,599.0,75587.0,0.0,0.0,Wheat,ZW=F
2024-10-14 00:00:00-04:00,598.5,601.0,584.25,585.25,55970.0,0.0,0.0,Wheat,ZW=F
2024-10-15 00:00:00-04:00,585.5,586.75,578.0,579.5,69756.0,0.0,0.0,Wheat,ZW=F
2024-10-16 00:00:00-04:00,581.25,587.5,575.25,585.0,57508.0,0.0,0.0,Wheat,ZW=F
2024-10-17 00:00:00-04:00,584.25,591.75,576.25,589.5,75298.0,0.0,0.0,Wheat,ZW=F
2024-10-18 00:00:00-04:00,590.0,595.5,570.25,572.75,82026.0,0.0,0.0,Wheat,ZW=F
2024-10-21 00:00:00-04:00,572.75,584.25,570.75,572.25,74088.0,0.0,0.0,Wheat,ZW=F
2024-10-22 00:00:00-04:00,574.0,578.75,565.75,576.0,49868.0,0.0,0.0,Wheat,ZW=F
2024-10-23 00:00:00-04:00,575.75,582.75,566.25,578.5,57247.0,0.0,0.0,Wheat,ZW=F
2024-10-24 00:00:00-04:00,579.0,584.25,575.0,581.5,49883.0,0.0,0.0,Wheat,ZW=F
2024-10-25 00:00:00-04:00,581.25,585.5,566.0,569.0,75987.0,0.0,0.0,Wheat,ZW=F
2024-10-28 00:00:00-04:00,564.25,571.5,557.75,558.75,61302.0,0.0,0.0,Wheat,ZW=F
2024-10-29 00:00:00-04:00,559.0,572.75,558.0,570.5,67415.0,0.0,0.0,Wheat,ZW=F
2024-10-30 00:00:00-04:00,571.25,580.5,564.0,573.25,68179.0,0.0,0.0,Wheat,ZW=F
2024-10-31 00:00:00-04:00,572.75,573.75,563.5,570.5,61593.0,0.0,0.0,Wheat,ZW=F
2024-11-01 00:00:00-04:00,571.5,577.75,564.25,568.0,54164.0,0.0,0.0,Wheat,ZW=F
2024-11-04 00:00:00-05:00,569.0,575.75,565.0,568.75,55475.0,0.0,0.0,Wheat,ZW=F
2024-11-05 00:00:00-05:00,569.5,574.5,565.25,572.5,58641.0,0.0,0.0,Wheat,ZW=F
2024-11-06 00:00:00-05:00,571.0,577.75,562.0,573.25,67945.0,0.0,0.0,Wheat,ZW=F
2024-11-07 00:00:00-05:00,574.5,579.5,565.0,571.5,105864.0,0.0,0.0,Wheat,ZW=F
2024-11-08 00:00:00-05:00,572.5,578.75,566.5,572.5,112145.0,0.0,0.0,Wheat,ZW=F
2024-11-11 00:00:00-05:00,572.75,572.75,551.75,565.5,125709.0,0.0,0.0,Wheat,ZW=F
2024-11-12 00:00:00-05:00,564.75,568.75,549.0,552.25,105727.0,0.0,0.0,Wheat,ZW=F
2024-11-13 00:00:00-05:00,553.25,553.75,536.25,541.0,113238.0,0.0,0.0,Wheat,ZW=F
2024-11-14 00:00:00-05:00,540.0,544.25,528.0,530.25,89913.0,0.0,0.0,Wheat,ZW=F
2024-11-15 00:00:00-05:00,532.0,541.25,530.5,536.5,73593.0,0.0,0.0,Wheat,ZW=F
2024-11-18 00:00:00-05:00,541.0,551.0,536.75,547.25,68144.0,0.0,0.0,Wheat,ZW=F
2024-11-19 00:00:00-05:00,547.75,558.75,545.5,549.75,57490.0,0.0,0.0,Wheat,ZW=F
2024-11-20 00:00:00-05:00,549.5,555.25,543.5,552.5,41277.0,0.0,0.0,Wheat,ZW=F
2024-11-21 00:00:00-05:00,552.5,557.5,547.75,548.75,34966.0,0.0,0.0,Wheat,ZW=F
2024-11-22 00:00:00-05:00,548.0,550.5,542.5,544.25,36559.0,0.0,0.0,Wheat,ZW=F
2024-11-25 00:00:00-05:00,544.75,547.5,529.5,535.75,30009.0,0.0,0.0,Wheat,ZW=F
2024-11-26 00:00:00-05:00,535.75,543.5,532.75,539.5,34123.0,0.0,0.0,Wheat,ZW=F
2024-11-27 00:00:00-05:00,538.25,542.75,531.0,537.75,18864.0,0.0,0.0,Wheat,ZW=F
2024-11-29 00:00:00-05:00,535.0,545.25,531.75,532.25,1246.0,0.0,0.0,Wheat,ZW=F
2024-12-02 00:00:00-05:00,536.25,539.5,531.25,537.5,63.0,0.0,0.0,Wheat,ZW=F
2024-12-03 00:00:00-05:00,539.0,544.75,536.75,536.75,47.0,0.0,0.0,Wheat,ZW=F
2024-12-04 00:00:00-05:00,537.25,541.0,535.75,538.0,43.0,0.0,0.0,Wheat,ZW=F
2024-12-05 00:00:00-05:00,537.5,546.75,535.5,546.75,22.0,0.0,0.0,Wheat,ZW=F
2024-12-06 00:00:00-05:00,544.75,546.0,542.5,542.5,27.0,0.0,0.0,Wheat,ZW=F
2024-12-09 00:00:00-05:00,541.25,541.25,541.25,541.25,10.0,0.0,0.0,Wheat,ZW=F
2024-12-10 00:00:00-05:00,545.0,545.0,542.0,542.0,2.0,0.0,0.0,Wheat,ZW=F
2024-12-11 00:00:00-05:00,544.0,552.5,543.5,543.5,56.0,0.0,0.0,Wheat,ZW=F
2024-12-12 00:00:00-05:00,535.0,538.75,533.25,538.75,24.0,0.0,0.0,Wheat,ZW=F
2024-12-13 00:00:00-05:00,526.5,526.5,526.5,526.5,49134.0,0.0,0.0,Wheat,ZW=F
2024-12-16 00:00:00-05:00,552.25,559.25,548.5,550.0,68005.0,0.0,0.0,Wheat,ZW=F
2024-12-17 00:00:00-05:00,550.75,552.5,542.5,545.0,72661.0,0.0,0.0,Wheat,ZW=F
2024-12-18 00:00:00-05:00,545.0,554.25,540.0,541.25,63252.0,0.0,0.0,Wheat,ZW=F
2024-12-19 00:00:00-05:00,541.0,541.75,530.5,533.0,87290.0,0.0,0.0,Wheat,ZW=F
2024-12-20 00:00:00-05:00,532.5,537.25,529.25,533.0,55084.0,0.0,0.0,Wheat,ZW=F
2024-12-23 00:00:00-05:00,533.0,544.0,533.0,540.5,57507.0,0.0,0.0,Wheat,ZW=F
2024-12-24 00:00:00-05:00,539.5,541.5,533.5,534.75,25215.0,0.0,0.0,Wheat,ZW=F
2024-12-26 00:00:00-05:00,534.75,544.0,533.75,541.0,28461.0,0.0,0.0,Wheat,ZW=F
2024-12-27 00:00:00-05:00,542.0,547.75,537.25,546.5,43052.0,0.0,0.0,Wheat,ZW=F
2024-12-30 00:00:00-05:00,547.25,554.75,544.5,548.25,46874.0,0.0,0.0,Wheat,ZW=F
2024-12-31 00:00:00-05:00,548.75,552.75,546.75,551.5,33827.0,0.0,0.0,Wheat,ZW=F
2025-01-02 00:00:00-05:00,551.75,552.75,542.5,545.75,44332.0,0.0,0.0,Wheat,ZW=F
2025-01-03 00:00:00-05:00,545.5,547.0,527.5,529.25,87535.0,0.0,0.0,Wheat,ZW=F
2025-01-06 00:00:00-05:00,530.25,543.75,530.25,540.5,64942.0,0.0,0.0,Wheat,ZW=F
2025-01-07 00:00:00-05:00,540.5,544.25,535.25,542.5,46902.0,0.0,0.0,Wheat,ZW=F
2025-01-08 00:00:00-05:00,542.75,544.75,534.5,536.25,58097.0,0.0,0.0,Wheat,ZW=F
2025-01-09 00:00:00-05:00,535.5,539.25,529.25,534.0,45711.0,0.0,0.0,Wheat,ZW=F
2025-01-10 00:00:00-05:00,533.0,541.25,526.0,530.75,45711.0,0.0,0.0,Wheat,ZW=F
2024-01-03 00:00:00-05:00,375.0,376.25,363.5,367.75,331.0,0.0,0.0,Oats,ZO=F
2024-01-04 00:00:00-05:00,368.0,380.0,361.75,365.0,328.0,0.0,0.0,Oats,ZO=F
2024-01-05 00:00:00-05:00,364.5,367.5,351.25,353.0,411.0,0.0,0.0,Oats,ZO=F
2024-01-08 00:00:00-05:00,357.0,362.75,352.75,361.0,293.0,0.0,0.0,Oats,ZO=F
2024-01-09 00:00:00-05:00,362.5,382.0,362.5,379.5,655.0,0.0,0.0,Oats,ZO=F
2024-01-10 00:00:00-05:00,379.5,389.0,375.5,385.5,574.0,0.0,0.0,Oats,ZO=F
2024-01-11 00:00:00-05:00,382.25,393.0,376.0,383.5,491.0,0.0,0.0,Oats,ZO=F
2024-01-12 00:00:00-05:00,381.75,385.75,368.0,368.75,254.0,0.0,0.0,Oats,ZO=F
2024-01-16 00:00:00-05:00,371.25,372.75,352.0,352.5,762.0,0.0,0.0,Oats,ZO=F
2024-01-17 00:00:00-05:00,353.25,360.75,350.0,353.5,375.0,0.0,0.0,Oats,ZO=F
2024-01-18 00:00:00-05:00,355.25,372.0,350.0,366.75,460.0,0.0,0.0,Oats,ZO=F
2024-01-19 00:00:00-05:00,367.0,384.0,365.25,379.75,497.0,0.0,0.0,Oats,ZO=F
2024-01-22 00:00:00-05:00,379.75,385.0,375.75,378.5,435.0,0.0,0.0,Oats,ZO=F
2024-01-23 00:00:00-05:00,376.0,379.0,365.75,370.25,267.0,0.0,0.0,Oats,ZO=F
2024-01-24 00:00:00-05:00,370.75,371.0,363.0,365.75,319.0,0.0,0.0,Oats,ZO=F
2024-01-25 00:00:00-05:00,368.0,370.25,359.75,364.5,196.0,0.0,0.0,Oats,ZO=F
2024-01-26 00:00:00-05:00,363.5,368.25,360.5,363.75,279.0,0.0,0.0,Oats,ZO=F
2024-01-29 00:00:00-05:00,364.5,368.75,361.0,365.25,232.0,0.0,0.0,Oats,ZO=F
2024-01-30 00:00:00-05:00,367.0,380.0,362.75,377.0,615.0,0.0,0.0,Oats,ZO=F
2024-01-31 00:00:00-05:00,377.0,384.5,374.75,382.5,733.0,0.0,0.0,Oats,ZO=F
2024-02-01 00:00:00-05:00,380.0,385.0,372.75,384.25,536.0,0.0,0.0,Oats,ZO=F
2024-02-02 00:00:00-05:00,384.0,384.0,369.0,371.75,385.0,0.0,0.0,Oats,ZO=F
2024-02-05 00:00:00-05:00,371.5,374.0,365.0,367.5,370.0,0.0,0.0,Oats,ZO=F
2024-02-06 00:00:00-05:00,366.75,381.0,366.25,378.0,406.0,0.0,0.0,Oats,ZO=F
2024-02-07 00:00:00-05:00,377.25,383.5,375.5,382.5,461.0,0.0,0.0,Oats,ZO=F
2024-02-08 00:00:00-05:00,381.0,384.25,372.0,378.75,425.0,0.0,0.0,Oats,ZO=F
2024-02-09 00:00:00-05:00,376.25,380.75,375.0,375.25,186.0,0.0,0.0,Oats,ZO=F
2024-02-12 00:00:00-05:00,379.75,383.5,373.5,378.25,245.0,0.0,0.0,Oats,ZO=F
2024-02-13 00:00:00-05:00,379.75,384.0,378.25,381.75,221.0,0.0,0.0,Oats,ZO=F
2024-02-14 00:00:00-05:00,383.25,383.25,374.25,382.0,234.0,0.0,0.0,Oats,ZO=F
2024-02-15 00:00:00-05:00,377.5,384.75,377.25,382.25,215.0,0.0,0.0,Oats,ZO=F
2024-02-16 00:00:00-05:00,380.25,389.5,379.5,383.25,649.0,0.0,0.0,Oats,ZO=F
2024-02-20 00:00:00-05:00,386.25,386.25,376.75,380.0,688.0,0.0,0.0,Oats,ZO=F
2024-02-21 00:00:00-05:00,379.0,379.75,367.75,370.25,457.0,0.0,0.0,Oats,ZO=F
2024-02-22 00:00:00-05:00,369.5,376.75,362.5,363.0,331.0,0.0,0.0,Oats,ZO=F
2024-02-23 00:00:00-05:00,363.0,367.75,359.75,364.5,443.0,0.0,0.0,Oats,ZO=F
2024-02-26 00:00:00-05:00,365.0,378.75,365.0,375.0,484.0,0.0,0.0,Oats,ZO=F
2024-02-27 00:00:00-05:00,377.75,380.0,371.5,373.0,187.0,0.0,0.0,Oats,ZO=F
2024-02-28 00:00:00-05:00,370.0,379.75,370.0,375.0,97.0,0.0,0.0,Oats,ZO=F
2024-02-29 00:00:00-05:00,365.25,377.5,365.0,377.5,7.0,0.0,0.0,Oats,ZO=F
2024-03-01 00:00:00-05:00,384.75,385.0,378.25,378.25,24.0,0.0,0.0,Oats,ZO=F
2024-03-04 00:00:00-05:00,375.0,375.0,375.0,375.0,2.0,0.0,0.0,Oats,ZO=F
2024-03-05 00:00:00-05:00,368.5,368.5,368.5,368.5,0.0,0.0,0.0,Oats,ZO=F
2024-03-06 00:00:00-05:00,363.5,363.5,363.5,363.5,0.0,0.0,0.0,Oats,ZO=F
2024-03-07 00:00:00-05:00,365.75,365.75,365.75,365.75,0.0,0.0,0.0,Oats,ZO=F
2024-03-08 00:00:00-05:00,369.75,369.75,369.75,369.75,0.0,0.0,0.0,Oats,ZO=F
2024-03-11 00:00:00-04:00,377.75,377.75,377.75,377.75,0.0,0.0,0.0,Oats,ZO=F
2024-03-12 00:00:00-04:00,379.75,379.75,379.75,379.75,0.0,0.0,0.0,Oats,ZO=F
2024-03-13 00:00:00-04:00,380.0,380.0,380.0,380.0,0.0,0.0,0.0,Oats,ZO=F
2024-03-14 00:00:00-04:00,385.0,385.0,385.0,385.0,317.0,0.0,0.0,Oats,ZO=F
2024-03-15 00:00:00-04:00,368.25,372.25,363.75,365.75,242.0,0.0,0.0,Oats,ZO=F
2024-03-18 00:00:00-04:00,366.25,366.5,358.0,358.5,422.0,0.0,0.0,Oats,ZO=F
2024-03-19 00:00:00-04:00,360.0,362.5,356.25,356.5,400.0,0.0,0.0,Oats,ZO=F
2024-03-20 00:00:00-04:00,359.0,360.75,352.75,353.25,657.0,0.0,0.0,Oats,ZO=F
2024-03-21 00:00:00-04:00,354.0,359.0,352.5,353.5,444.0,0.0,0.0,Oats,ZO=F
2024-03-22 00:00:00-04:00,354.0,358.75,353.25,358.25,522.0,0.0,0.0,Oats,ZO=F
2024-03-25 00:00:00-04:00,360.5,362.75,359.25,361.25,237.0,0.0,0.0,Oats,ZO=F
2024-03-26 00:00:00-04:00,362.5,362.5,357.0,357.5,302.0,0.0,0.0,Oats,ZO=F
2024-03-27 00:00:00-04:00,357.25,357.25,352.5,355.0,391.0,0.0,0.0,Oats,ZO=F
2024-03-28 00:00:00-04:00,356.0,360.75,354.75,357.0,493.0,0.0,0.0,Oats,ZO=F
2024-04-01 00:00:00-04:00,357.0,359.25,355.25,355.75,436.0,0.0,0.0,Oats,ZO=F
2024-04-02 00:00:00-04:00,355.75,359.25,351.0,352.75,589.0,0.0,0.0,Oats,ZO=F
2024-04-03 00:00:00-04:00,352.5,353.5,338.5,344.25,777.0,0.0,0.0,Oats,ZO=F
2024-04-04 00:00:00-04:00,345.75,345.75,330.75,336.25,618.0,0.0,0.0,Oats,ZO=F
2024-04-05 00:00:00-04:00,336.0,336.25,329.75,331.25,827.0,0.0,0.0,Oats,ZO=F
2024-04-08 00:00:00-04:00,333.5,335.0,327.75,329.75,1085.0,0.0,0.0,Oats,ZO=F
2024-04-09 00:00:00-04:00,330.25,334.25,328.5,329.75,600.0,0.0,0.0,Oats,ZO=F
2024-04-10 00:00:00-04:00,330.0,340.25,328.5,337.75,509.0,0.0,0.0,Oats,ZO=F
2024-04-11 00:00:00-04:00,339.0,348.0,339.0,347.75,533.0,0.0,0.0,Oats,ZO=F
2024-04-12 00:00:00-04:00,345.5,358.0,344.5,351.5,607.0,0.0,0.0,Oats,ZO=F
2024-04-15 00:00:00-04:00,352.5,363.25,352.5,357.75,513.0,0.0,0.0,Oats,ZO=F
2024-04-16 00:00:00-04:00,357.5,361.75,345.0,346.0,704.0,0.0,0.0,Oats,ZO=F
2024-04-17 00:00:00-04:00,348.5,352.25,339.25,349.25,390.0,0.0,0.0,Oats,ZO=F
2024-04-18 00:00:00-04:00,348.25,358.75,348.25,354.75,364.0,0.0,0.0,Oats,ZO=F
2024-04-19 00:00:00-04:00,355.0,359.0,349.75,358.75,250.0,0.0,0.0,Oats,ZO=F
2024-04-22 00:00:00-04:00,357.0,365.0,353.5,362.5,538.0,0.0,0.0,Oats,ZO=F
2024-04-23 00:00:00-04:00,363.0,369.25,362.25,367.25,378.0,0.0,0.0,Oats,ZO=F
2024-04-24 00:00:00-04:00,367.25,369.0,361.0,367.0,343.0,0.0,0.0,Oats,ZO=F
2024-04-25 00:00:00-04:00,364.75,368.75,356.0,367.0,425.0,0.0,0.0,Oats,ZO=F
2024-04-26 00:00:00-04:00,367.75,373.75,363.5,373.75,253.0,0.0,0.0,Oats,ZO=F
2024-04-29 00:00:00-04:00,377.0,406.75,371.25,371.25,233.0,0.0,0.0,Oats,ZO=F
2024-04-30 00:00:00-04:00,384.0,384.0,371.0,371.0,4.0,0.0,0.0,Oats,ZO=F
2024-05-01 00:00:00-04:00,379.0,379.0,379.0,379.0,0.0,0.0,0.0,Oats,ZO=F
2024-05-02 00:00:00-04:00,388.0,388.0,388.0,388.0,0.0,0.0,0.0,Oats,ZO=F
2024-05-03 00:00:00-04:00,391.0,396.0,391.0,396.0,2.0,0.0,0.0,Oats,ZO=F
2024-05-06 00:00:00-04:00,410.0,410.0,395.0,395.25,15.0,0.0,0.0,Oats,ZO=F
2024-05-07 00:00:00-04:00,397.0,397.0,397.0,397.0,0.0,0.0,0.0,Oats,ZO=F
2024-05-08 00:00:00-04:00,396.25,396.25,396.25,396.25,0.0,0.0,0.0,Oats,ZO=F
2024-05-09 00:00:00-04:00,396.0,396.0,395.0,395.0,9.0,0.0,0.0,Oats,ZO=F
2024-05-10 00:00:00-04:00,396.0,400.0,396.0,399.5,8.0,0.0,0.0,Oats,ZO=F
2024-05-13 00:00:00-04:00,407.0,422.0,407.0,413.75,21.0,0.0,0.0,Oats,ZO=F
2024-05-14 00:00:00-04:00,415.0,415.0,410.75,410.75,578.0,0.0,0.0,Oats,ZO=F
2024-05-15 00:00:00-04:00,421.25,423.0,397.75,397.75,820.0,0.0,0.0,Oats,ZO=F
2024-05-16 00:00:00-04:00,397.5,400.75,383.0,386.0,699.0,0.0,0.0,Oats,ZO=F
2024-05-17 00:00:00-04:00,384.5,387.75,365.0,365.0,991.0,0.0,0.0,Oats,ZO=F
2024-05-20 00:00:00-04:00,367.25,376.75,364.0,365.75,927.0,0.0,0.0,Oats,ZO=F
2024-05-21 00:00:00-04:00,372.0,372.25,361.5,362.0,664.0,0.0,0.0,Oats,ZO=F
2024-05-22 00:00:00-04:00,367.0,374.0,364.75,366.25,433.0,0.0,0.0,Oats,ZO=F
2024-05-23 00:00:00-04:00,369.75,377.5,368.0,369.5,403.0,0.0,0.0,Oats,ZO=F
2024-05-24 00:00:00-04:00,370.0,376.5,369.25,375.75,314.0,0.0,0.0,Oats,ZO=F
2024-05-28 00:00:00-04:00,374.25,384.5,366.25,377.0,893.0,0.0,0.0,Oats,ZO=F
2024-05-29 00:00:00-04:00,378.0,385.0,375.5,384.5,504.0,0.0,0.0,Oats,ZO=F
2024-05-30 00:00:00-04:00,384.25,387.25,378.75,385.75,690.0,0.0,0.0,Oats,ZO=F
2024-05-31 00:00:00-04:00,385.0,387.5,380.75,387.5,634.0,0.0,0.0,Oats,ZO=F
2024-06-03 00:00:00-04:00,386.0,386.0,371.25,374.75,719.0,0.0,0.0,Oats,ZO=F
2024-06-04 00:00:00-04:00,370.25,374.0,365.0,365.5,603.0,0.0,0.0,Oats,ZO=F
2024-06-05 00:00:00-04:00,366.5,373.0,352.25,352.5,680.0,0.0,0.0,Oats,ZO=F
2024-06-06 00:00:00-04:00,354.75,361.0,353.5,359.0,641.0,0.0,0.0,Oats,ZO=F
2024-06-07 00:00:00-04:00,358.5,359.75,347.25,348.0,402.0,0.0,0.0,Oats,ZO=F
2024-06-10 00:00:00-04:00,349.5,349.5,333.0,333.5,676.0,0.0,0.0,Oats,ZO=F
2024-06-11 00:00:00-04:00,338.5,340.75,333.0,334.0,439.0,0.0,0.0,Oats,ZO=F
2024-06-12 00:00:00-04:00,334.0,337.25,330.0,330.75,323.0,0.0,0.0,Oats,ZO=F
2024-06-13 00:00:00-04:00,332.75,333.0,327.25,328.5,648.0,0.0,0.0,Oats,ZO=F
2024-06-14 00:00:00-04:00,330.75,335.25,325.25,328.0,372.0,0.0,0.0,Oats,ZO=F
2024-06-17 00:00:00-04:00,331.0,331.0,310.25,317.5,522.0,0.0,0.0,Oats,ZO=F
2024-06-18 00:00:00-04:00,320.0,330.0,314.5,328.25,572.0,0.0,0.0,Oats,ZO=F
2024-06-20 00:00:00-04:00,327.5,328.5,318.5,319.25,180.0,0.0,0.0,Oats,ZO=F
2024-06-21 00:00:00-04:00,320.0,324.75,300.0,307.0,451.0,0.0,0.0,Oats,ZO=F
2024-06-24 00:00:00-04:00,307.0,316.0,299.75,308.5,356.0,0.0,0.0,Oats,ZO=F
2024-06-25 00:00:00-04:00,308.0,308.0,299.25,304.75,272.0,0.0,0.0,Oats,ZO=F
2024-06-26 00:00:00-04:00,305.25,306.5,291.5,294.5,385.0,0.0,0.0,Oats,ZO=F
2024-06-27 00:00:00-04:00,291.0,314.75,288.5,304.0,482.0,0.0,0.0,Oats,ZO=F
2024-06-28 00:00:00-04:00,305.0,309.75,305.0,309.75,25.0,0.0,0.0,Oats,ZO=F
2024-07-01 00:00:00-04:00,316.0,316.0,316.0,316.0,25.0,0.0,0.0,Oats,ZO=F
2024-07-02 00:00:00-04:00,313.0,314.5,313.0,314.5,11.0,0.0,0.0,Oats,ZO=F
2024-07-03 00:00:00-04:00,311.25,311.25,311.25,311.25,11.0,0.0,0.0,Oats,ZO=F
2024-07-05 00:00:00-04:00,317.25,317.25,317.25,317.25,11.0,0.0,0.0,Oats,ZO=F
2024-07-08 00:00:00-04:00,312.5,312.5,312.5,312.5,11.0,0.0,0.0,Oats,ZO=F
2024-07-09 00:00:00-04:00,308.0,340.0,308.0,308.25,10.0,0.0,0.0,Oats,ZO=F
2024-07-10 00:00:00-04:00,310.0,310.0,310.0,310.0,10.0,0.0,0.0,Oats,ZO=F
2024-07-11 00:00:00-04:00,325.0,325.0,325.0,325.0,10.0,0.0,0.0,Oats,ZO=F
2024-07-12 00:00:00-04:00,327.0,327.0,327.0,327.0,269.0,0.0,0.0,Oats,ZO=F
2024-07-15 00:00:00-04:00,320.25,321.0,311.25,317.75,185.0,0.0,0.0,Oats,ZO=F
2024-07-16 00:00:00-04:00,317.0,322.75,310.75,312.0,240.0,0.0,0.0,Oats,ZO=F
2024-07-17 00:00:00-04:00,316.0,332.0,316.0,324.75,308.0,0.0,0.0,Oats,ZO=F
2024-07-18 00:00:00-04:00,327.5,330.75,327.0,330.5,174.0,0.0,0.0,Oats,ZO=F
2024-07-19 00:00:00-04:00,330.5,337.0,327.5,336.75,140.0,0.0,0.0,Oats,ZO=F
2024-07-22 00:00:00-04:00,336.5,348.5,336.5,345.25,332.0,0.0,0.0,Oats,ZO=F
2024-07-23 00:00:00-04:00,345.5,347.75,337.75,341.0,199.0,0.0,0.0,Oats,ZO=F
2024-07-24 00:00:00-04:00,339.0,342.0,330.5,332.75,190.0,0.0,0.0,Oats,ZO=F
2024-07-25 00:00:00-04:00,330.0,334.25,321.5,329.0,163.0,0.0,0.0,Oats,ZO=F
2024-07-26 00:00:00-04:00,331.25,334.75,317.0,322.25,127.0,0.0,0.0,Oats,ZO=F
2024-07-29 00:00:00-04:00,322.75,324.75,313.25,323.25,190.0,0.0,0.0,Oats,ZO=F
2024-07-30 00:00:00-04:00,324.0,330.75,316.5,326.0,268.0,0.0,0.0,Oats,ZO=F
2024-07-31 00:00:00-04:00,326.25,330.25,324.0,326.25,329.0,0.0,0.0,Oats,ZO=F
2024-08-01 00:00:00-04:00,327.0,327.5,321.25,322.5,314.0,0.0,0.0,Oats,ZO=F
2024-08-02 00:00:00-04:00,320.75,326.5,317.75,325.75,195.0,0.0,0.0,Oats,ZO=F
2024-08-05 00:00:00-04:00,324.25,328.5,319.25,323.25,145.0,0.0,0.0,Oats,ZO=F
2024-08-06 00:00:00-04:00,321.0,331.75,319.75,330.25,195.0,0.0,0.0,Oats,ZO=F
2024-08-07 00:00:00-04:00,323.25,332.0,323.25,328.75,122.0,0.0,0.0,Oats,ZO=F
2024-08-08 00:00:00-04:00,329.5,336.0,326.75,329.75,193.0,0.0,0.0,Oats,ZO=F
2024-08-09 00:00:00-04:00,327.25,328.5,319.75,322.0,140.0,0.0,0.0,Oats,ZO=F
2024-08-12 00:00:00-04:00,325.25,327.75,318.0,320.25,174.0,0.0,0.0,Oats,ZO=F
2024-08-13 00:00:00-04:00,318.25,323.0,315.5,322.5,203.0,0.0,0.0,Oats,ZO=F
2024-08-14 00:00:00-04:00,320.5,329.75,316.5,320.75,200.0,0.0,0.0,Oats,ZO=F
2024-08-15 00:00:00-04:00,323.5,323.5,316.75,318.25,92.0,0.0,0.0,Oats,ZO=F
2024-08-16 00:00:00-04:00,319.75,323.25,319.5,319.5,25.0,0.0,0.0,Oats,ZO=F
2024-08-19 00:00:00-04:00,319.0,322.75,308.0,320.75,74.0,0.0,0.0,Oats,ZO=F
2024-08-20 00:00:00-04:00,319.25,332.0,319.25,330.5,117.0,0.0,0.0,Oats,ZO=F
2024-08-21 00:00:00-04:00,328.75,335.5,327.0,327.0,219.0,0.0,0.0,Oats,ZO=F
2024-08-22 00:00:00-04:00,329.75,330.0,312.5,321.25,133.0,0.0,0.0,Oats,ZO=F
2024-08-23 00:00:00-04:00,316.5,326.0,314.0,325.0,147.0,0.0,0.0,Oats,ZO=F
2024-08-26 00:00:00-04:00,316.0,321.5,315.0,321.0,128.0,0.0,0.0,Oats,ZO=F
2024-08-27 00:00:00-04:00,319.0,330.0,319.0,324.0,161.0,0.0,0.0,Oats,ZO=F
2024-08-28 00:00:00-04:00,322.0,343.25,322.0,340.25,116.0,0.0,0.0,Oats,ZO=F
2024-08-29 00:00:00-04:00,340.0,356.5,329.25,349.0,145.0,0.0,0.0,Oats,ZO=F
2024-08-30 00:00:00-04:00,328.75,328.75,328.75,328.75,25.0,0.0,0.0,Oats,ZO=F
2024-09-03 00:00:00-04:00,338.0,338.0,338.0,338.0,4.0,0.0,0.0,Oats,ZO=F
2024-09-04 00:00:00-04:00,347.75,347.75,347.75,347.75,4.0,0.0,0.0,Oats,ZO=F
2024-09-05 00:00:00-04:00,349.5,349.5,349.5,349.5,4.0,0.0,0.0,Oats,ZO=F
2024-09-06 00:00:00-04:00,343.0,343.0,343.0,343.0,4.0,0.0,0.0,Oats,ZO=F
2024-09-09 00:00:00-04:00,352.25,352.25,352.25,352.25,4.0,0.0,0.0,Oats,ZO=F
2024-09-10 00:00:00-04:00,358.25,358.25,358.25,358.25,4.0,0.0,0.0,Oats,ZO=F
2024-09-11 00:00:00-04:00,358.75,358.75,358.75,358.75,4.0,0.0,0.0,Oats,ZO=F
2024-09-12 00:00:00-04:00,365.0,366.25,365.0,366.25,2.0,0.0,0.0,Oats,ZO=F
2024-09-13 00:00:00-04:00,366.25,366.25,366.25,366.25,909.0,0.0,0.0,Oats,ZO=F
2024-09-16 00:00:00-04:00,377.0,378.75,354.25,363.25,960.0,0.0,0.0,Oats,ZO=F
2024-09-17 00:00:00-04:00,355.75,362.5,348.25,351.25,854.0,0.0,0.0,Oats,ZO=F
2024-09-18 00:00:00-04:00,352.25,359.75,348.5,355.25,489.0,0.0,0.0,Oats,ZO=F
2024-09-19 00:00:00-04:00,356.75,366.25,356.75,364.5,738.0,0.0,0.0,Oats,ZO=F
2024-09-20 00:00:00-04:00,364.0,372.5,364.0,367.0,327.0,0.0,0.0,Oats,ZO=F
2024-09-23 00:00:00-04:00,370.75,379.75,367.25,368.75,710.0,0.0,0.0,Oats,ZO=F
2024-09-24 00:00:00-04:00,368.0,374.25,361.75,365.0,378.0,0.0,0.0,Oats,ZO=F
2024-09-25 00:00:00-04:00,363.0,375.0,357.25,371.25,346.0,0.0,0.0,Oats,ZO=F
2024-09-26 00:00:00-04:00,369.25,387.25,369.0,380.0,708.0,0.0,0.0,Oats,ZO=F
2024-09-27 00:00:00-04:00,382.0,387.5,381.0,384.75,579.0,0.0,0.0,Oats,ZO=F
2024-09-30 00:00:00-04:00,383.0,393.75,382.25,392.5,409.0,0.0,0.0,Oats,ZO=F
2024-10-01 00:00:00-04:00,394.0,395.5,385.0,388.0,380.0,0.0,0.0,Oats,ZO=F
2024-10-02 00:00:00-04:00,385.25,392.0,378.0,389.75,460.0,0.0,0.0,Oats,ZO=F
2024-10-03 00:00:00-04:00,390.0,392.5,378.25,383.75,513.0,0.0,0.0,Oats,ZO=F
2024-10-04 00:00:00-04:00,380.25,389.5,373.25,388.25,578.0,0.0,0.0,Oats,ZO=F
2024-10-07 00:00:00-04:00,387.0,397.5,385.0,395.75,428.0,0.0,0.0,Oats,ZO=F
2024-10-08 00:00:00-04:00,393.0,396.75,380.75,389.0,659.0,0.0,0.0,Oats,ZO=F
2024-10-09 00:00:00-04:00,389.25,390.0,376.75,387.25,543.0,0.0,0.0,Oats,ZO=F
2024-10-10 00:00:00-04:00,388.25,394.0,381.5,384.0,761.0,0.0,0.0,Oats,ZO=F
2024-10-11 00:00:00-04:00,382.75,388.75,378.25,379.75,505.0,0.0,0.0,Oats,ZO=F
2024-10-14 00:00:00-04:00,380.0,384.0,370.5,372.75,625.0,0.0,0.0,Oats,ZO=F
2024-10-15 00:00:00-04:00,372.0,379.75,369.5,377.0,846.0,0.0,0.0,Oats,ZO=F
2024-10-16 00:00:00-04:00,378.75,388.0,376.75,379.0,621.0,0.0,0.0,Oats,ZO=F
2024-10-17 00:00:00-04:00,378.0,389.75,376.75,388.25,391.0,0.0,0.0,Oats,ZO=F
2024-10-18 00:00:00-04:00,389.25,389.75,382.0,382.5,226.0,0.0,0.0,Oats,ZO=F
2024-10-21 00:00:00-04:00,382.5,389.0,376.25,379.5,373.0,0.0,0.0,Oats,ZO=F
2024-10-22 00:00:00-04:00,377.0,384.75,374.25,383.0,486.0,0.0,0.0,Oats,ZO=F
2024-10-23 00:00:00-04:00,381.0,382.25,377.0,380.5,273.0,0.0,0.0,Oats,ZO=F
2024-10-24 00:00:00-04:00,380.0,383.75,373.5,376.75,426.0,0.0,0.0,Oats,ZO=F
2024-10-25 00:00:00-04:00,379.0,381.5,376.5,380.25,1264.0,0.0,0.0,Oats,ZO=F
2024-10-28 00:00:00-04:00,378.0,383.0,374.75,379.75,454.0,0.0,0.0,Oats,ZO=F
2024-10-29 00:00:00-04:00,379.0,388.0,378.5,384.0,417.0,0.0,0.0,Oats,ZO=F
2024-10-30 00:00:00-04:00,384.0,392.5,383.75,390.75,471.0,0.0,0.0,Oats,ZO=F
2024-10-31 00:00:00-04:00,391.0,403.75,387.75,394.5,1172.0,0.0,0.0,Oats,ZO=F
2024-11-01 00:00:00-04:00,394.5,400.5,394.25,399.25,648.0,0.0,0.0,Oats,ZO=F
2024-11-04 00:00:00-05:00,397.5,408.0,389.5,390.0,927.0,0.0,0.0,Oats,ZO=F
2024-11-05 00:00:00-05:00,390.5,395.0,387.25,391.25,628.0,0.0,0.0,Oats,ZO=F
2024-11-06 00:00:00-05:00,391.75,393.0,383.5,391.75,440.0,0.0,0.0,Oats,ZO=F
2024-11-07 00:00:00-05:00,391.0,391.0,379.5,383.25,627.0,0.0,0.0,Oats,ZO=F
2024-11-08 00:00:00-05:00,384.5,385.0,359.25,361.5,950.0,0.0,0.0,Oats,ZO=F
2024-11-11 00:00:00-05:00,361.5,361.5,341.5,345.75,914.0,0.0,0.0,Oats,ZO=F
2024-11-12 00:00:00-05:00,345.25,350.0,338.25,345.0,923.0,0.0,0.0,Oats,ZO=F
2024-11-13 00:00:00-05:00,343.5,345.0,336.0,342.0,614.0,0.0,0.0,Oats,ZO=F
2024-11-14 00:00:00-05:00,344.0,357.0,342.25,348.5,745.0,0.0,0.0,Oats,ZO=F
2024-11-15 00:00:00-05:00,353.25,359.25,348.5,356.75,365.0,0.0,0.0,Oats,ZO=F
2024-11-18 00:00:00-05:00,357.5,372.25,353.75,363.75,532.0,0.0,0.0,Oats,ZO=F
2024-11-19 00:00:00-05:00,367.25,369.5,338.75,344.75,415.0,0.0,0.0,Oats,ZO=F
2024-11-20 00:00:00-05:00,345.0,354.25,336.75,344.75,235.0,0.0,0.0,Oats,ZO=F
2024-11-21 00:00:00-05:00,347.5,352.0,343.25,346.25,237.0,0.0,0.0,Oats,ZO=F
2024-11-22 00:00:00-05:00,343.0,352.25,343.0,349.25,68.0,0.0,0.0,Oats,ZO=F
2024-11-25 00:00:00-05:00,349.75,350.0,345.0,345.0,332.0,0.0,0.0,Oats,ZO=F
2024-11-26 00:00:00-05:00,348.25,358.25,347.0,347.75,423.0,0.0,0.0,Oats,ZO=F
2024-11-27 00:00:00-05:00,348.25,352.0,332.25,334.25,195.0,0.0,0.0,Oats,ZO=F
2024-11-29 00:00:00-05:00,332.25,337.5,332.25,337.5,13.0,0.0,0.0,Oats,ZO=F
2024-12-02 00:00:00-05:00,343.5,348.5,343.5,348.5,4.0,0.0,0.0,Oats,ZO=F
2024-12-03 00:00:00-05:00,351.0,356.75,351.0,356.75,1.0,0.0,0.0,Oats,ZO=F
2024-12-04 00:00:00-05:00,356.0,356.0,356.0,356.0,0.0,0.0,0.0,Oats,ZO=F
2024-12-05 00:00:00-05:00,341.5,341.5,341.5,341.5,6.0,0.0,0.0,Oats,ZO=F
2024-12-06 00:00:00-05:00,336.75,336.75,336.75,336.75,0.0,0.0,0.0,Oats,ZO=F
2024-12-09 00:00:00-05:00,348.25,348.25,332.0,332.0,5.0,0.0,0.0,Oats,ZO=F
2024-12-10 00:00:00-05:00,331.25,331.25,331.25,331.25,5.0,0.0,0.0,Oats,ZO=F
2024-12-11 00:00:00-05:00,334.75,334.75,334.75,334.75,1.0,0.0,0.0,Oats,ZO=F
2024-12-12 00:00:00-05:00,339.25,339.25,339.25,339.25,1.0,0.0,0.0,Oats,ZO=F
2024-12-13 00:00:00-05:00,340.5,340.5,340.5,340.5,430.0,0.0,0.0,Oats,ZO=F
2024-12-16 00:00:00-05:00,368.5,369.0,364.75,368.0,280.0,0.0,0.0,Oats,ZO=F
2024-12-17 00:00:00-05:00,367.0,367.75,357.25,364.0,168.0,0.0,0.0,Oats,ZO=F
2024-12-18 00:00:00-05:00,361.0,366.25,356.0,359.5,369.0,0.0,0.0,Oats,ZO=F
2024-12-19 00:00:00-05:00,358.0,363.25,355.25,355.75,253.0,0.0,0.0,Oats,ZO=F
2024-12-20 00:00:00-05:00,355.75,359.5,351.0,351.25,463.0,0.0,0.0,Oats,ZO=F
2024-12-23 00:00:00-05:00,351.0,355.75,340.0,341.0,482.0,0.0,0.0,Oats,ZO=F
2024-12-24 00:00:00-05:00,341.25,344.0,332.25,332.5,514.0,0.0,0.0,Oats,ZO=F
2024-12-26 00:00:00-05:00,333.75,338.0,329.75,330.5,486.0,0.0,0.0,Oats,ZO=F
2024-12-27 00:00:00-05:00,330.25,330.25,317.5,318.0,565.0,0.0,0.0,Oats,ZO=F
2024-12-30 00:00:00-05:00,320.5,332.0,319.5,324.0,606.0,0.0,0.0,Oats,ZO=F
2024-12-31 00:00:00-05:00,326.25,334.75,326.25,330.5,404.0,0.0,0.0,Oats,ZO=F
2025-01-02 00:00:00-05:00,330.5,334.25,326.25,329.5,364.0,0.0,0.0,Oats,ZO=F
2025-01-03 00:00:00-05:00,331.0,332.0,322.0,322.25,305.0,0.0,0.0,Oats,ZO=F
2025-01-06 00:00:00-05:00,324.25,336.0,322.0,331.0,360.0,0.0,0.0,Oats,ZO=F
2025-01-07 00:00:00-05:00,335.75,335.75,325.25,326.0,353.0,0.0,0.0,Oats,ZO=F
2025-01-08 00:00:00-05:00,326.75,333.0,323.5,324.0,234.0,0.0,0.0,Oats,ZO=F
2025-01-09 00:00:00-05:00,326.75,328.25,320.5,322.5,384.0,0.0,0.0,Oats,ZO=F
2025-01-10 00:00:00-05:00,322.5,331.75,322.5,328.5,384.0,0.0,0.0,Oats,ZO=F
2024-01-03 00:00:00-05:00,1763.5,1768.0,1692.0,1692.0,188.0,0.0,0.0,Rough Rice,ZR=F
2024-01-04 00:00:00-05:00,1697.0,1697.0,1684.0,1692.5,26.0,0.0,0.0,Rough Rice,ZR=F
2024-01-05 00:00:00-05:00,1697.5,1725.0,1690.5,1725.0,95.0,0.0,0.0,Rough Rice,ZR=F
2024-01-08 00:00:00-05:00,1703.0,1713.0,1703.0,1713.0,19.0,0.0,0.0,Rough Rice,ZR=F
2024-01-09 00:00:00-05:00,1710.5,1722.5,1709.0,1722.5,12.0,0.0,0.0,Rough Rice,ZR=F
2024-01-10 00:00:00-05:00,1720.0,1723.0,1707.5,1713.0,49.0,0.0,0.0,Rough Rice,ZR=F
2024-01-11 00:00:00-05:00,1720.0,1720.0,1713.5,1716.0,106.0,0.0,0.0,Rough Rice,ZR=F
2024-01-12 00:00:00-05:00,1717.0,1723.5,1717.0,1723.5,505.0,0.0,0.0,Rough Rice,ZR=F
2024-01-16 00:00:00-05:00,1767.0,1774.5,1750.5,1755.5,487.0,0.0,0.0,Rough Rice,ZR=F
2024-01-17 00:00:00-05:00,1754.0,1769.0,1754.0,1764.5,335.0,0.0,0.0,Rough Rice,ZR=F
2024-01-18 00:00:00-05:00,1760.0,1773.0,1757.5,1760.0,352.0,0.0,0.0,Rough Rice,ZR=F
2024-01-19 00:00:00-05:00,1762.5,1772.0,1755.5,1763.5,462.0,0.0,0.0,Rough Rice,ZR=F
2024-01-22 00:00:00-05:00,1768.5,1769.0,1751.0,1755.5,358.0,0.0,0.0,Rough Rice,ZR=F
2024-01-23 00:00:00-05:00,1755.5,1756.0,1742.0,1743.5,496.0,0.0,0.0,Rough Rice,ZR=F
2024-01-24 00:00:00-05:00,1745.0,1780.0,1745.0,1777.5,813.0,0.0,0.0,Rough Rice,ZR=F
2024-01-25 00:00:00-05:00,1778.0,1806.0,1772.0,1796.5,1347.0,0.0,0.0,Rough Rice,ZR=F
2024-01-26 00:00:00-05:00,1796.0,1801.5,1787.0,1798.5,693.0,0.0,0.0,Rough Rice,ZR=F
2024-01-29 00:00:00-05:00,1795.5,1817.0,1790.5,1809.0,706.0,0.0,0.0,Rough Rice,ZR=F
2024-01-30 00:00:00-05:00,1808.0,1829.5,1795.0,1817.5,812.0,0.0,0.0,Rough Rice,ZR=F
2024-01-31 00:00:00-05:00,1814.0,1827.5,1785.0,1786.5,997.0,0.0,0.0,Rough Rice,ZR=F
2024-02-01 00:00:00-05:00,1803.0,1819.0,1788.5,1810.5,885.0,0.0,0.0,Rough Rice,ZR=F
2024-02-02 00:00:00-05:00,1808.0,1848.0,1808.0,1843.5,833.0,0.0,0.0,Rough Rice,ZR=F
2024-02-05 00:00:00-05:00,1839.5,1845.5,1826.0,1831.0,1071.0,0.0,0.0,Rough Rice,ZR=F
2024-02-06 00:00:00-05:00,1834.0,1858.0,1834.0,1857.5,667.0,0.0,0.0,Rough Rice,ZR=F
2024-02-07 00:00:00-05:00,1853.0,1858.0,1836.0,1848.5,564.0,0.0,0.0,Rough Rice,ZR=F
2024-02-08 00:00:00-05:00,1844.5,1869.5,1844.5,1865.0,726.0,0.0,0.0,Rough Rice,ZR=F
2024-02-09 00:00:00-05:00,1865.5,1897.5,1865.5,1892.0,1453.0,0.0,0.0,Rough Rice,ZR=F
2024-02-12 00:00:00-05:00,1888.0,1919.0,1855.0,1862.5,1186.0,0.0,0.0,Rough Rice,ZR=F
2024-02-13 00:00:00-05:00,1857.5,1874.0,1830.0,1836.5,1054.0,0.0,0.0,Rough Rice,ZR=F
2024-02-14 00:00:00-05:00,1833.0,1874.0,1831.0,1862.0,1378.0,0.0,0.0,Rough Rice,ZR=F
2024-02-15 00:00:00-05:00,1862.0,1889.5,1849.5,1863.0,1456.0,0.0,0.0,Rough Rice,ZR=F
2024-02-16 00:00:00-05:00,1856.0,1865.5,1825.0,1832.0,1377.0,0.0,0.0,Rough Rice,ZR=F
2024-02-20 00:00:00-05:00,1832.0,1841.0,1808.0,1817.5,1312.0,0.0,0.0,Rough Rice,ZR=F
2024-02-21 00:00:00-05:00,1818.0,1831.5,1810.0,1824.5,718.0,0.0,0.0,Rough Rice,ZR=F
2024-02-22 00:00:00-05:00,1828.5,1861.5,1792.0,1852.0,1199.0,0.0,0.0,Rough Rice,ZR=F
2024-02-23 00:00:00-05:00,1851.5,1872.5,1813.5,1860.0,613.0,0.0,0.0,Rough Rice,ZR=F
2024-02-26 00:00:00-05:00,1852.0,1859.0,1822.5,1828.0,419.0,0.0,0.0,Rough Rice,ZR=F
2024-02-27 00:00:00-05:00,1825.5,1825.5,1787.0,1798.5,311.0,0.0,0.0,Rough Rice,ZR=F
2024-02-28 00:00:00-05:00,1803.0,1806.5,1787.5,1794.0,888.0,0.0,0.0,Rough Rice,ZR=F
2024-02-29 00:00:00-05:00,1790.0,1793.0,1787.0,1787.0,64.0,0.0,0.0,Rough Rice,ZR=F
2024-03-01 00:00:00-05:00,1822.0,1822.0,1822.0,1822.0,3.0,0.0,0.0,Rough Rice,ZR=F
2024-03-04 00:00:00-05:00,1818.5,1818.5,1794.5,1794.5,2.0,0.0,0.0,Rough Rice,ZR=F
2024-03-05 00:00:00-05:00,1793.0,1793.0,1772.0,1772.0,12.0,0.0,0.0,Rough Rice,ZR=F
2024-03-06 00:00:00-05:00,1770.0,1770.0,1754.5,1754.5,29.0,0.0,0.0,Rough Rice,ZR=F
2024-03-07 00:00:00-05:00,1752.5,1752.5,1744.0,1744.0,14.0,0.0,0.0,Rough Rice,ZR=F
2024-03-08 00:00:00-05:00,1751.0,1751.0,1751.0,1751.0,11.0,0.0,0.0,Rough Rice,ZR=F
2024-03-11 00:00:00-04:00,1744.5,1744.5,1744.5,1744.5,36.0,0.0,0.0,Rough Rice,ZR=F
2024-03-12 00:00:00-04:00,1750.0,1750.0,1750.0,1750.0,35.0,0.0,0.0,Rough Rice,ZR=F
2024-03-13 00:00:00-04:00,1761.5,1761.5,1761.5,1761.5,35.0,0.0,0.0,Rough Rice,ZR=F
2024-03-14 00:00:00-04:00,1753.5,1753.5,1753.5,1753.5,558.0,0.0,0.0,Rough Rice,ZR=F
2024-03-15 00:00:00-04:00,1786.5,1788.5,1781.0,1782.0,442.0,0.0,0.0,Rough Rice,ZR=F
2024-03-18 00:00:00-04:00,1785.0,1785.0,1774.0,1777.0,552.0,0.0,0.0,Rough Rice,ZR=F
2024-03-19 00:00:00-04:00,1778.0,1784.0,1770.5,1773.0,385.0,0.0,0.0,Rough Rice,ZR=F
2024-03-20 00:00:00-04:00,1772.5,1773.0,1768.0,1769.5,383.0,0.0,0.0,Rough Rice,ZR=F
2024-03-21 00:00:00-04:00,1768.5,1768.5,1750.5,1751.5,1168.0,0.0,0.0,Rough Rice,ZR=F
2024-03-22 00:00:00-04:00,1753.5,1757.5,1734.0,1734.5,961.0,0.0,0.0,Rough Rice,ZR=F
2024-03-25 00:00:00-04:00,1734.5,1744.0,1685.0,1704.5,1390.0,0.0,0.0,Rough Rice,ZR=F
2024-03-26 00:00:00-04:00,1718.0,1718.0,1677.5,1680.0,798.0,0.0,0.0,Rough Rice,ZR=F
2024-03-27 00:00:00-04:00,1679.0,1680.0,1656.5,1658.5,1176.0,0.0,0.0,Rough Rice,ZR=F
2024-03-28 00:00:00-04:00,1661.0,1671.5,1633.5,1636.0,1360.0,0.0,0.0,Rough Rice,ZR=F
2024-04-01 00:00:00-04:00,1639.0,1649.5,1626.0,1629.5,669.0,0.0,0.0,Rough Rice,ZR=F
2024-04-02 00:00:00-04:00,1637.0,1637.0,1606.0,1608.0,1055.0,0.0,0.0,Rough Rice,ZR=F
2024-04-03 00:00:00-04:00,1615.0,1659.5,1601.5,1651.0,1399.0,0.0,0.0,Rough Rice,ZR=F
2024-04-04 00:00:00-04:00,1639.0,1650.0,1618.0,1620.0,911.0,0.0,0.0,Rough Rice,ZR=F
2024-04-05 00:00:00-04:00,1623.5,1634.0,1615.5,1616.0,700.0,0.0,0.0,Rough Rice,ZR=F
2024-04-08 00:00:00-04:00,1623.0,1632.5,1606.0,1611.5,795.0,0.0,0.0,Rough Rice,ZR=F
2024-04-09 00:00:00-04:00,1607.0,1665.0,1606.5,1661.5,1069.0,0.0,0.0,Rough Rice,ZR=F
2024-04-10 00:00:00-04:00,1668.0,1748.0,1661.5,1715.0,1408.0,0.0,0.0,Rough Rice,ZR=F
2024-04-11 00:00:00-04:00,1708.0,1725.0,1674.5,1687.0,710.0,0.0,0.0,Rough Rice,ZR=F
2024-04-12 00:00:00-04:00,1686.0,1738.0,1669.5,1723.0,606.0,0.0,0.0,Rough Rice,ZR=F
2024-04-15 00:00:00-04:00,1725.0,1833.0,1725.0,1833.0,1358.0,0.0,0.0,Rough Rice,ZR=F
2024-04-16 00:00:00-04:00,1842.0,1892.0,1820.0,1836.5,1665.0,0.0,0.0,Rough Rice,ZR=F
2024-04-17 00:00:00-04:00,1838.5,1895.0,1837.0,1883.0,1408.0,0.0,0.0,Rough Rice,ZR=F
2024-04-18 00:00:00-04:00,1879.5,1906.5,1875.0,1901.5,924.0,0.0,0.0,Rough Rice,ZR=F
2024-04-19 00:00:00-04:00,1903.5,1936.0,1880.5,1900.0,835.0,0.0,0.0,Rough Rice,ZR=F
2024-04-22 00:00:00-04:00,1889.0,1920.5,1850.0,1896.5,485.0,0.0,0.0,Rough Rice,ZR=F
2024-04-23 00:00:00-04:00,1899.5,1925.0,1890.0,1919.5,405.0,0.0,0.0,Rough Rice,ZR=F
2024-04-24 00:00:00-04:00,1899.5,1922.0,1895.5,1920.0,295.0,0.0,0.0,Rough Rice,ZR=F
2024-04-25 00:00:00-04:00,1917.0,1921.0,1890.0,1908.5,192.0,0.0,0.0,Rough Rice,ZR=F
2024-04-26 00:00:00-04:00,1904.5,1916.0,1877.0,1881.0,272.0,0.0,0.0,Rough Rice,ZR=F
2024-04-29 00:00:00-04:00,1890.5,1913.5,1890.0,1910.0,324.0,0.0,0.0,Rough Rice,ZR=F
2024-04-30 00:00:00-04:00,1910.5,1915.0,1885.0,1889.0,145.0,0.0,0.0,Rough Rice,ZR=F
2024-05-01 00:00:00-04:00,1908.5,1916.5,1897.0,1897.0,22.0,0.0,0.0,Rough Rice,ZR=F
2024-05-02 00:00:00-04:00,1844.5,1844.5,1817.0,1817.0,5.0,0.0,0.0,Rough Rice,ZR=F
2024-05-03 00:00:00-04:00,1865.0,1874.0,1865.0,1874.0,1.0,0.0,0.0,Rough Rice,ZR=F
2024-05-06 00:00:00-04:00,1840.0,1842.0,1818.0,1840.5,12.0,0.0,0.0,Rough Rice,ZR=F
2024-05-07 00:00:00-04:00,1840.5,1840.5,1829.5,1829.5,1.0,0.0,0.0,Rough Rice,ZR=F
2024-05-08 00:00:00-04:00,1831.5,1831.5,1831.5,1831.5,0.0,0.0,0.0,Rough Rice,ZR=F
2024-05-09 00:00:00-04:00,1868.5,1868.5,1868.5,1868.5,0.0,0.0,0.0,Rough Rice,ZR=F
2024-05-10 00:00:00-04:00,1876.0,1925.5,1876.0,1925.5,2.0,0.0,0.0,Rough Rice,ZR=F
2024-05-13 00:00:00-04:00,1925.0,1925.0,1870.5,1870.5,10.0,0.0,0.0,Rough Rice,ZR=F
2024-05-14 00:00:00-04:00,1871.5,1871.5,1871.5,1871.5,360.0,0.0,0.0,Rough Rice,ZR=F
2024-05-15 00:00:00-04:00,1890.0,1916.0,1873.0,1911.0,270.0,0.0,0.0,Rough Rice,ZR=F
2024-05-16 00:00:00-04:00,1903.5,1918.0,1883.0,1910.0,272.0,0.0,0.0,Rough Rice,ZR=F
2024-05-17 00:00:00-04:00,1909.0,1914.5,1872.5,1875.5,291.0,0.0,0.0,Rough Rice,ZR=F
2024-05-20 00:00:00-04:00,1877.0,1886.5,1870.0,1885.0,326.0,0.0,0.0,Rough Rice,ZR=F
2024-05-21 00:00:00-04:00,1883.0,1883.5,1856.5,1859.0,332.0,0.0,0.0,Rough Rice,ZR=F
2024-05-22 00:00:00-04:00,1858.0,1880.0,1856.5,1875.0,344.0,0.0,0.0,Rough Rice,ZR=F
2024-05-23 00:00:00-04:00,1881.5,1900.5,1838.0,1848.5,522.0,0.0,0.0,Rough Rice,ZR=F
2024-05-24 00:00:00-04:00,1846.0,1848.5,1830.0,1834.0,587.0,0.0,0.0,Rough Rice,ZR=F
2024-05-28 00:00:00-04:00,1846.0,1859.5,1805.0,1809.0,681.0,0.0,0.0,Rough Rice,ZR=F
2024-05-29 00:00:00-04:00,1808.0,1814.0,1781.0,1784.0,867.0,0.0,0.0,Rough Rice,ZR=F
2024-05-30 00:00:00-04:00,1782.0,1791.0,1773.0,1783.0,767.0,0.0,0.0,Rough Rice,ZR=F
2024-05-31 00:00:00-04:00,1781.0,1793.5,1766.0,1767.0,685.0,0.0,0.0,Rough Rice,ZR=F
2024-06-03 00:00:00-04:00,1772.5,1775.0,1748.0,1750.0,1342.0,0.0,0.0,Rough Rice,ZR=F
2024-06-04 00:00:00-04:00,1758.0,1780.0,1751.0,1757.5,773.0,0.0,0.0,Rough Rice,ZR=F
2024-06-05 00:00:00-04:00,1759.5,1773.0,1741.0,1741.5,716.0,0.0,0.0,Rough Rice,ZR=F
2024-06-06 00:00:00-04:00,1745.0,1850.0,1743.5,1826.0,894.0,0.0,0.0,Rough Rice,ZR=F
2024-06-07 00:00:00-04:00,1819.5,1861.5,1796.0,1817.0,841.0,0.0,0.0,Rough Rice,ZR=F
2024-06-10 00:00:00-04:00,1828.0,1828.0,1763.0,1772.0,656.0,0.0,0.0,Rough Rice,ZR=F
2024-06-11 00:00:00-04:00,1778.0,1780.0,1752.5,1754.5,374.0,0.0,0.0,Rough Rice,ZR=F
2024-06-12 00:00:00-04:00,1756.0,1838.5,1756.0,1822.5,348.0,0.0,0.0,Rough Rice,ZR=F
2024-06-13 00:00:00-04:00,1822.5,1861.5,1818.0,1854.5,776.0,0.0,0.0,Rough Rice,ZR=F
2024-06-14 00:00:00-04:00,1864.0,1872.5,1811.0,1818.5,535.0,0.0,0.0,Rough Rice,ZR=F
2024-06-17 00:00:00-04:00,18.18000030517578,18.270000457763672,17.604999542236328,17.684999465942383,678.0,0.0,0.0,Rough Rice,ZR=F
2024-06-18 00:00:00-04:00,1768.0,1820.0,1764.0,1816.0,196.0,0.0,0.0,Rough Rice,ZR=F
2024-06-20 00:00:00-04:00,1810.0,1816.0,1796.5,1799.5,314.0,0.0,0.0,Rough Rice,ZR=F
2024-06-21 00:00:00-04:00,1800.0,1823.0,1797.0,1820.0,215.0,0.0,0.0,Rough Rice,ZR=F
2024-06-24 00:00:00-04:00,1820.0,1865.5,1819.5,1851.5,237.0,0.0,0.0,Rough Rice,ZR=F
2024-06-25 00:00:00-04:00,1859.0,1862.0,1842.0,1861.0,307.0,0.0,0.0,Rough Rice,ZR=F
2024-06-26 00:00:00-04:00,1844.5,1888.5,1762.5,1780.0,385.0,0.0,0.0,Rough Rice,ZR=F
2024-06-27 00:00:00-04:00,1825.5,1831.0,1670.0,1675.5,239.0,0.0,0.0,Rough Rice,ZR=F
2024-06-28 00:00:00-04:00,1695.5,1720.0,1695.0,1696.5,18.0,0.0,0.0,Rough Rice,ZR=F
2024-07-01 00:00:00-04:00,1699.0,1699.0,1695.5,1695.5,2.0,0.0,0.0,Rough Rice,ZR=F
2024-07-02 00:00:00-04:00,1695.5,1696.0,1692.0,1692.0,5.0,0.0,0.0,Rough Rice,ZR=F
2024-07-03 00:00:00-04:00,1693.0,1693.0,1693.0,1693.0,0.0,0.0,0.0,Rough Rice,ZR=F
2024-07-05 00:00:00-04:00,1693.5,1693.5,1693.5,1693.5,0.0,0.0,0.0,Rough Rice,ZR=F
2024-07-08 00:00:00-04:00,1700.5,1706.5,1700.0,1706.5,140.0,0.0,0.0,Rough Rice,ZR=F
2024-07-09 00:00:00-04:00,1710.5,1710.5,1710.5,1710.5,0.0,0.0,0.0,Rough Rice,ZR=F
2024-07-10 00:00:00-04:00,1748.0,1748.0,1720.5,1720.5,1.0,0.0,0.0,Rough Rice,ZR=F
2024-07-11 00:00:00-04:00,1755.0,1755.0,1755.0,1755.0,46.0,0.0,0.0,Rough Rice,ZR=F
2024-07-12 00:00:00-04:00,1861.0,1962.0,1859.5,1955.0,381.0,0.0,0.0,Rough Rice,ZR=F
2024-07-15 00:00:00-04:00,1464.0,1489.5,1455.5,1470.0,640.0,0.0,0.0,Rough Rice,ZR=F
2024-07-16 00:00:00-04:00,1470.0,1477.5,1439.5,1440.5,577.0,0.0,0.0,Rough Rice,ZR=F
2024-07-17 00:00:00-04:00,1442.5,1456.5,1439.5,1443.0,638.0,0.0,0.0,Rough Rice,ZR=F
2024-07-18 00:00:00-04:00,1446.0,1448.0,1427.0,1429.0,477.0,0.0,0.0,Rough Rice,ZR=F
2024-07-19 00:00:00-04:00,1427.0,1431.5,1415.0,1424.0,662.0,0.0,0.0,Rough Rice,ZR=F
2024-07-22 00:00:00-04:00,1426.5,1486.0,1426.5,1460.0,1000.0,0.0,0.0,Rough Rice,ZR=F
2024-07-23 00:00:00-04:00,1455.0,1480.0,1447.5,1473.0,687.0,0.0,0.0,Rough Rice,ZR=F
2024-07-24 00:00:00-04:00,1469.0,1505.5,1465.0,1479.0,809.0,0.0,0.0,Rough Rice,ZR=F
2024-07-25 00:00:00-04:00,1479.0,1504.5,1472.5,1501.0,307.0,0.0,0.0,Rough Rice,ZR=F
2024-07-26 00:00:00-04:00,1499.5,1524.5,1491.5,1523.5,756.0,0.0,0.0,Rough Rice,ZR=F
2024-07-29 00:00:00-04:00,1510.0,1526.0,1501.0,1521.0,474.0,0.0,0.0,Rough Rice,ZR=F
2024-07-30 00:00:00-04:00,1517.5,1526.0,1510.0,1523.5,623.0,0.0,0.0,Rough Rice,ZR=F
2024-07-31 00:00:00-04:00,1513.5,1531.0,1504.5,1525.0,667.0,0.0,0.0,Rough Rice,ZR=F
2024-08-01 00:00:00-04:00,1521.5,1538.0,1480.5,1507.0,1066.0,0.0,0.0,Rough Rice,ZR=F
2024-08-02 00:00:00-04:00,1506.0,1506.5,1493.5,1494.5,320.0,0.0,0.0,Rough Rice,ZR=F
2024-08-05 00:00:00-04:00,1494.0,1535.0,1490.0,1527.5,846.0,0.0,0.0,Rough Rice,ZR=F
2024-08-06 00:00:00-04:00,1515.5,1525.0,1509.0,1520.0,566.0,0.0,0.0,Rough Rice,ZR=F
2024-08-07 00:00:00-04:00,1522.5,1523.5,1507.0,1515.5,537.0,0.0,0.0,Rough Rice,ZR=F
2024-08-08 00:00:00-04:00,1510.0,1518.0,1490.0,1499.5,638.0,0.0,0.0,Rough Rice,ZR=F
2024-08-09 00:00:00-04:00,1495.5,1508.0,1481.0,1483.5,380.0,0.0,0.0,Rough Rice,ZR=F
2024-08-12 00:00:00-04:00,1480.0,1480.0,1452.0,1453.5,622.0,0.0,0.0,Rough Rice,ZR=F
2024-08-13 00:00:00-04:00,1452.5,1498.0,1448.5,1479.0,1026.0,0.0,0.0,Rough Rice,ZR=F
2024-08-14 00:00:00-04:00,1485.0,1508.0,1479.0,1498.0,1013.0,0.0,0.0,Rough Rice,ZR=F
2024-08-15 00:00:00-04:00,1494.5,1494.5,1465.0,1470.5,760.0,0.0,0.0,Rough Rice,ZR=F
2024-08-16 00:00:00-04:00,1471.5,1472.0,1457.0,1457.5,521.0,0.0,0.0,Rough Rice,ZR=F
2024-08-19 00:00:00-04:00,1458.0,1491.0,1453.0,1489.0,1047.0,0.0,0.0,Rough Rice,ZR=F
2024-08-20 00:00:00-04:00,1490.0,1504.5,1485.0,1496.0,1422.0,0.0,0.0,Rough Rice,ZR=F
2024-08-21 00:00:00-04:00,1497.5,1498.5,1475.5,1479.0,920.0,0.0,0.0,Rough Rice,ZR=F
2024-08-22 00:00:00-04:00,1476.0,1494.0,1471.0,1491.5,526.0,0.0,0.0,Rough Rice,ZR=F
2024-08-23 00:00:00-04:00,1487.0,1503.5,1474.5,1500.5,902.0,0.0,0.0,Rough Rice,ZR=F
2024-08-26 00:00:00-04:00,1499.0,1514.0,1497.5,1509.0,781.0,0.0,0.0,Rough Rice,ZR=F
2024-08-27 00:00:00-04:00,1509.0,1539.5,1502.0,1532.0,761.0,0.0,0.0,Rough Rice,ZR=F
2024-08-28 00:00:00-04:00,1528.5,1532.5,1500.5,1513.0,204.0,0.0,0.0,Rough Rice,ZR=F
2024-08-29 00:00:00-04:00,1503.5,1518.5,1491.0,1504.0,210.0,0.0,0.0,Rough Rice,ZR=F
2024-08-30 00:00:00-04:00,1500.5,1503.0,1495.0,1501.5,103.0,0.0,0.0,Rough Rice,ZR=F
2024-09-03 00:00:00-04:00,1517.5,1517.5,1512.0,1512.0,11.0,0.0,0.0,Rough Rice,ZR=F
2024-09-04 00:00:00-04:00,1541.0,1541.0,1535.5,1535.5,6.0,0.0,0.0,Rough Rice,ZR=F
2024-09-05 00:00:00-04:00,1538.0,1548.0,1538.0,1548.0,19.0,0.0,0.0,Rough Rice,ZR=F
2024-09-06 00:00:00-04:00,1549.5,1550.0,1530.0,1530.0,32.0,0.0,0.0,Rough Rice,ZR=F
2024-09-09 00:00:00-04:00,1516.5,1516.5,1494.0,1494.0,32.0,0.0,0.0,Rough Rice,ZR=F
2024-09-10 00:00:00-04:00,1512.0,1512.0,1512.0,1512.0,2.0,0.0,0.0,Rough Rice,ZR=F
2024-09-11 00:00:00-04:00,1535.5,1535.5,1535.5,1535.5,6.0,0.0,0.0,Rough Rice,ZR=F
2024-09-12 00:00:00-04:00,1556.5,1557.0,1549.5,1549.5,42.0,0.0,0.0,Rough Rice,ZR=F
2024-09-13 00:00:00-04:00,1549.5,1549.5,1549.5,1549.5,452.0,0.0,0.0,Rough Rice,ZR=F
2024-09-16 00:00:00-04:00,1525.5,1530.0,1501.5,1530.0,484.0,0.0,0.0,Rough Rice,ZR=F
2024-09-17 00:00:00-04:00,1525.0,1536.5,1511.5,1534.5,700.0,0.0,0.0,Rough Rice,ZR=F
2024-09-18 00:00:00-04:00,1532.0,1548.0,1527.0,1546.5,801.0,0.0,0.0,Rough Rice,ZR=F
2024-09-19 00:00:00-04:00,1546.0,1552.5,1540.0,1552.0,963.0,0.0,0.0,Rough Rice,ZR=F
2024-09-20 00:00:00-04:00,1547.0,1557.0,1542.5,1555.5,706.0,0.0,0.0,Rough Rice,ZR=F
2024-09-23 00:00:00-04:00,1550.0,1556.0,1541.5,1554.5,664.0,0.0,0.0,Rough Rice,ZR=F
2024-09-24 00:00:00-04:00,1548.5,1551.0,1512.5,1526.0,741.0,0.0,0.0,Rough Rice,ZR=F
2024-09-25 00:00:00-04:00,1524.0,1524.5,1496.5,1502.5,883.0,0.0,0.0,Rough Rice,ZR=F
2024-09-26 00:00:00-04:00,1505.0,1511.5,1488.5,1492.5,510.0,0.0,0.0,Rough Rice,ZR=F
2024-09-27 00:00:00-04:00,1505.0,1533.0,1490.0,1508.0,793.0,0.0,0.0,Rough Rice,ZR=F
2024-09-30 00:00:00-04:00,1517.0,1540.0,1491.0,1529.5,881.0,0.0,0.0,Rough Rice,ZR=F
2024-10-01 00:00:00-04:00,1526.5,1537.0,1515.0,1530.0,833.0,0.0,0.0,Rough Rice,ZR=F
2024-10-02 00:00:00-04:00,1524.0,1524.0,1500.5,1516.5,335.0,0.0,0.0,Rough Rice,ZR=F
2024-10-03 00:00:00-04:00,1510.0,1529.5,1502.5,1517.0,702.0,0.0,0.0,Rough Rice,ZR=F
2024-10-04 00:00:00-04:00,1515.0,1530.0,1506.5,1509.5,424.0,0.0,0.0,Rough Rice,ZR=F
2024-10-07 00:00:00-04:00,1513.5,1530.0,1507.5,1511.5,655.0,0.0,0.0,Rough Rice,ZR=F
2024-10-08 00:00:00-04:00,1513.5,1527.0,1508.5,1513.5,615.0,0.0,0.0,Rough Rice,ZR=F
2024-10-09 00:00:00-04:00,1514.5,1527.0,1514.0,1516.5,725.0,0.0,0.0,Rough Rice,ZR=F
2024-10-10 00:00:00-04:00,1516.0,1521.0,1501.0,1506.5,1018.0,0.0,0.0,Rough Rice,ZR=F
2024-10-11 00:00:00-04:00,1505.5,1506.0,1495.0,1499.5,552.0,0.0,0.0,Rough Rice,ZR=F
2024-10-14 00:00:00-04:00,1495.5,1524.0,1494.5,1510.5,625.0,0.0,0.0,Rough Rice,ZR=F
2024-10-15 00:00:00-04:00,1518.5,1518.5,1491.5,1504.0,706.0,0.0,0.0,Rough Rice,ZR=F
2024-10-16 00:00:00-04:00,1500.0,1518.5,1491.0,1507.0,820.0,0.0,0.0,Rough Rice,ZR=F
2024-10-17 00:00:00-04:00,1503.0,1507.0,1495.0,1499.5,1025.0,0.0,0.0,Rough Rice,ZR=F
2024-10-18 00:00:00-04:00,1496.0,1501.0,1492.5,1500.0,763.0,0.0,0.0,Rough Rice,ZR=F
2024-10-21 00:00:00-04:00,1501.5,1514.5,1497.5,1509.0,1798.0,0.0,0.0,Rough Rice,ZR=F
2024-10-22 00:00:00-04:00,1507.0,1525.0,1503.5,1512.5,833.0,0.0,0.0,Rough Rice,ZR=F
2024-10-23 00:00:00-04:00,1508.5,1517.0,1508.0,1510.5,913.0,0.0,0.0,Rough Rice,ZR=F
2024-10-24 00:00:00-04:00,1509.0,1509.0,1495.0,1504.0,1113.0,0.0,0.0,Rough Rice,ZR=F
2024-10-25 00:00:00-04:00,1499.0,1508.0,1498.0,1508.0,594.0,0.0,0.0,Rough Rice,ZR=F
2024-10-28 00:00:00-04:00,1508.0,1512.5,1505.0,1507.5,811.0,0.0,0.0,Rough Rice,ZR=F
2024-10-29 00:00:00-04:00,1503.0,1506.0,1489.0,1494.0,465.0,0.0,0.0,Rough Rice,ZR=F
2024-10-30 00:00:00-04:00,1490.5,1501.0,1457.0,1457.5,198.0,0.0,0.0,Rough Rice,ZR=F
2024-10-31 00:00:00-04:00,1471.0,1480.5,1468.0,1469.5,191.0,0.0,0.0,Rough Rice,ZR=F
2024-11-01 00:00:00-04:00,1481.5,1485.0,1481.5,1482.5,120.0,0.0,0.0,Rough Rice,ZR=F
2024-11-04 00:00:00-05:00,1471.0,1471.0,1471.0,1471.0,0.0,0.0,0.0,Rough Rice,ZR=F
2024-11-05 00:00:00-05:00,1447.0,1447.0,1447.0,1447.0,0.0,0.0,0.0,Rough Rice,ZR=F
2024-11-06 00:00:00-05:00,1459.0,1463.0,1446.0,1446.0,4.0,0.0,0.0,Rough Rice,ZR=F
2024-11-07 00:00:00-05:00,1440.0,1440.0,1440.0,1440.0,9.0,0.0,0.0,Rough Rice,ZR=F
2024-11-08 00:00:00-05:00,1436.0,1436.0,1436.0,1436.0,1.0,0.0,0.0,Rough Rice,ZR=F
2024-11-11 00:00:00-05:00,1455.0,1455.0,1455.0,1455.0,2.0,0.0,0.0,Rough Rice,ZR=F
2024-11-12 00:00:00-05:00,1473.0,1482.0,1473.0,1481.0,24.0,0.0,0.0,Rough Rice,ZR=F
2024-11-13 00:00:00-05:00,1494.0,1494.0,1494.0,1494.0,12.0,0.0,0.0,Rough Rice,ZR=F
2024-11-14 00:00:00-05:00,1476.5,1476.5,1467.5,1467.5,963.0,0.0,0.0,Rough Rice,ZR=F
2024-11-15 00:00:00-05:00,1461.0,1510.5,1461.0,1504.5,968.0,0.0,0.0,Rough Rice,ZR=F
2024-11-18 00:00:00-05:00,1505.0,1537.5,1503.0,1516.5,1668.0,0.0,0.0,Rough Rice,ZR=F
2024-11-19 00:00:00-05:00,1514.0,1529.0,1501.5,1509.5,683.0,0.0,0.0,Rough Rice,ZR=F
2024-11-20 00:00:00-05:00,1506.0,1515.0,1497.5,1512.0,344.0,0.0,0.0,Rough Rice,ZR=F
2024-11-21 00:00:00-05:00,1509.0,1522.5,1509.0,1517.0,744.0,0.0,0.0,Rough Rice,ZR=F
2024-11-22 00:00:00-05:00,1514.5,1517.5,1501.0,1514.5,347.0,0.0,0.0,Rough Rice,ZR=F
2024-11-25 00:00:00-05:00,1511.5,1513.0,1485.5,1493.5,632.0,0.0,0.0,Rough Rice,ZR=F
2024-11-26 00:00:00-05:00,1490.5,1515.0,1488.5,1512.5,515.0,0.0,0.0,Rough Rice,ZR=F
2024-11-27 00:00:00-05:00,1512.5,1525.0,1508.5,1517.0,748.0,0.0,0.0,Rough Rice,ZR=F
2024-11-29 00:00:00-05:00,1517.0,1525.0,1515.5,1521.5,582.0,0.0,0.0,Rough Rice,ZR=F
2024-12-02 00:00:00-05:00,1524.0,1530.0,1515.0,1529.0,718.0,0.0,0.0,Rough Rice,ZR=F
2024-12-03 00:00:00-05:00,1529.0,1531.5,1516.0,1529.5,1144.0,0.0,0.0,Rough Rice,ZR=F
2024-12-04 00:00:00-05:00,1525.0,1528.5,1498.0,1514.0,694.0,0.0,0.0,Rough Rice,ZR=F
2024-12-05 00:00:00-05:00,1518.0,1522.5,1508.5,1515.5,543.0,0.0,0.0,Rough Rice,ZR=F
2024-12-06 00:00:00-05:00,1511.0,1517.5,1507.0,1508.5,323.0,0.0,0.0,Rough Rice,ZR=F
2024-12-09 00:00:00-05:00,1505.0,1514.0,1503.5,1511.0,806.0,0.0,0.0,Rough Rice,ZR=F
2024-12-10 00:00:00-05:00,1510.5,1513.0,1507.5,1509.0,416.0,0.0,0.0,Rough Rice,ZR=F
2024-12-11 00:00:00-05:00,1508.0,1512.5,1501.0,1503.5,499.0,0.0,0.0,Rough Rice,ZR=F
2024-12-12 00:00:00-05:00,1504.0,1510.5,1499.5,1500.5,620.0,0.0,0.0,Rough Rice,ZR=F
2024-12-13 00:00:00-05:00,1502.0,1504.0,1496.5,1498.0,578.0,0.0,0.0,Rough Rice,ZR=F
2024-12-16 00:00:00-05:00,1501.5,1502.5,1494.0,1495.0,1085.0,0.0,0.0,Rough Rice,ZR=F
2024-12-17 00:00:00-05:00,1495.0,1500.0,1490.0,1498.0,1043.0,0.0,0.0,Rough Rice,ZR=F
2024-12-18 00:00:00-05:00,1499.5,1499.5,1478.0,1481.5,817.0,0.0,0.0,Rough Rice,ZR=F
2024-12-19 00:00:00-05:00,1482.0,1482.0,1440.0,1441.0,902.0,0.0,0.0,Rough Rice,ZR=F
2024-12-20 00:00:00-05:00,1444.5,1447.0,1393.5,1407.5,948.0,0.0,0.0,Rough Rice,ZR=F
2024-12-23 00:00:00-05:00,1415.5,1428.5,1369.0,1401.0,1277.0,0.0,0.0,Rough Rice,ZR=F
2024-12-24 00:00:00-05:00,1410.0,1413.5,1388.5,1405.0,685.0,0.0,0.0,Rough Rice,ZR=F
2024-12-26 00:00:00-05:00,1406.5,1406.5,1390.5,1391.5,327.0,0.0,0.0,Rough Rice,ZR=F
2024-12-27 00:00:00-05:00,1392.5,1398.5,1375.5,1376.0,655.0,0.0,0.0,Rough Rice,ZR=F
2024-12-30 00:00:00-05:00,1385.5,1387.5,1357.0,1361.0,901.0,0.0,0.0,Rough Rice,ZR=F
2024-12-31 00:00:00-05:00,1394.5,1402.5,1394.5,1402.5,63.0,0.0,0.0,Rough Rice,ZR=F
2025-01-02 00:00:00-05:00,1400.0,1404.5,1400.0,1404.5,45.0,0.0,0.0,Rough Rice,ZR=F
2025-01-03 00:00:00-05:00,1400.0,1400.0,1383.5,1384.0,74.0,0.0,0.0,Rough Rice,ZR=F
2025-01-06 00:00:00-05:00,1385.0,1389.0,1385.0,1385.0,57.0,0.0,0.0,Rough Rice,ZR=F
2025-01-07 00:00:00-05:00,1385.0,1385.5,1384.0,1384.0,5.0,0.0,0.0,Rough Rice,ZR=F
2025-01-08 00:00:00-05:00,1388.5,1403.5,1388.5,1403.5,72.0,0.0,0.0,Rough Rice,ZR=F
2025-01-09 00:00:00-05:00,1411.0,1441.5,1411.0,1427.0,67.0,0.0,0.0,Rough Rice,ZR=F
2025-01-10 00:00:00-05:00,1427.0,1437.0,1427.0,1437.0,67.0,0.0,0.0,Rough Rice,ZR=F
2024-01-03 00:00:00-05:00,80.25,81.44999694824219,80.11000061035156,80.93000030517578,18949.0,0.0,0.0,Cotton,CT=F
2024-01-04 00:00:00-05:00,80.80999755859375,81.25,80.08000183105469,80.12000274658203,15899.0,0.0,0.0,Cotton,CT=F
2024-01-05 00:00:00-05:00,80.12000274658203,80.56999969482422,79.58999633789062,80.19000244140625,15706.0,0.0,0.0,Cotton,CT=F
2024-01-08 00:00:00-05:00,80.01000213623047,80.80999755859375,79.5999984741211,80.41999816894531,16715.0,0.0,0.0,Cotton,CT=F
2024-01-09 00:00:00-05:00,80.45999908447266,81.2300033569336,80.30000305175781,80.7300033569336,15329.0,0.0,0.0,Cotton,CT=F
2024-01-10 00:00:00-05:00,80.72000122070312,81.0999984741211,79.91999816894531,80.18000030517578,18115.0,0.0,0.0,Cotton,CT=F
2024-01-11 00:00:00-05:00,80.02999877929688,81.94999694824219,80.0199966430664,81.36000061035156,24270.0,0.0,0.0,Cotton,CT=F
2024-01-12 00:00:00-05:00,81.36000061035156,82.22000122070312,81.05999755859375,81.30999755859375,21837.0,0.0,0.0,Cotton,CT=F
2024-01-16 00:00:00-05:00,81.30999755859375,81.5199966430664,80.68000030517578,81.33000183105469,15884.0,0.0,0.0,Cotton,CT=F
2024-01-17 00:00:00-05:00,81.30999755859375,82.44999694824219,81.01000213623047,81.69999694824219,21917.0,0.0,0.0,Cotton,CT=F
2024-01-18 00:00:00-05:00,81.87000274658203,82.5999984741211,81.6500015258789,82.51000213623047,18093.0,0.0,0.0,Cotton,CT=F
2024-01-19 00:00:00-05:00,82.5,84.72000122070312,82.30999755859375,83.94999694824219,45229.0,0.0,0.0,Cotton,CT=F
2024-01-22 00:00:00-05:00,83.88999938964844,84.98999786376953,83.54000091552734,84.83000183105469,33550.0,0.0,0.0,Cotton,CT=F
2024-01-23 00:00:00-05:00,84.81999969482422,84.83000183105469,84.02999877929688,84.5999984741211,26242.0,0.0,0.0,Cotton,CT=F
2024-01-24 00:00:00-05:00,84.5,85.48999786376953,84.29000091552734,85.4000015258789,24638.0,0.0,0.0,Cotton,CT=F
2024-01-25 00:00:00-05:00,85.30000305175781,85.83000183105469,85.08000183105469,85.76000213623047,22811.0,0.0,0.0,Cotton,CT=F
2024-01-26 00:00:00-05:00,85.68000030517578,85.86000061035156,84.16000366210938,84.37000274658203,23260.0,0.0,0.0,Cotton,CT=F
2024-01-29 00:00:00-05:00,84.45999908447266,85.20999908447266,83.86000061035156,84.26000213623047,21851.0,0.0,0.0,Cotton,CT=F
2024-01-30 00:00:00-05:00,84.5,84.93000030517578,83.6500015258789,84.77999877929688,21341.0,0.0,0.0,Cotton,CT=F
2024-01-31 00:00:00-05:00,84.68000030517578,85.37000274658203,84.5,85.16999816894531,20541.0,0.0,0.0,Cotton,CT=F
2024-02-01 00:00:00-05:00,85.0999984741211,86.9000015258789,84.80000305175781,86.48999786376953,35547.0,0.0,0.0,Cotton,CT=F
2024-02-02 00:00:00-05:00,86.41999816894531,87.31999969482422,85.80000305175781,87.11000061035156,28330.0,0.0,0.0,Cotton,CT=F
2024-02-05 00:00:00-05:00,86.93000030517578,87.44999694824219,86.51000213623047,87.04000091552734,27689.0,0.0,0.0,Cotton,CT=F
2024-02-06 00:00:00-05:00,87.0,87.83000183105469,86.94999694824219,87.54000091552734,18566.0,0.0,0.0,Cotton,CT=F
2024-02-07 00:00:00-05:00,87.58999633789062,88.68000030517578,87.20999908447266,88.47000122070312,29945.0,0.0,0.0,Cotton,CT=F
2024-02-08 00:00:00-05:00,88.47000122070312,89.27999877929688,88.13999938964844,89.0999984741211,29499.0,0.0,0.0,Cotton,CT=F
2024-02-09 00:00:00-05:00,89.43000030517578,92.0,88.55999755859375,91.77999877929688,39786.0,0.0,0.0,Cotton,CT=F
2024-02-12 00:00:00-05:00,91.5199966430664,91.6500015258789,89.4000015258789,90.52999877929688,28352.0,0.0,0.0,Cotton,CT=F
2024-02-13 00:00:00-05:00,90.25,92.5,90.0999984741211,91.5199966430664,17961.0,0.0,0.0,Cotton,CT=F
2024-02-14 00:00:00-05:00,91.5199966430664,94.48999786376953,90.91000366210938,93.4800033569336,15177.0,0.0,0.0,Cotton,CT=F
2024-02-15 00:00:00-05:00,93.4800033569336,95.19999694824219,93.0999984741211,94.62999725341797,9358.0,0.0,0.0,Cotton,CT=F
2024-02-16 00:00:00-05:00,94.62999725341797,95.93000030517578,92.95999908447266,93.87000274658203,5945.0,0.0,0.0,Cotton,CT=F
2024-02-20 00:00:00-05:00,93.55000305175781,93.72000122070312,90.5,91.19000244140625,10965.0,0.0,0.0,Cotton,CT=F
2024-02-21 00:00:00-05:00,91.0999984741211,93.93000030517578,90.88999938964844,92.5999984741211,4175.0,0.0,0.0,Cotton,CT=F
2024-02-22 00:00:00-05:00,92.5999984741211,94.55000305175781,92.12999725341797,94.19999694824219,2582.0,0.0,0.0,Cotton,CT=F
2024-02-23 00:00:00-05:00,93.87999725341797,95.41999816894531,93.51000213623047,94.93000030517578,222.0,0.0,0.0,Cotton,CT=F
2024-02-26 00:00:00-05:00,94.77999877929688,96.12999725341797,94.77999877929688,96.58000183105469,8.0,0.0,0.0,Cotton,CT=F
2024-02-27 00:00:00-05:00,96.75,99.0,96.70999908447266,100.75,33.0,0.0,0.0,Cotton,CT=F
2024-02-28 00:00:00-05:00,103.79000091552734,107.25,103.79000091552734,103.06999969482422,10.0,0.0,0.0,Cotton,CT=F
2024-02-29 00:00:00-05:00,101.55999755859375,101.55999755859375,101.55999755859375,101.55999755859375,0.0,0.0,0.0,Cotton,CT=F
2024-03-01 00:00:00-05:00,97.55999755859375,97.55999755859375,97.55999755859375,97.55999755859375,0.0,0.0,0.0,Cotton,CT=F
2024-03-04 00:00:00-05:00,99.0,99.0,99.0,98.44000244140625,3.0,0.0,0.0,Cotton,CT=F
2024-03-05 00:00:00-05:00,98.0999984741211,98.0999984741211,98.0999984741211,98.0999984741211,0.0,0.0,0.0,Cotton,CT=F
2024-03-06 00:00:00-05:00,99.13999938964844,99.13999938964844,99.13999938964844,99.13999938964844,22019.0,0.0,0.0,Cotton,CT=F
2024-03-07 00:00:00-05:00,94.86000061035156,99.27999877929688,94.86000061035156,99.27999877929688,27154.0,0.0,0.0,Cotton,CT=F
2024-03-08 00:00:00-05:00,99.19999694824219,101.5,95.27999877929688,95.27999877929688,30104.0,0.0,0.0,Cotton,CT=F
2024-03-11 00:00:00-04:00,94.86000061035156,97.52999877929688,94.55000305175781,95.05999755859375,23698.0,0.0,0.0,Cotton,CT=F
2024-03-12 00:00:00-04:00,95.05999755859375,95.7699966430664,94.05000305175781,95.2300033569336,20011.0,0.0,0.0,Cotton,CT=F
2024-03-13 00:00:00-04:00,95.2300033569336,96.2300033569336,94.5199966430664,94.9000015258789,13685.0,0.0,0.0,Cotton,CT=F
2024-03-14 00:00:00-04:00,95.05000305175781,95.54000091552734,93.19999694824219,93.4800033569336,22296.0,0.0,0.0,Cotton,CT=F
2024-03-15 00:00:00-04:00,93.62999725341797,94.55000305175781,93.26000213623047,93.94000244140625,14917.0,0.0,0.0,Cotton,CT=F
2024-03-18 00:00:00-04:00,93.87999725341797,96.19999694824219,93.80000305175781,94.56999969482422,16245.0,0.0,0.0,Cotton,CT=F
2024-03-19 00:00:00-04:00,94.56999969482422,94.6500015258789,92.19000244140625,93.33999633789062,24585.0,0.0,0.0,Cotton,CT=F
2024-03-20 00:00:00-04:00,93.41999816894531,93.47000122070312,91.80999755859375,92.18000030517578,16312.0,0.0,0.0,Cotton,CT=F
2024-03-21 00:00:00-04:00,92.5,93.5,91.83999633789062,92.20999908447266,16106.0,0.0,0.0,Cotton,CT=F
2024-03-22 00:00:00-04:00,92.22000122070312,92.8499984741211,91.41999816894531,91.52999877929688,15275.0,0.0,0.0,Cotton,CT=F
2024-03-25 00:00:00-04:00,91.69000244140625,92.30999755859375,90.9800033569336,92.0199966430664,16372.0,0.0,0.0,Cotton,CT=F
2024-03-26 00:00:00-04:00,92.02999877929688,94.2699966430664,92.02999877929688,93.41000366210938,18482.0,0.0,0.0,Cotton,CT=F
2024-03-27 00:00:00-04:00,93.41000366210938,93.41000366210938,90.55999755859375,90.7699966430664,21775.0,0.0,0.0,Cotton,CT=F
2024-03-28 00:00:00-04:00,90.9800033569336,91.97000122070312,90.51000213623047,91.37999725341797,20169.0,0.0,0.0,Cotton,CT=F
2024-04-01 00:00:00-04:00,91.56999969482422,92.87999725341797,91.54000091552734,92.76000213623047,12909.0,0.0,0.0,Cotton,CT=F
2024-04-02 00:00:00-04:00,92.76000213623047,92.9000015258789,90.69999694824219,90.80999755859375,22771.0,0.0,0.0,Cotton,CT=F
2024-04-03 00:00:00-04:00,90.80999755859375,91.1500015258789,88.86000061035156,88.9800033569336,29024.0,0.0,0.0,Cotton,CT=F
2024-04-04 00:00:00-04:00,88.9000015258789,89.25,87.0999984741211,87.13999938964844,30417.0,0.0,0.0,Cotton,CT=F
2024-04-05 00:00:00-04:00,87.19999694824219,87.5999984741211,86.16999816894531,86.25,34886.0,0.0,0.0,Cotton,CT=F
2024-04-08 00:00:00-04:00,86.33000183105469,88.23999786376953,86.12000274658203,86.6500015258789,31716.0,0.0,0.0,Cotton,CT=F
2024-04-09 00:00:00-04:00,86.79000091552734,87.2300033569336,85.95999908447266,86.04000091552734,32185.0,0.0,0.0,Cotton,CT=F
2024-04-10 00:00:00-04:00,86.11000061035156,86.69000244140625,85.25,85.30999755859375,36691.0,0.0,0.0,Cotton,CT=F
2024-04-11 00:00:00-04:00,85.33999633789062,85.4800033569336,83.1500015258789,83.37000274658203,28458.0,0.0,0.0,Cotton,CT=F
2024-04-12 00:00:00-04:00,83.36000061035156,83.97000122070312,81.69999694824219,82.62000274658203,21652.0,0.0,0.0,Cotton,CT=F
2024-04-15 00:00:00-04:00,82.5999984741211,84.2699966430664,82.5999984741211,82.93000030517578,15084.0,0.0,0.0,Cotton,CT=F
2024-04-16 00:00:00-04:00,83.06999969482422,83.4000015258789,79.5,81.29000091552734,15199.0,0.0,0.0,Cotton,CT=F
2024-04-17 00:00:00-04:00,81.2699966430664,81.94000244140625,79.02999877929688,79.55999755859375,7256.0,0.0,0.0,Cotton,CT=F
2024-04-18 00:00:00-04:00,79.6500015258789,79.93000030517578,77.41000366210938,78.0999984741211,8597.0,0.0,0.0,Cotton,CT=F
2024-04-19 00:00:00-04:00,78.2699966430664,79.7699966430664,77.86000061035156,78.69000244140625,4183.0,0.0,0.0,Cotton,CT=F
2024-04-22 00:00:00-04:00,78.80000305175781,80.36000061035156,78.77999877929688,80.04000091552734,2821.0,0.0,0.0,Cotton,CT=F
2024-04-23 00:00:00-04:00,80.0,80.80999755859375,78.12999725341797,80.22000122070312,1221.0,0.0,0.0,Cotton,CT=F
2024-04-24 00:00:00-04:00,79.51000213623047,79.51000213623047,79.51000213623047,79.51000213623047,0.0,0.0,0.0,Cotton,CT=F
2024-04-25 00:00:00-04:00,79.58000183105469,79.58000183105469,79.58000183105469,79.58000183105469,0.0,0.0,0.0,Cotton,CT=F
2024-04-26 00:00:00-04:00,80.06999969482422,80.06999969482422,80.06999969482422,79.4000015258789,1.0,0.0,0.0,Cotton,CT=F
2024-04-29 00:00:00-04:00,80.18000030517578,80.18000030517578,80.18000030517578,80.0199966430664,2.0,0.0,0.0,Cotton,CT=F
2024-04-30 00:00:00-04:00,79.30000305175781,79.30000305175781,79.30000305175781,77.91999816894531,9.0,0.0,0.0,Cotton,CT=F
2024-05-01 00:00:00-04:00,75.80999755859375,75.80999755859375,75.80999755859375,75.80999755859375,0.0,0.0,0.0,Cotton,CT=F
2024-05-02 00:00:00-04:00,74.91999816894531,74.91999816894531,74.91999816894531,74.91999816894531,0.0,0.0,0.0,Cotton,CT=F
2024-05-03 00:00:00-04:00,77.36000061035156,77.36000061035156,77.36000061035156,77.36000061035156,0.0,0.0,0.0,Cotton,CT=F
2024-05-06 00:00:00-04:00,76.55999755859375,76.55999755859375,76.55999755859375,76.55999755859375,1.0,0.0,0.0,Cotton,CT=F
2024-05-07 00:00:00-04:00,77.0,77.0,77.0,77.0,0.0,0.0,0.0,Cotton,CT=F
2024-05-08 00:00:00-04:00,80.05999755859375,80.05999755859375,80.05999755859375,80.05999755859375,28975.0,0.0,0.0,Cotton,CT=F
2024-05-09 00:00:00-04:00,80.2300033569336,80.2300033569336,77.77999877929688,78.5999984741211,25699.0,0.0,0.0,Cotton,CT=F
2024-05-10 00:00:00-04:00,78.37999725341797,78.58000183105469,76.6500015258789,77.30999755859375,16775.0,0.0,0.0,Cotton,CT=F
2024-05-13 00:00:00-04:00,77.44999694824219,78.43000030517578,77.11000061035156,77.62999725341797,14068.0,0.0,0.0,Cotton,CT=F
2024-05-14 00:00:00-04:00,77.73999786376953,77.91000366210938,74.62999725341797,74.62999725341797,28504.0,0.0,0.0,Cotton,CT=F
2024-05-15 00:00:00-04:00,74.5999984741211,75.91000366210938,73.68000030517578,75.41000366210938,25618.0,0.0,0.0,Cotton,CT=F
2024-05-16 00:00:00-04:00,75.63999938964844,77.23999786376953,75.22000122070312,76.23999786376953,18848.0,0.0,0.0,Cotton,CT=F
2024-05-17 00:00:00-04:00,75.91999816894531,76.83000183105469,75.55000305175781,75.88999938964844,9604.0,0.0,0.0,Cotton,CT=F
2024-05-20 00:00:00-04:00,75.91000366210938,76.9800033569336,75.5,76.02999877929688,13523.0,0.0,0.0,Cotton,CT=F
2024-05-21 00:00:00-04:00,76.02999877929688,76.70999908447266,74.9800033569336,76.37999725341797,15887.0,0.0,0.0,Cotton,CT=F
2024-05-22 00:00:00-04:00,76.2300033569336,79.37999725341797,76.2300033569336,79.37999725341797,20584.0,0.0,0.0,Cotton,CT=F
2024-05-23 00:00:00-04:00,79.37999725341797,82.5999984741211,78.36000061035156,81.72000122070312,38868.0,0.0,0.0,Cotton,CT=F
2024-05-24 00:00:00-04:00,81.4000015258789,82.16999816894531,79.52999877929688,80.5199966430664,22721.0,0.0,0.0,Cotton,CT=F
2024-05-28 00:00:00-04:00,80.66000366210938,83.19000244140625,80.30000305175781,82.43000030517578,24063.0,0.0,0.0,Cotton,CT=F
2024-05-29 00:00:00-04:00,82.33000183105469,82.5,80.25,81.0999984741211,16692.0,0.0,0.0,Cotton,CT=F
2024-05-30 00:00:00-04:00,81.08999633789062,82.16999816894531,77.20999908447266,77.76000213623047,26689.0,0.0,0.0,Cotton,CT=F
2024-05-31 00:00:00-04:00,78.4800033569336,78.83000183105469,76.06999969482422,76.1500015258789,24767.0,0.0,0.0,Cotton,CT=F
2024-06-03 00:00:00-04:00,76.1500015258789,76.52999877929688,73.1500015258789,73.1500015258789,33071.0,0.0,0.0,Cotton,CT=F
2024-06-04 00:00:00-04:00,73.1500015258789,74.04000091552734,72.26000213623047,73.4800033569336,27890.0,0.0,0.0,Cotton,CT=F
2024-06-05 00:00:00-04:00,73.5999984741211,75.36000061035156,73.4800033569336,74.44000244140625,19144.0,0.0,0.0,Cotton,CT=F
2024-06-06 00:00:00-04:00,74.33000183105469,75.91000366210938,73.69999694824219,75.44000244140625,21192.0,0.0,0.0,Cotton,CT=F
2024-06-07 00:00:00-04:00,75.61000061035156,76.0,73.54000091552734,73.83999633789062,23032.0,0.0,0.0,Cotton,CT=F
2024-06-10 00:00:00-04:00,73.83999633789062,74.27999877929688,71.27999877929688,71.80999755859375,24595.0,0.0,0.0,Cotton,CT=F
2024-06-11 00:00:00-04:00,72.11000061035156,73.54000091552734,71.51000213623047,72.7300033569336,19346.0,0.0,0.0,Cotton,CT=F
2024-06-12 00:00:00-04:00,73.0,73.23999786376953,71.5,71.73999786376953,18968.0,0.0,0.0,Cotton,CT=F
2024-06-13 00:00:00-04:00,71.7300033569336,72.19999694824219,71.30000305175781,71.3499984741211,12084.0,0.0,0.0,Cotton,CT=F
2024-06-14 00:00:00-04:00,71.58999633789062,71.81999969482422,70.83999633789062,70.97000122070312,11388.0,0.0,0.0,Cotton,CT=F
2024-06-17 00:00:00-04:00,70.8499984741211,71.22000122070312,68.29000091552734,69.94000244140625,12440.0,0.0,0.0,Cotton,CT=F
2024-06-18 00:00:00-04:00,70.01000213623047,71.94999694824219,68.9000015258789,71.02999877929688,9937.0,0.0,0.0,Cotton,CT=F
2024-06-20 00:00:00-04:00,71.01000213623047,71.9800033569336,70.69000244140625,70.8499984741211,5208.0,0.0,0.0,Cotton,CT=F
2024-06-21 00:00:00-04:00,71.05999755859375,71.19999694824219,67.8499984741211,68.19000244140625,4805.0,0.0,0.0,Cotton,CT=F
2024-06-24 00:00:00-04:00,67.91999816894531,71.52999877929688,67.9000015258789,71.29000091552734,57.0,0.0,0.0,Cotton,CT=F
2024-06-25 00:00:00-04:00,72.0,73.69000244140625,72.0,72.5999984741211,6.0,0.0,0.0,Cotton,CT=F
2024-06-26 00:00:00-04:00,73.25,73.29000091552734,70.08999633789062,72.69999694824219,7.0,0.0,0.0,Cotton,CT=F
2024-06-27 00:00:00-04:00,72.0199966430664,72.0199966430664,72.0199966430664,72.0199966430664,0.0,0.0,0.0,Cotton,CT=F
2024-06-28 00:00:00-04:00,69.80999755859375,69.80999755859375,69.80999755859375,69.80999755859375,24.0,0.0,0.0,Cotton,CT=F
2024-07-01 00:00:00-04:00,71.9000015258789,71.9000015258789,71.9000015258789,70.06999969482422,1.0,0.0,0.0,Cotton,CT=F
2024-07-02 00:00:00-04:00,69.33000183105469,69.33000183105469,69.33000183105469,69.33000183105469,0.0,0.0,0.0,Cotton,CT=F
2024-07-03 00:00:00-04:00,68.68000030517578,68.68000030517578,68.68000030517578,68.68000030517578,0.0,0.0,0.0,Cotton,CT=F
2024-07-05 00:00:00-04:00,67.30999755859375,67.30999755859375,67.30999755859375,67.30999755859375,0.0,0.0,0.0,Cotton,CT=F
2024-07-08 00:00:00-04:00,67.31999969482422,67.31999969482422,67.31999969482422,67.31999969482422,0.0,0.0,0.0,Cotton,CT=F
2024-07-09 00:00:00-04:00,66.95999908447266,66.95999908447266,66.95999908447266,66.95999908447266,32.0,0.0,0.0,Cotton,CT=F
2024-07-10 00:00:00-04:00,69.2699966430664,70.25,69.0999984741211,69.33000183105469,77.0,0.0,0.0,Cotton,CT=F
2024-07-11 00:00:00-04:00,69.83999633789062,69.93000030517578,68.93000030517578,69.05999755859375,46.0,0.0,0.0,Cotton,CT=F
2024-07-12 00:00:00-04:00,69.0999984741211,69.0999984741211,68.30000305175781,68.91999816894531,34.0,0.0,0.0,Cotton,CT=F
2024-07-15 00:00:00-04:00,69.33000183105469,71.55999755859375,68.9000015258789,70.86000061035156,64.0,0.0,0.0,Cotton,CT=F
2024-07-16 00:00:00-04:00,70.6500015258789,70.94999694824219,69.80999755859375,70.37000274658203,42.0,0.0,0.0,Cotton,CT=F
2024-07-17 00:00:00-04:00,71.0,72.04000091552734,71.0,71.12000274658203,28.0,0.0,0.0,Cotton,CT=F
2024-07-18 00:00:00-04:00,71.01000213623047,71.5999984741211,71.01000213623047,71.37000274658203,19.0,0.0,0.0,Cotton,CT=F
2024-07-19 00:00:00-04:00,70.30999755859375,71.04000091552734,69.93000030517578,69.9800033569336,7.0,0.0,0.0,Cotton,CT=F
2024-07-22 00:00:00-04:00,70.12999725341797,70.87000274658203,69.8499984741211,70.12999725341797,28.0,0.0,0.0,Cotton,CT=F
2024-07-23 00:00:00-04:00,70.63999938964844,70.63999938964844,67.58999633789062,68.02999877929688,94.0,0.0,0.0,Cotton,CT=F
2024-07-24 00:00:00-04:00,68.01000213623047,68.01000213623047,65.9000015258789,67.01000213623047,84.0,0.0,0.0,Cotton,CT=F
2024-07-25 00:00:00-04:00,66.4000015258789,67.25,66.23999786376953,67.20999908447266,27.0,0.0,0.0,Cotton,CT=F
2024-07-26 00:00:00-04:00,66.4000015258789,66.4000015258789,65.68000030517578,66.06999969482422,9.0,0.0,0.0,Cotton,CT=F
2024-07-29 00:00:00-04:00,66.7699966430664,67.73999786376953,66.7699966430664,67.51000213623047,23.0,0.0,0.0,Cotton,CT=F
2024-07-30 00:00:00-04:00,67.5199966430664,68.5,67.5199966430664,68.1500015258789,23.0,0.0,0.0,Cotton,CT=F
2024-07-31 00:00:00-04:00,68.3499984741211,68.36000061035156,67.16000366210938,67.9800033569336,39.0,0.0,0.0,Cotton,CT=F
2024-08-01 00:00:00-04:00,67.5999984741211,68.69999694824219,66.69999694824219,66.87999725341797,13.0,0.0,0.0,Cotton,CT=F
2024-08-02 00:00:00-04:00,66.5199966430664,67.93000030517578,66.5199966430664,67.18000030517578,17.0,0.0,0.0,Cotton,CT=F
2024-08-05 00:00:00-04:00,67.08999633789062,67.73999786376953,65.68000030517578,66.55000305175781,16.0,0.0,0.0,Cotton,CT=F
2024-08-06 00:00:00-04:00,66.69000244140625,66.69000244140625,66.22000122070312,66.19999694824219,7.0,0.0,0.0,Cotton,CT=F
2024-08-07 00:00:00-04:00,66.0,67.0,65.91999816894531,66.47000122070312,30.0,0.0,0.0,Cotton,CT=F
2024-08-08 00:00:00-04:00,66.06999969482422,66.0999984741211,65.30000305175781,65.79000091552734,17.0,0.0,0.0,Cotton,CT=F
2024-08-09 00:00:00-04:00,66.20999908447266,67.4000015258789,66.20999908447266,67.08999633789062,33.0,0.0,0.0,Cotton,CT=F
2024-08-12 00:00:00-04:00,67.55000305175781,69.94999694824219,67.55000305175781,68.29000091552734,57.0,0.0,0.0,Cotton,CT=F
2024-08-13 00:00:00-04:00,67.80000305175781,67.94999694824219,67.33999633789062,67.0999984741211,23.0,0.0,0.0,Cotton,CT=F
2024-08-14 00:00:00-04:00,66.97000122070312,67.55000305175781,66.12000274658203,66.18000030517578,31.0,0.0,0.0,Cotton,CT=F
2024-08-15 00:00:00-04:00,66.5999984741211,66.75,66.44999694824219,66.33999633789062,9.0,0.0,0.0,Cotton,CT=F
2024-08-16 00:00:00-04:00,66.3499984741211,66.36000061035156,65.77999877929688,66.45999908447266,17.0,0.0,0.0,Cotton,CT=F
2024-08-19 00:00:00-04:00,66.77999877929688,68.5,66.77999877929688,67.9800033569336,23.0,0.0,0.0,Cotton,CT=F
2024-08-20 00:00:00-04:00,68.55000305175781,69.19000244140625,68.41999816894531,68.80000305175781,18.0,0.0,0.0,Cotton,CT=F
2024-08-21 00:00:00-04:00,68.81999969482422,69.75,68.81999969482422,69.70999908447266,51.0,0.0,0.0,Cotton,CT=F
2024-08-22 00:00:00-04:00,69.79000091552734,70.87000274658203,68.51000213623047,69.58999633789062,41.0,0.0,0.0,Cotton,CT=F
2024-08-23 00:00:00-04:00,70.41999816894531,71.0999984741211,70.41999816894531,71.29000091552734,9.0,0.0,0.0,Cotton,CT=F
2024-08-26 00:00:00-04:00,71.97000122070312,71.98999786376953,71.26000213623047,70.58000183105469,12.0,0.0,0.0,Cotton,CT=F
2024-08-27 00:00:00-04:00,70.2699966430664,70.91000366210938,69.31999969482422,70.0199966430664,28.0,0.0,0.0,Cotton,CT=F
2024-08-28 00:00:00-04:00,69.55000305175781,69.55000305175781,68.5999984741211,68.73999786376953,9.0,0.0,0.0,Cotton,CT=F
2024-08-29 00:00:00-04:00,69.5,70.19999694824219,69.08999633789062,70.12999725341797,9.0,0.0,0.0,Cotton,CT=F
2024-08-30 00:00:00-04:00,69.93000030517578,69.93000030517578,69.55000305175781,69.79000091552734,10.0,0.0,0.0,Cotton,CT=F
2024-09-03 00:00:00-04:00,69.1500015258789,71.70999908447266,69.1500015258789,70.76000213623047,27.0,0.0,0.0,Cotton,CT=F
2024-09-04 00:00:00-04:00,69.55000305175781,70.18000030517578,69.37000274658203,69.88999938964844,4.0,0.0,0.0,Cotton,CT=F
2024-09-05 00:00:00-04:00,69.9000015258789,70.05000305175781,69.33000183105469,69.48999786376953,5.0,0.0,0.0,Cotton,CT=F
2024-09-06 00:00:00-04:00,69.0,69.0,66.93000030517578,67.12000274658203,16.0,0.0,0.0,Cotton,CT=F
2024-09-09 00:00:00-04:00,67.62000274658203,68.41000366210938,67.25,67.54000091552734,16.0,0.0,0.0,Cotton,CT=F
2024-09-10 00:00:00-04:00,68.47000122070312,68.52999877929688,67.77999877929688,68.08000183105469,5.0,0.0,0.0,Cotton,CT=F
2024-09-11 00:00:00-04:00,68.4000015258789,70.6500015258789,68.4000015258789,69.30999755859375,50.0,0.0,0.0,Cotton,CT=F
2024-09-12 00:00:00-04:00,70.05000305175781,70.05000305175781,70.05000305175781,70.05000305175781,0.0,0.0,0.0,Cotton,CT=F
2024-09-13 00:00:00-04:00,69.4800033569336,69.4800033569336,69.4800033569336,69.4800033569336,2.0,0.0,0.0,Cotton,CT=F
2024-09-16 00:00:00-04:00,70.0999984741211,72.47000122070312,70.0999984741211,71.75,33.0,0.0,0.0,Cotton,CT=F
2024-09-17 00:00:00-04:00,71.16000366210938,71.16000366210938,70.41999816894531,70.80999755859375,33.0,0.0,0.0,Cotton,CT=F
2024-09-18 00:00:00-04:00,71.0,71.0,69.68000030517578,69.68000030517578,12.0,0.0,0.0,Cotton,CT=F
2024-09-19 00:00:00-04:00,69.61000061035156,70.0199966430664,69.61000061035156,71.58000183105469,12.0,0.0,0.0,Cotton,CT=F
2024-09-20 00:00:00-04:00,71.91999816894531,74.58000183105469,71.86000061035156,72.20999908447266,42.0,0.0,0.0,Cotton,CT=F
2024-09-23 00:00:00-04:00,74.04000091552734,74.05000305175781,71.62999725341797,71.69999694824219,12.0,0.0,0.0,Cotton,CT=F
2024-09-24 00:00:00-04:00,73.0999984741211,73.0999984741211,73.0999984741211,73.0999984741211,0.0,0.0,0.0,Cotton,CT=F
2024-09-25 00:00:00-04:00,74.23999786376953,74.4000015258789,74.19999694824219,74.0199966430664,6.0,0.0,0.0,Cotton,CT=F
2024-09-26 00:00:00-04:00,73.86000061035156,73.86000061035156,73.86000061035156,73.86000061035156,5.0,0.0,0.0,Cotton,CT=F
2024-09-27 00:00:00-04:00,73.54000091552734,73.54000091552734,73.54000091552734,73.54000091552734,0.0,0.0,0.0,Cotton,CT=F
2024-09-30 00:00:00-04:00,73.55999755859375,73.55999755859375,73.55999755859375,73.55999755859375,0.0,0.0,0.0,Cotton,CT=F
2024-10-01 00:00:00-04:00,73.0,73.0,73.0,73.0,0.0,0.0,0.0,Cotton,CT=F
2024-10-02 00:00:00-04:00,73.16000366210938,73.16000366210938,73.16000366210938,73.16000366210938,0.0,0.0,0.0,Cotton,CT=F
2024-10-03 00:00:00-04:00,72.48999786376953,72.48999786376953,72.48999786376953,72.48999786376953,0.0,0.0,0.0,Cotton,CT=F
2024-10-04 00:00:00-04:00,73.02999877929688,73.02999877929688,73.02999877929688,73.02999877929688,10.0,0.0,0.0,Cotton,CT=F
2024-10-07 00:00:00-04:00,73.29000091552734,73.29000091552734,73.29000091552734,73.29000091552734,0.0,0.0,0.0,Cotton,CT=F
2024-10-08 00:00:00-04:00,72.02999877929688,72.02999877929688,72.02999877929688,72.02999877929688,0.0,0.0,0.0,Cotton,CT=F
2024-10-09 00:00:00-04:00,72.01000213623047,72.01000213623047,72.01000213623047,72.01000213623047,17267.0,0.0,0.0,Cotton,CT=F
2024-10-10 00:00:00-04:00,72.19999694824219,72.72000122070312,71.75,72.66000366210938,16847.0,0.0,0.0,Cotton,CT=F
2024-10-11 00:00:00-04:00,72.62000274658203,73.5,71.76000213623047,72.20999908447266,21777.0,0.0,0.0,Cotton,CT=F
2024-10-14 00:00:00-04:00,72.19999694824219,72.19999694824219,70.5999984741211,71.02999877929688,23567.0,0.0,0.0,Cotton,CT=F
2024-10-15 00:00:00-04:00,71.05999755859375,71.37999725341797,70.55000305175781,70.62000274658203,15029.0,0.0,0.0,Cotton,CT=F
2024-10-16 00:00:00-04:00,70.62000274658203,71.98999786376953,70.62000274658203,71.26000213623047,17861.0,0.0,0.0,Cotton,CT=F
2024-10-17 00:00:00-04:00,71.27999877929688,71.5,70.16000366210938,70.76000213623047,23989.0,0.0,0.0,Cotton,CT=F
2024-10-18 00:00:00-04:00,70.81999969482422,71.7300033569336,70.80000305175781,70.98999786376953,16221.0,0.0,0.0,Cotton,CT=F
2024-10-21 00:00:00-04:00,71.05000305175781,72.5999984741211,71.0,72.19999694824219,24054.0,0.0,0.0,Cotton,CT=F
2024-10-22 00:00:00-04:00,72.3499984741211,72.41999816894531,71.72000122070312,72.08000183105469,18925.0,0.0,0.0,Cotton,CT=F
2024-10-23 00:00:00-04:00,72.08000183105469,72.75,71.86000061035156,72.51000213623047,16046.0,0.0,0.0,Cotton,CT=F
2024-10-24 00:00:00-04:00,72.45999908447266,72.69000244140625,71.25,71.52999877929688,16299.0,0.0,0.0,Cotton,CT=F
2024-10-25 00:00:00-04:00,71.45999908447266,71.6500015258789,70.61000061035156,70.66000366210938,20878.0,0.0,0.0,Cotton,CT=F
2024-10-28 00:00:00-04:00,70.69000244140625,71.04000091552734,69.93000030517578,70.36000061035156,21182.0,0.0,0.0,Cotton,CT=F
2024-10-29 00:00:00-04:00,70.36000061035156,71.11000061035156,70.0,70.55999755859375,17990.0,0.0,0.0,Cotton,CT=F
2024-10-30 00:00:00-04:00,70.51000213623047,70.73999786376953,69.77999877929688,69.91999816894531,17633.0,0.0,0.0,Cotton,CT=F
2024-10-31 00:00:00-04:00,70.12000274658203,70.12000274658203,69.26000213623047,69.56999969482422,24518.0,0.0,0.0,Cotton,CT=F
2024-11-01 00:00:00-04:00,69.61000061035156,71.4000015258789,69.4000015258789,70.16999816894531,33376.0,0.0,0.0,Cotton,CT=F
2024-11-04 00:00:00-05:00,70.18000030517578,70.98999786376953,69.70999908447266,69.93000030517578,27017.0,0.0,0.0,Cotton,CT=F
2024-11-05 00:00:00-05:00,69.93000030517578,70.18000030517578,69.41999816894531,69.94999694824219,20299.0,0.0,0.0,Cotton,CT=F
2024-11-06 00:00:00-05:00,69.94999694824219,70.0,68.94999694824219,69.69000244140625,32812.0,0.0,0.0,Cotton,CT=F
2024-11-07 00:00:00-05:00,69.75,71.18000030517578,69.75,71.05000305175781,38882.0,0.0,0.0,Cotton,CT=F
2024-11-08 00:00:00-05:00,71.02999877929688,71.36000061035156,70.01000213623047,70.9800033569336,41797.0,0.0,0.0,Cotton,CT=F
2024-11-11 00:00:00-05:00,70.97000122070312,71.23999786376953,69.61000061035156,69.69000244140625,36125.0,0.0,0.0,Cotton,CT=F
2024-11-12 00:00:00-05:00,69.87999725341797,70.0199966430664,68.72000122070312,68.7699966430664,29252.0,0.0,0.0,Cotton,CT=F
2024-11-13 00:00:00-05:00,68.75,69.04000091552734,67.95999908447266,68.9000015258789,24301.0,0.0,0.0,Cotton,CT=F
2024-11-14 00:00:00-05:00,68.80000305175781,69.73999786376953,68.2699966430664,68.31999969482422,15821.0,0.0,0.0,Cotton,CT=F
2024-11-15 00:00:00-05:00,68.3499984741211,68.37000274658203,66.6500015258789,66.80000305175781,13473.0,0.0,0.0,Cotton,CT=F
2024-11-18 00:00:00-05:00,66.83000183105469,67.0999984741211,66.41999816894531,66.62000274658203,12221.0,0.0,0.0,Cotton,CT=F
2024-11-19 00:00:00-05:00,66.61000061035156,67.08000183105469,66.0,66.88999938964844,12141.0,0.0,0.0,Cotton,CT=F
2024-11-20 00:00:00-05:00,66.79000091552734,68.97000122070312,66.75,68.45999908447266,11708.0,0.0,0.0,Cotton,CT=F
2024-11-21 00:00:00-05:00,68.45999908447266,71.45999908447266,68.05000305175781,69.19000244140625,4082.0,0.0,0.0,Cotton,CT=F
2024-11-22 00:00:00-05:00,71.0199966430664,71.44999694824219,71.0199966430664,71.6500015258789,559.0,0.0,0.0,Cotton,CT=F
2024-11-25 00:00:00-05:00,71.98999786376953,73.33999633789062,71.98999786376953,73.19999694824219,51.0,0.0,0.0,Cotton,CT=F
2024-11-26 00:00:00-05:00,72.8499984741211,73.25,72.8499984741211,73.37000274658203,781.0,0.0,0.0,Cotton,CT=F
2024-11-27 00:00:00-05:00,73.47000122070312,73.69999694824219,73.47000122070312,73.56999969482422,10.0,0.0,0.0,Cotton,CT=F
2024-11-29 00:00:00-05:00,73.62999725341797,73.6500015258789,73.38999938964844,73.3499984741211,4.0,0.0,0.0,Cotton,CT=F
2024-12-02 00:00:00-05:00,72.43000030517578,72.43000030517578,72.43000030517578,72.43000030517578,0.0,0.0,0.0,Cotton,CT=F
2024-12-03 00:00:00-05:00,72.3499984741211,72.3499984741211,72.3499984741211,72.69000244140625,4.0,0.0,0.0,Cotton,CT=F
2024-12-04 00:00:00-05:00,72.80999755859375,72.81999969482422,72.80999755859375,72.5999984741211,187.0,0.0,0.0,Cotton,CT=F
2024-12-05 00:00:00-05:00,72.83999633789062,72.94000244140625,72.83999633789062,72.38999938964844,15.0,0.0,0.0,Cotton,CT=F
2024-12-06 00:00:00-05:00,71.4000015258789,71.4000015258789,71.4000015258789,71.4000015258789,22621.0,0.0,0.0,Cotton,CT=F
2024-12-09 00:00:00-05:00,70.01000213623047,70.75,69.75,69.94999694824219,20505.0,0.0,0.0,Cotton,CT=F
2024-12-10 00:00:00-05:00,69.94999694824219,70.16999816894531,69.25,69.4800033569336,22721.0,0.0,0.0,Cotton,CT=F
2024-12-11 00:00:00-05:00,69.4800033569336,70.38999938964844,69.05000305175781,70.1500015258789,22937.0,0.0,0.0,Cotton,CT=F
2024-12-12 00:00:00-05:00,69.87000274658203,70.47000122070312,69.83999633789062,70.08999633789062,15616.0,0.0,0.0,Cotton,CT=F
2024-12-13 00:00:00-05:00,70.0,70.06999969482422,69.19999694824219,69.2699966430664,15256.0,0.0,0.0,Cotton,CT=F
2024-12-16 00:00:00-05:00,69.2699966430664,69.91000366210938,69.0199966430664,69.05999755859375,13699.0,0.0,0.0,Cotton,CT=F
2024-12-17 00:00:00-05:00,69.05999755859375,69.19000244140625,68.55000305175781,68.69000244140625,20097.0,0.0,0.0,Cotton,CT=F
2024-12-18 00:00:00-05:00,68.6500015258789,68.9000015258789,68.05000305175781,68.08000183105469,21110.0,0.0,0.0,Cotton,CT=F
2024-12-19 00:00:00-05:00,68.11000061035156,68.33999633789062,67.55999755859375,67.91000366210938,19798.0,0.0,0.0,Cotton,CT=F
2024-12-20 00:00:00-05:00,67.91000366210938,68.20999908447266,67.4800033569336,68.05999755859375,18359.0,0.0,0.0,Cotton,CT=F
2024-12-23 00:00:00-05:00,68.1500015258789,69.86000061035156,68.1500015258789,69.41999816894531,21944.0,0.0,0.0,Cotton,CT=F
2024-12-24 00:00:00-05:00,69.37000274658203,69.6500015258789,68.68000030517578,68.77999877929688,0.0,0.0,0.0,Cotton,CT=F
2024-12-26 00:00:00-05:00,68.77999877929688,69.16999816894531,68.5,68.75,7666.0,0.0,0.0,Cotton,CT=F
2024-12-27 00:00:00-05:00,68.66999816894531,69.0,68.30000305175781,68.88999938964844,8142.0,0.0,0.0,Cotton,CT=F
2024-12-30 00:00:00-05:00,68.77999877929688,69.25,68.26000213623047,68.4800033569336,10233.0,0.0,0.0,Cotton,CT=F
2024-12-31 00:00:00-05:00,68.5,68.88999938964844,68.2699966430664,68.4000015258789,0.0,0.0,0.0,Cotton,CT=F
2025-01-02 00:00:00-05:00,68.4000015258789,69.44000244140625,68.26000213623047,68.56999969482422,16088.0,0.0,0.0,Cotton,CT=F
2025-01-03 00:00:00-05:00,68.5,68.72000122070312,67.62999725341797,67.66000366210938,18805.0,0.0,0.0,Cotton,CT=F
2025-01-06 00:00:00-05:00,67.76000213623047,68.75,67.76000213623047,68.68000030517578,19355.0,0.0,0.0,Cotton,CT=F
2025-01-07 00:00:00-05:00,68.5999984741211,69.1500015258789,68.41000366210938,68.51000213623047,16526.0,0.0,0.0,Cotton,CT=F
2025-01-08 00:00:00-05:00,68.5199966430664,68.63999938964844,68.04000091552734,68.2300033569336,15483.0,0.0,0.0,Cotton,CT=F
2025-01-09 00:00:00-05:00,68.22000122070312,68.75,67.86000061035156,68.5,15851.0,0.0,0.0,Cotton,CT=F
2025-01-10 00:00:00-05:00,68.51000213623047,68.69999694824219,66.9000015258789,67.01000213623047,15851.0,0.0,0.0,Cotton,CT=F
2024-01-03 00:00:00-05:00,20.899999618530273,21.399999618530273,20.709999084472656,20.850000381469727,49170.0,0.0,0.0,Sugar,SB=F
2024-01-04 00:00:00-05:00,20.979999542236328,21.25,20.860000610351562,21.079999923706055,37418.0,0.0,0.0,Sugar,SB=F
2024-01-05 00:00:00-05:00,21.1299991607666,21.209999084472656,20.600000381469727,21.110000610351562,46519.0,0.0,0.0,Sugar,SB=F
2024-01-08 00:00:00-05:00,21.110000610351562,21.790000915527344,21.110000610351562,21.739999771118164,49428.0,0.0,0.0,Sugar,SB=F
2024-01-09 00:00:00-05:00,21.799999237060547,21.959999084472656,21.540000915527344,21.700000762939453,49414.0,0.0,0.0,Sugar,SB=F
2024-01-10 00:00:00-05:00,21.579999923706055,21.940000534057617,21.360000610351562,21.40999984741211,49327.0,0.0,0.0,Sugar,SB=F
2024-01-11 00:00:00-05:00,21.40999984741211,21.90999984741211,21.31999969482422,21.760000228881836,45454.0,0.0,0.0,Sugar,SB=F
2024-01-12 00:00:00-05:00,21.889999389648438,21.950000762939453,21.559999465942383,21.610000610351562,40896.0,0.0,0.0,Sugar,SB=F
2024-01-16 00:00:00-05:00,21.850000381469727,22.639999389648438,21.850000381469727,22.520000457763672,80686.0,0.0,0.0,Sugar,SB=F
2024-01-17 00:00:00-05:00,22.549999237060547,22.690000534057617,22.209999084472656,22.350000381469727,57985.0,0.0,0.0,Sugar,SB=F
2024-01-18 00:00:00-05:00,22.350000381469727,23.200000762939453,22.290000915527344,23.040000915527344,46445.0,0.0,0.0,Sugar,SB=F
2024-01-19 00:00:00-05:00,23.100000381469727,23.75,23.040000915527344,23.56999969482422,73231.0,0.0,0.0,Sugar,SB=F
2024-01-22 00:00:00-05:00,23.559999465942383,23.739999771118164,23.420000076293945,23.5,44230.0,0.0,0.0,Sugar,SB=F
2024-01-23 00:00:00-05:00,23.479999542236328,23.8799991607666,23.25,23.75,50025.0,0.0,0.0,Sugar,SB=F
2024-01-24 00:00:00-05:00,23.700000762939453,24.540000915527344,23.450000762939453,24.459999084472656,78953.0,0.0,0.0,Sugar,SB=F
2024-01-25 00:00:00-05:00,24.479999542236328,24.6200008392334,23.920000076293945,24.040000915527344,64760.0,0.0,0.0,Sugar,SB=F
2024-01-26 00:00:00-05:00,24.0,24.329999923706055,23.639999389648438,23.770000457763672,51840.0,0.0,0.0,Sugar,SB=F
2024-01-29 00:00:00-05:00,23.770000457763672,24.299999237060547,23.420000076293945,23.530000686645508,50699.0,0.0,0.0,Sugar,SB=F
2024-01-30 00:00:00-05:00,23.420000076293945,24.020000457763672,23.290000915527344,23.90999984741211,44686.0,0.0,0.0,Sugar,SB=F
2024-01-31 00:00:00-05:00,23.93000030517578,24.18000030517578,23.770000457763672,24.1299991607666,52645.0,0.0,0.0,Sugar,SB=F
2024-02-01 00:00:00-05:00,24.1299991607666,24.239999771118164,23.450000762939453,23.559999465942383,46643.0,0.0,0.0,Sugar,SB=F
2024-02-02 00:00:00-05:00,23.440000534057617,24.020000457763672,23.309999465942383,23.889999389648438,60491.0,0.0,0.0,Sugar,SB=F
2024-02-05 00:00:00-05:00,23.940000534057617,23.989999771118164,23.43000030517578,23.530000686645508,52431.0,0.0,0.0,Sugar,SB=F
2024-02-06 00:00:00-05:00,23.520000457763672,23.920000076293945,23.020000457763672,23.559999465942383,89583.0,0.0,0.0,Sugar,SB=F
2024-02-07 00:00:00-05:00,23.700000762939453,24.40999984741211,23.639999389648438,23.8799991607666,99814.0,0.0,0.0,Sugar,SB=F
2024-02-08 00:00:00-05:00,23.8700008392334,24.049999237060547,23.549999237060547,23.979999542236328,76784.0,0.0,0.0,Sugar,SB=F
2024-02-09 00:00:00-05:00,24.0,24.420000076293945,23.860000610351562,24.020000457763672,78501.0,0.0,0.0,Sugar,SB=F
2024-02-12 00:00:00-05:00,23.950000762939453,23.989999771118164,23.520000457763672,23.559999465942383,61797.0,0.0,0.0,Sugar,SB=F
2024-02-13 00:00:00-05:00,23.6200008392334,23.639999389648438,23.229999542236328,23.299999237060547,52162.0,0.0,0.0,Sugar,SB=F
2024-02-14 00:00:00-05:00,23.299999237060547,23.56999969482422,22.790000915527344,23.3700008392334,56986.0,0.0,0.0,Sugar,SB=F
2024-02-15 00:00:00-05:00,23.3700008392334,23.3799991607666,22.75,22.81999969482422,106657.0,0.0,0.0,Sugar,SB=F
2024-02-16 00:00:00-05:00,22.850000381469727,23.389999389648438,22.709999084472656,23.079999923706055,51979.0,0.0,0.0,Sugar,SB=F
2024-02-20 00:00:00-05:00,23.0,23.0,22.489999771118164,22.75,46771.0,0.0,0.0,Sugar,SB=F
2024-02-21 00:00:00-05:00,22.780000686645508,22.93000030517578,22.469999313354492,22.770000457763672,26871.0,0.0,0.0,Sugar,SB=F
2024-02-22 00:00:00-05:00,22.770000457763672,22.950000762939453,22.110000610351562,22.829999923706055,41177.0,0.0,0.0,Sugar,SB=F
2024-02-23 00:00:00-05:00,22.700000762939453,23.079999923706055,22.559999465942383,22.6200008392334,25662.0,0.0,0.0,Sugar,SB=F
2024-02-26 00:00:00-05:00,22.670000076293945,23.450000762939453,22.450000762939453,23.149999618530273,38068.0,0.0,0.0,Sugar,SB=F
2024-02-27 00:00:00-05:00,23.239999771118164,24.06999969482422,23.1200008392334,23.84000015258789,38661.0,0.0,0.0,Sugar,SB=F
2024-02-28 00:00:00-05:00,23.799999237060547,24.15999984741211,23.670000076293945,24.010000228881836,17198.0,0.0,0.0,Sugar,SB=F
2024-02-29 00:00:00-05:00,23.850000381469727,23.989999771118164,22.5,22.579999923706055,80899.0,0.0,0.0,Sugar,SB=F
2024-03-01 00:00:00-05:00,21.829999923706055,21.8799991607666,20.959999084472656,21.09000015258789,80094.0,0.0,0.0,Sugar,SB=F
2024-03-04 00:00:00-05:00,21.1299991607666,21.43000030517578,20.549999237060547,20.600000381469727,59497.0,0.0,0.0,Sugar,SB=F
2024-03-05 00:00:00-05:00,20.690000534057617,21.15999984741211,20.530000686645508,20.8700008392334,57576.0,0.0,0.0,Sugar,SB=F
2024-03-06 00:00:00-05:00,20.8700008392334,21.68000030517578,20.719999313354492,21.450000762939453,58046.0,0.0,0.0,Sugar,SB=F
2024-03-07 00:00:00-05:00,21.469999313354492,21.479999542236328,20.860000610351562,21.280000686645508,46356.0,0.0,0.0,Sugar,SB=F
2024-03-08 00:00:00-05:00,21.290000915527344,21.399999618530273,21.010000228881836,21.149999618530273,36017.0,0.0,0.0,Sugar,SB=F
2024-03-11 00:00:00-04:00,21.18000030517578,21.989999771118164,21.1299991607666,21.950000762939453,55283.0,0.0,0.0,Sugar,SB=F
2024-03-12 00:00:00-04:00,21.899999618530273,22.100000381469727,21.770000457763672,21.889999389648438,51476.0,0.0,0.0,Sugar,SB=F
2024-03-13 00:00:00-04:00,22.0,22.18000030517578,21.360000610351562,21.93000030517578,56041.0,0.0,0.0,Sugar,SB=F
2024-03-14 00:00:00-04:00,22.0,22.229999542236328,21.65999984741211,21.770000457763672,53207.0,0.0,0.0,Sugar,SB=F
2024-03-15 00:00:00-04:00,21.75,22.149999618530273,21.719999313354492,22.1200008392334,40403.0,0.0,0.0,Sugar,SB=F
2024-03-18 00:00:00-04:00,22.200000762939453,22.350000381469727,21.940000534057617,22.15999984741211,43162.0,0.0,0.0,Sugar,SB=F
2024-03-19 00:00:00-04:00,22.149999618530273,22.219999313354492,21.479999542236328,21.639999389648438,49472.0,0.0,0.0,Sugar,SB=F
2024-03-20 00:00:00-04:00,21.579999923706055,21.799999237060547,21.1299991607666,21.770000457763672,47676.0,0.0,0.0,Sugar,SB=F
2024-03-21 00:00:00-04:00,21.889999389648438,22.18000030517578,21.81999969482422,22.059999465942383,43310.0,0.0,0.0,Sugar,SB=F
2024-03-22 00:00:00-04:00,21.969999313354492,22.229999542236328,21.75,21.850000381469727,37110.0,0.0,0.0,Sugar,SB=F
2024-03-25 00:00:00-04:00,21.780000686645508,22.1299991607666,21.719999313354492,21.950000762939453,35375.0,0.0,0.0,Sugar,SB=F
2024-03-26 00:00:00-04:00,21.940000534057617,22.479999542236328,21.93000030517578,22.389999389648438,72308.0,0.0,0.0,Sugar,SB=F
2024-03-27 00:00:00-04:00,22.34000015258789,22.389999389648438,21.760000228881836,22.190000534057617,48563.0,0.0,0.0,Sugar,SB=F
2024-03-28 00:00:00-04:00,22.190000534057617,22.59000015258789,22.059999465942383,22.520000457763672,55316.0,0.0,0.0,Sugar,SB=F
2024-04-01 00:00:00-04:00,22.649999618530273,22.90999984741211,22.530000686645508,22.719999313354492,62945.0,0.0,0.0,Sugar,SB=F
2024-04-02 00:00:00-04:00,22.649999618530273,22.90999984741211,22.270000457763672,22.31999969482422,62393.0,0.0,0.0,Sugar,SB=F
2024-04-03 00:00:00-04:00,22.31999969482422,22.6299991607666,22.040000915527344,22.219999313354492,58653.0,0.0,0.0,Sugar,SB=F
2024-04-04 00:00:00-04:00,22.290000915527344,22.469999313354492,22.1200008392334,22.360000610351562,47419.0,0.0,0.0,Sugar,SB=F
2024-04-05 00:00:00-04:00,22.3700008392334,22.479999542236328,21.799999237060547,21.989999771118164,66091.0,0.0,0.0,Sugar,SB=F
2024-04-08 00:00:00-04:00,21.93000030517578,22.229999542236328,21.549999237060547,21.59000015258789,78743.0,0.0,0.0,Sugar,SB=F
2024-04-09 00:00:00-04:00,21.540000915527344,21.709999084472656,21.3799991607666,21.489999771118164,75985.0,0.0,0.0,Sugar,SB=F
2024-04-10 00:00:00-04:00,21.690000534057617,21.829999923706055,21.399999618530273,21.459999084472656,55283.0,0.0,0.0,Sugar,SB=F
2024-04-11 00:00:00-04:00,21.450000762939453,21.559999465942383,20.809999465942383,20.850000381469727,87772.0,0.0,0.0,Sugar,SB=F
2024-04-12 00:00:00-04:00,20.850000381469727,20.969999313354492,20.40999984741211,20.450000762939453,75215.0,0.0,0.0,Sugar,SB=F
2024-04-15 00:00:00-04:00,20.510000228881836,20.600000381469727,20.0,20.020000457763672,80806.0,0.0,0.0,Sugar,SB=F
2024-04-16 00:00:00-04:00,20.049999237060547,20.049999237060547,19.280000686645508,19.6299991607666,69518.0,0.0,0.0,Sugar,SB=F
2024-04-17 00:00:00-04:00,19.56999969482422,19.6299991607666,19.170000076293945,19.31999969482422,38977.0,0.0,0.0,Sugar,SB=F
2024-04-18 00:00:00-04:00,19.5,19.770000457763672,19.25,19.59000015258789,25415.0,0.0,0.0,Sugar,SB=F
2024-04-19 00:00:00-04:00,19.799999237060547,19.84000015258789,19.450000762939453,19.729999542236328,31654.0,0.0,0.0,Sugar,SB=F
2024-04-22 00:00:00-04:00,19.8799991607666,20.149999618530273,19.709999084472656,19.799999237060547,30468.0,0.0,0.0,Sugar,SB=F
2024-04-23 00:00:00-04:00,19.799999237060547,19.989999771118164,19.729999542236328,19.90999984741211,39678.0,0.0,0.0,Sugar,SB=F
2024-04-24 00:00:00-04:00,19.90999984741211,20.040000915527344,19.770000457763672,20.0,35115.0,0.0,0.0,Sugar,SB=F
2024-04-25 00:00:00-04:00,19.899999618530273,19.920000076293945,19.25,19.479999542236328,42504.0,0.0,0.0,Sugar,SB=F
2024-04-26 00:00:00-04:00,19.440000534057617,20.0,19.350000381469727,19.399999618530273,51400.0,0.0,0.0,Sugar,SB=F
2024-04-29 00:00:00-04:00,19.3700008392334,20.229999542236328,19.3700008392334,20.200000762939453,17324.0,0.0,0.0,Sugar,SB=F
2024-04-30 00:00:00-04:00,20.209999084472656,20.229999542236328,19.579999923706055,19.709999084472656,48666.0,0.0,0.0,Sugar,SB=F
2024-05-01 00:00:00-04:00,19.479999542236328,19.479999542236328,19.09000015258789,19.219999313354492,41619.0,0.0,0.0,Sugar,SB=F
2024-05-02 00:00:00-04:00,19.350000381469727,19.489999771118164,19.100000381469727,19.25,45442.0,0.0,0.0,Sugar,SB=F
2024-05-03 00:00:00-04:00,19.299999237060547,19.520000457763672,19.18000030517578,19.280000686645508,42472.0,0.0,0.0,Sugar,SB=F
2024-05-06 00:00:00-04:00,19.299999237060547,19.520000457763672,19.149999618530273,19.479999542236328,32335.0,0.0,0.0,Sugar,SB=F
2024-05-07 00:00:00-04:00,19.5,20.0,19.3799991607666,19.950000762939453,73884.0,0.0,0.0,Sugar,SB=F
2024-05-08 00:00:00-04:00,19.950000762939453,19.950000762939453,19.510000228881836,19.600000381469727,54277.0,0.0,0.0,Sugar,SB=F
2024-05-09 00:00:00-04:00,19.600000381469727,19.8700008392334,19.399999618530273,19.579999923706055,43498.0,0.0,0.0,Sugar,SB=F
2024-05-10 00:00:00-04:00,19.579999923706055,19.610000610351562,19.25,19.299999237060547,34802.0,0.0,0.0,Sugar,SB=F
2024-05-13 00:00:00-04:00,19.239999771118164,19.34000015258789,18.579999923706055,18.6299991607666,78417.0,0.0,0.0,Sugar,SB=F
2024-05-14 00:00:00-04:00,18.600000381469727,18.950000762939453,18.309999465942383,18.8700008392334,60775.0,0.0,0.0,Sugar,SB=F
2024-05-15 00:00:00-04:00,18.899999618530273,18.959999084472656,18.5,18.649999618530273,51115.0,0.0,0.0,Sugar,SB=F
2024-05-16 00:00:00-04:00,18.649999618530273,18.649999618530273,17.950000762939453,18.329999923706055,67328.0,0.0,0.0,Sugar,SB=F
2024-05-17 00:00:00-04:00,18.350000381469727,18.450000762939453,18.059999465942383,18.1299991607666,34746.0,0.0,0.0,Sugar,SB=F
2024-05-20 00:00:00-04:00,18.079999923706055,18.790000915527344,18.049999237060547,18.68000030517578,53720.0,0.0,0.0,Sugar,SB=F
2024-05-21 00:00:00-04:00,18.670000076293945,18.760000228881836,18.40999984741211,18.559999465942383,41256.0,0.0,0.0,Sugar,SB=F
2024-05-22 00:00:00-04:00,18.559999465942383,18.600000381469727,18.200000762939453,18.229999542236328,33473.0,0.0,0.0,Sugar,SB=F
2024-05-23 00:00:00-04:00,18.229999542236328,18.56999969482422,18.229999542236328,18.260000228881836,49686.0,0.0,0.0,Sugar,SB=F
2024-05-24 00:00:00-04:00,18.260000228881836,18.479999542236328,18.030000686645508,18.40999984741211,44556.0,0.0,0.0,Sugar,SB=F
2024-05-28 00:00:00-04:00,18.670000076293945,18.799999237060547,18.530000686645508,18.729999542236328,61999.0,0.0,0.0,Sugar,SB=F
2024-05-29 00:00:00-04:00,18.700000762939453,18.729999542236328,18.219999313354492,18.350000381469727,55107.0,0.0,0.0,Sugar,SB=F
2024-05-30 00:00:00-04:00,18.31999969482422,18.3700008392334,18.149999618530273,18.190000534057617,48843.0,0.0,0.0,Sugar,SB=F
2024-05-31 00:00:00-04:00,18.18000030517578,18.459999084472656,18.030000686645508,18.299999237060547,53221.0,0.0,0.0,Sugar,SB=F
2024-06-03 00:00:00-04:00,18.299999237060547,18.850000381469727,18.209999084472656,18.780000686645508,62892.0,0.0,0.0,Sugar,SB=F
2024-06-04 00:00:00-04:00,18.770000457763672,18.899999618530273,18.6200008392334,18.860000610351562,71396.0,0.0,0.0,Sugar,SB=F
2024-06-05 00:00:00-04:00,18.8700008392334,19.170000076293945,18.729999542236328,19.1299991607666,114114.0,0.0,0.0,Sugar,SB=F
2024-06-06 00:00:00-04:00,19.149999618530273,19.329999923706055,19.079999923706055,19.219999313354492,92955.0,0.0,0.0,Sugar,SB=F
2024-06-07 00:00:00-04:00,19.200000762939453,19.3700008392334,18.760000228881836,19.0,124343.0,0.0,0.0,Sugar,SB=F
2024-06-10 00:00:00-04:00,18.950000762939453,19.299999237060547,18.600000381469727,18.6299991607666,103858.0,0.0,0.0,Sugar,SB=F
2024-06-11 00:00:00-04:00,18.700000762939453,18.950000762939453,18.59000015258789,18.790000915527344,69508.0,0.0,0.0,Sugar,SB=F
2024-06-12 00:00:00-04:00,18.75,19.190000534057617,18.729999542236328,19.100000381469727,85538.0,0.0,0.0,Sugar,SB=F
2024-06-13 00:00:00-04:00,19.049999237060547,19.639999389648438,19.049999237060547,19.59000015258789,106313.0,0.0,0.0,Sugar,SB=F
2024-06-14 00:00:00-04:00,19.489999771118164,19.600000381469727,19.270000457763672,19.43000030517578,61211.0,0.0,0.0,Sugar,SB=F
2024-06-17 00:00:00-04:00,19.31999969482422,19.31999969482422,18.809999465942383,18.979999542236328,87484.0,0.0,0.0,Sugar,SB=F
2024-06-18 00:00:00-04:00,18.93000030517578,19.190000534057617,18.809999465942383,18.920000076293945,52594.0,0.0,0.0,Sugar,SB=F
2024-06-20 00:00:00-04:00,19.100000381469727,19.43000030517578,18.81999969482422,18.889999389648438,70520.0,0.0,0.0,Sugar,SB=F
2024-06-21 00:00:00-04:00,18.920000076293945,19.059999465942383,18.809999465942383,18.969999313354492,62108.0,0.0,0.0,Sugar,SB=F
2024-06-24 00:00:00-04:00,18.920000076293945,19.440000534057617,18.81999969482422,19.40999984741211,76214.0,0.0,0.0,Sugar,SB=F
2024-06-25 00:00:00-04:00,19.469999313354492,19.469999313354492,18.84000015258789,19.100000381469727,54319.0,0.0,0.0,Sugar,SB=F
2024-06-26 00:00:00-04:00,19.100000381469727,19.309999465942383,18.90999984741211,19.239999771118164,28349.0,0.0,0.0,Sugar,SB=F
2024-06-27 00:00:00-04:00,19.290000915527344,20.15999984741211,19.229999542236328,20.1200008392334,19388.0,0.0,0.0,Sugar,SB=F
2024-06-28 00:00:00-04:00,20.1200008392334,20.329999923706055,19.899999618530273,20.309999465942383,97361.0,0.0,0.0,Sugar,SB=F
2024-07-01 00:00:00-04:00,20.25,20.40999984741211,20.059999465942383,20.229999542236328,55376.0,0.0,0.0,Sugar,SB=F
2024-07-02 00:00:00-04:00,20.139999389648438,20.780000686645508,19.93000030517578,20.610000610351562,74275.0,0.0,0.0,Sugar,SB=F
2024-07-03 00:00:00-04:00,20.610000610351562,20.729999542236328,20.450000762939453,20.530000686645508,55067.0,0.0,0.0,Sugar,SB=F
2024-07-05 00:00:00-04:00,20.530000686645508,20.670000076293945,20.079999923706055,20.139999389648438,58227.0,0.0,0.0,Sugar,SB=F
2024-07-08 00:00:00-04:00,20.1299991607666,20.3700008392334,19.829999923706055,20.1299991607666,54201.0,0.0,0.0,Sugar,SB=F
2024-07-09 00:00:00-04:00,20.309999465942383,20.309999465942383,19.610000610351562,19.6200008392334,53843.0,0.0,0.0,Sugar,SB=F
2024-07-10 00:00:00-04:00,19.690000534057617,20.1200008392334,19.520000457763672,19.809999465942383,53139.0,0.0,0.0,Sugar,SB=F
2024-07-11 00:00:00-04:00,19.790000915527344,19.899999618530273,19.389999389648438,19.43000030517578,62645.0,0.0,0.0,Sugar,SB=F
2024-07-12 00:00:00-04:00,19.450000762939453,19.530000686645508,19.18000030517578,19.200000762939453,46493.0,0.0,0.0,Sugar,SB=F
2024-07-15 00:00:00-04:00,19.149999618530273,19.81999969482422,19.09000015258789,19.760000228881836,55839.0,0.0,0.0,Sugar,SB=F
2024-07-16 00:00:00-04:00,19.81999969482422,19.8799991607666,19.540000915527344,19.6200008392334,35346.0,0.0,0.0,Sugar,SB=F
2024-07-17 00:00:00-04:00,19.600000381469727,19.600000381469727,19.149999618530273,19.360000610351562,44803.0,0.0,0.0,Sugar,SB=F
2024-07-18 00:00:00-04:00,19.360000610351562,19.3799991607666,18.809999465942383,18.940000534057617,62006.0,0.0,0.0,Sugar,SB=F
2024-07-19 00:00:00-04:00,19.0,19.0,18.549999237060547,18.65999984741211,59278.0,0.0,0.0,Sugar,SB=F
2024-07-22 00:00:00-04:00,18.65999984741211,18.739999771118164,18.25,18.299999237060547,59034.0,0.0,0.0,Sugar,SB=F
2024-07-23 00:00:00-04:00,18.299999237060547,18.40999984741211,18.079999923706055,18.15999984741211,55653.0,0.0,0.0,Sugar,SB=F
2024-07-24 00:00:00-04:00,18.200000762939453,18.309999465942383,17.860000610351562,17.90999984741211,74074.0,0.0,0.0,Sugar,SB=F
2024-07-25 00:00:00-04:00,18.0,18.700000762939453,17.920000076293945,18.65999984741211,71672.0,0.0,0.0,Sugar,SB=F
2024-07-26 00:00:00-04:00,18.700000762939453,18.739999771118164,18.31999969482422,18.420000076293945,41569.0,0.0,0.0,Sugar,SB=F
2024-07-29 00:00:00-04:00,18.5,19.049999237060547,18.469999313354492,19.010000228881836,55993.0,0.0,0.0,Sugar,SB=F
2024-07-30 00:00:00-04:00,19.059999465942383,19.139999389648438,18.809999465942383,19.1200008392334,39582.0,0.0,0.0,Sugar,SB=F
2024-07-31 00:00:00-04:00,19.18000030517578,19.31999969482422,18.75,18.940000534057617,52290.0,0.0,0.0,Sugar,SB=F
2024-08-01 00:00:00-04:00,19.0,19.219999313354492,18.389999389648438,18.5,54598.0,0.0,0.0,Sugar,SB=F
2024-08-02 00:00:00-04:00,18.530000686645508,18.670000076293945,18.0,18.100000381469727,57766.0,0.0,0.0,Sugar,SB=F
2024-08-05 00:00:00-04:00,18.049999237060547,18.350000381469727,17.639999389648438,18.079999923706055,57567.0,0.0,0.0,Sugar,SB=F
2024-08-06 00:00:00-04:00,18.100000381469727,18.1299991607666,17.770000457763672,17.8700008392334,44374.0,0.0,0.0,Sugar,SB=F
2024-08-07 00:00:00-04:00,17.8700008392334,18.260000228881836,17.799999237060547,18.139999389648438,37380.0,0.0,0.0,Sugar,SB=F
2024-08-08 00:00:00-04:00,18.079999923706055,18.850000381469727,17.950000762939453,18.56999969482422,69026.0,0.0,0.0,Sugar,SB=F
2024-08-09 00:00:00-04:00,18.5,18.8799991607666,18.309999465942383,18.479999542236328,42028.0,0.0,0.0,Sugar,SB=F
2024-08-12 00:00:00-04:00,18.520000457763672,18.729999542236328,18.229999542236328,18.290000915527344,34125.0,0.0,0.0,Sugar,SB=F
2024-08-13 00:00:00-04:00,18.350000381469727,18.700000762939453,18.299999237060547,18.389999389648438,36501.0,0.0,0.0,Sugar,SB=F
2024-08-14 00:00:00-04:00,18.360000610351562,18.440000534057617,17.90999984741211,17.969999313354492,42166.0,0.0,0.0,Sugar,SB=F
2024-08-15 00:00:00-04:00,17.979999542236328,18.09000015258789,17.809999465942383,17.8799991607666,36463.0,0.0,0.0,Sugar,SB=F
2024-08-16 00:00:00-04:00,17.850000381469727,18.3700008392334,17.84000015258789,18.030000686645508,37168.0,0.0,0.0,Sugar,SB=F
2024-08-19 00:00:00-04:00,18.0,18.1299991607666,17.920000076293945,18.020000457763672,31101.0,0.0,0.0,Sugar,SB=F
2024-08-20 00:00:00-04:00,18.09000015258789,18.1200008392334,17.520000457763672,17.56999969482422,59890.0,0.0,0.0,Sugar,SB=F
2024-08-21 00:00:00-04:00,17.600000381469727,17.739999771118164,17.520000457763672,17.649999618530273,38194.0,0.0,0.0,Sugar,SB=F
2024-08-22 00:00:00-04:00,17.68000030517578,18.059999465942383,17.639999389648438,17.850000381469727,37780.0,0.0,0.0,Sugar,SB=F
2024-08-23 00:00:00-04:00,17.90999984741211,18.43000030517578,17.889999389648438,18.389999389648438,56095.0,0.0,0.0,Sugar,SB=F
2024-08-26 00:00:00-04:00,18.5,19.170000076293945,18.5,19.040000915527344,90637.0,0.0,0.0,Sugar,SB=F
2024-08-27 00:00:00-04:00,19.18000030517578,19.68000030517578,18.520000457763672,19.600000381469727,97197.0,0.0,0.0,Sugar,SB=F
2024-08-28 00:00:00-04:00,19.610000610351562,19.65999984741211,19.1200008392334,19.540000915527344,87729.0,0.0,0.0,Sugar,SB=F
2024-08-29 00:00:00-04:00,19.559999465942383,19.979999542236328,19.450000762939453,19.889999389648438,80334.0,0.0,0.0,Sugar,SB=F
2024-08-30 00:00:00-04:00,19.8799991607666,19.950000762939453,19.280000686645508,19.3799991607666,71573.0,0.0,0.0,Sugar,SB=F
2024-09-03 00:00:00-04:00,19.1200008392334,19.770000457763672,19.020000457763672,19.489999771118164,70974.0,0.0,0.0,Sugar,SB=F
2024-09-04 00:00:00-04:00,19.399999618530273,19.540000915527344,19.06999969482422,19.239999771118164,58558.0,0.0,0.0,Sugar,SB=F
2024-09-05 00:00:00-04:00,19.25,19.56999969482422,19.149999618530273,19.219999313354492,48512.0,0.0,0.0,Sugar,SB=F
2024-09-06 00:00:00-04:00,19.290000915527344,19.610000610351562,18.84000015258789,18.90999984741211,63017.0,0.0,0.0,Sugar,SB=F
2024-09-09 00:00:00-04:00,18.920000076293945,19.040000915527344,18.600000381469727,18.829999923706055,63017.0,0.0,0.0,Sugar,SB=F
2024-09-10 00:00:00-04:00,18.829999923706055,18.8700008392334,18.43000030517578,18.469999313354492,99286.0,0.0,0.0,Sugar,SB=F
2024-09-11 00:00:00-04:00,18.5,18.979999542236328,18.440000534057617,18.729999542236328,97771.0,0.0,0.0,Sugar,SB=F
2024-09-12 00:00:00-04:00,18.700000762939453,19.239999771118164,18.690000534057617,19.06999969482422,110330.0,0.0,0.0,Sugar,SB=F
2024-09-13 00:00:00-04:00,19.049999237060547,19.420000076293945,18.920000076293945,19.010000228881836,94997.0,0.0,0.0,Sugar,SB=F
2024-09-16 00:00:00-04:00,18.989999771118164,19.43000030517578,18.84000015258789,19.18000030517578,81276.0,0.0,0.0,Sugar,SB=F
2024-09-17 00:00:00-04:00,19.18000030517578,20.149999618530273,19.059999465942383,19.979999542236328,88669.0,0.0,0.0,Sugar,SB=F
2024-09-18 00:00:00-04:00,19.920000076293945,21.399999618530273,19.84000015258789,21.15999984741211,71753.0,0.0,0.0,Sugar,SB=F
2024-09-19 00:00:00-04:00,21.0,22.079999923706055,20.969999313354492,21.93000030517578,60882.0,0.0,0.0,Sugar,SB=F
2024-09-20 00:00:00-04:00,21.950000762939453,23.1299991607666,21.950000762939453,22.65999984741211,72386.0,0.0,0.0,Sugar,SB=F
2024-09-23 00:00:00-04:00,22.40999984741211,23.170000076293945,22.280000686645508,22.549999237060547,35554.0,0.0,0.0,Sugar,SB=F
2024-09-24 00:00:00-04:00,22.5,23.299999237060547,22.3799991607666,23.1200008392334,38327.0,0.0,0.0,Sugar,SB=F
2024-09-25 00:00:00-04:00,22.989999771118164,23.56999969482422,22.899999618530273,23.420000076293945,32166.0,0.0,0.0,Sugar,SB=F
2024-09-26 00:00:00-04:00,23.579999923706055,23.709999084472656,23.229999542236328,23.309999465942383,23465.0,0.0,0.0,Sugar,SB=F
2024-09-27 00:00:00-04:00,23.219999313354492,23.219999313354492,22.510000228881836,22.790000915527344,32856.0,0.0,0.0,Sugar,SB=F
2024-09-30 00:00:00-04:00,22.700000762939453,22.84000015258789,22.100000381469727,22.670000076293945,64473.0,0.0,0.0,Sugar,SB=F
2024-10-01 00:00:00-04:00,22.5,23.06999969482422,22.239999771118164,22.969999313354492,55549.0,0.0,0.0,Sugar,SB=F
2024-10-02 00:00:00-04:00,23.0,23.170000076293945,22.459999084472656,22.68000030517578,48872.0,0.0,0.0,Sugar,SB=F
2024-10-03 00:00:00-04:00,22.540000915527344,23.34000015258789,22.389999389648438,23.239999771118164,56050.0,0.0,0.0,Sugar,SB=F
2024-10-04 00:00:00-04:00,23.299999237060547,23.450000762939453,22.729999542236328,23.010000228881836,44713.0,0.0,0.0,Sugar,SB=F
2024-10-07 00:00:00-04:00,23.0,23.139999389648438,22.31999969482422,22.549999237060547,54038.0,0.0,0.0,Sugar,SB=F
2024-10-08 00:00:00-04:00,22.459999084472656,22.690000534057617,22.200000762939453,22.489999771118164,40762.0,0.0,0.0,Sugar,SB=F
2024-10-09 00:00:00-04:00,22.510000228881836,22.540000915527344,21.770000457763672,22.040000915527344,56934.0,0.0,0.0,Sugar,SB=F
2024-10-10 00:00:00-04:00,22.079999923706055,22.350000381469727,21.860000610351562,22.15999984741211,39830.0,0.0,0.0,Sugar,SB=F
2024-10-11 00:00:00-04:00,22.149999618530273,22.68000030517578,21.90999984741211,22.239999771118164,54713.0,0.0,0.0,Sugar,SB=F
2024-10-14 00:00:00-04:00,22.229999542236328,22.579999923706055,22.030000686645508,22.389999389648438,36941.0,0.0,0.0,Sugar,SB=F
2024-10-15 00:00:00-04:00,22.280000686645508,22.8700008392334,22.18000030517578,22.81999969482422,51690.0,0.0,0.0,Sugar,SB=F
2024-10-16 00:00:00-04:00,22.75,22.950000762939453,21.969999313354492,22.0,57309.0,0.0,0.0,Sugar,SB=F
2024-10-17 00:00:00-04:00,22.06999969482422,22.31999969482422,21.709999084472656,22.15999984741211,50991.0,0.0,0.0,Sugar,SB=F
2024-10-18 00:00:00-04:00,22.18000030517578,22.639999389648438,22.100000381469727,22.18000030517578,36988.0,0.0,0.0,Sugar,SB=F
2024-10-21 00:00:00-04:00,22.219999313354492,22.350000381469727,21.6299991607666,21.829999923706055,45318.0,0.0,0.0,Sugar,SB=F
2024-10-22 00:00:00-04:00,21.829999923706055,22.040000915527344,21.549999237060547,21.729999542236328,53125.0,0.0,0.0,Sugar,SB=F
2024-10-23 00:00:00-04:00,22.0,22.43000030517578,21.850000381469727,22.34000015258789,57454.0,0.0,0.0,Sugar,SB=F
2024-10-24 00:00:00-04:00,22.440000534057617,22.579999923706055,22.1200008392334,22.200000762939453,40514.0,0.0,0.0,Sugar,SB=F
2024-10-25 00:00:00-04:00,22.25,22.31999969482422,21.920000076293945,22.139999389648438,39756.0,0.0,0.0,Sugar,SB=F
2024-10-28 00:00:00-04:00,22.079999923706055,22.15999984741211,21.670000076293945,21.959999084472656,38715.0,0.0,0.0,Sugar,SB=F
2024-10-29 00:00:00-04:00,22.010000228881836,22.229999542236328,21.889999389648438,22.079999923706055,31464.0,0.0,0.0,Sugar,SB=F
2024-10-30 00:00:00-04:00,22.15999984741211,22.43000030517578,21.860000610351562,22.219999313354492,48143.0,0.0,0.0,Sugar,SB=F
2024-10-31 00:00:00-04:00,22.200000762939453,22.81999969482422,22.100000381469727,22.739999771118164,65844.0,0.0,0.0,Sugar,SB=F
2024-11-01 00:00:00-04:00,22.790000915527344,23.0,21.969999313354492,22.06999969482422,69296.0,0.0,0.0,Sugar,SB=F
2024-11-04 00:00:00-05:00,22.1200008392334,22.229999542236328,21.579999923706055,21.93000030517578,56675.0,0.0,0.0,Sugar,SB=F
2024-11-05 00:00:00-05:00,21.93000030517578,22.010000228881836,21.65999984741211,21.899999618530273,38362.0,0.0,0.0,Sugar,SB=F
2024-11-06 00:00:00-05:00,21.75,22.100000381469727,21.600000381469727,22.030000686645508,50957.0,0.0,0.0,Sugar,SB=F
2024-11-07 00:00:00-05:00,22.110000610351562,22.489999771118164,22.059999465942383,22.200000762939453,51275.0,0.0,0.0,Sugar,SB=F
2024-11-08 00:00:00-05:00,22.200000762939453,22.329999923706055,21.75,21.81999969482422,54557.0,0.0,0.0,Sugar,SB=F
2024-11-11 00:00:00-05:00,21.8700008392334,21.959999084472656,21.1200008392334,21.360000610351562,88952.0,0.0,0.0,Sugar,SB=F
2024-11-12 00:00:00-05:00,21.360000610351562,21.6299991607666,21.200000762939453,21.350000381469727,56605.0,0.0,0.0,Sugar,SB=F
2024-11-13 00:00:00-05:00,21.350000381469727,21.549999237060547,20.860000610351562,21.170000076293945,61528.0,0.0,0.0,Sugar,SB=F
2024-11-14 00:00:00-05:00,21.170000076293945,21.81999969482422,20.860000610351562,21.559999465942383,58915.0,0.0,0.0,Sugar,SB=F
2024-11-15 00:00:00-05:00,21.559999465942383,21.920000076293945,21.420000076293945,21.579999923706055,45305.0,0.0,0.0,Sugar,SB=F
2024-11-18 00:00:00-05:00,21.59000015258789,22.31999969482422,21.59000015258789,22.200000762939453,59761.0,0.0,0.0,Sugar,SB=F
2024-11-19 00:00:00-05:00,22.25,22.420000076293945,21.780000686645508,22.020000457763672,45970.0,0.0,0.0,Sugar,SB=F
2024-11-20 00:00:00-05:00,21.969999313354492,22.079999923706055,21.489999771118164,21.649999618530273,30722.0,0.0,0.0,Sugar,SB=F
2024-11-21 00:00:00-05:00,21.700000762939453,21.770000457763672,21.260000228881836,21.3799991607666,35752.0,0.0,0.0,Sugar,SB=F
2024-11-22 00:00:00-05:00,21.40999984741211,21.610000610351562,21.260000228881836,21.360000610351562,30438.0,0.0,0.0,Sugar,SB=F
2024-11-25 00:00:00-05:00,21.399999618530273,21.43000030517578,21.110000610351562,21.149999618530273,45395.0,0.0,0.0,Sugar,SB=F
2024-11-26 00:00:00-05:00,21.149999618530273,21.770000457763672,21.1299991607666,21.56999969482422,48048.0,0.0,0.0,Sugar,SB=F
2024-11-27 00:00:00-05:00,21.68000030517578,22.0,21.540000915527344,21.690000534057617,48117.0,0.0,0.0,Sugar,SB=F
2024-11-29 00:00:00-05:00,21.649999618530273,21.690000534057617,21.010000228881836,21.079999923706055,56376.0,0.0,0.0,Sugar,SB=F
2024-12-02 00:00:00-05:00,21.09000015258789,21.260000228881836,20.700000762939453,21.06999969482422,71359.0,0.0,0.0,Sugar,SB=F
2024-12-03 00:00:00-05:00,21.139999389648438,21.59000015258789,21.079999923706055,21.3700008392334,55922.0,0.0,0.0,Sugar,SB=F
2024-12-04 00:00:00-05:00,21.420000076293945,21.420000076293945,21.15999984741211,21.260000228881836,31614.0,0.0,0.0,Sugar,SB=F
2024-12-05 00:00:00-05:00,21.149999618530273,21.280000686645508,20.81999969482422,21.200000762939453,50180.0,0.0,0.0,Sugar,SB=F
2024-12-06 00:00:00-05:00,21.299999237060547,21.860000610351562,21.1200008392334,21.809999465942383,67435.0,0.0,0.0,Sugar,SB=F
2024-12-09 00:00:00-05:00,21.809999465942383,21.899999618530273,21.350000381469727,21.5,48985.0,0.0,0.0,Sugar,SB=F
2024-12-10 00:00:00-05:00,21.5,21.520000457763672,20.81999969482422,21.040000915527344,76699.0,0.0,0.0,Sugar,SB=F
2024-12-11 00:00:00-05:00,21.020000457763672,21.3700008392334,20.81999969482422,21.280000686645508,50535.0,0.0,0.0,Sugar,SB=F
2024-12-12 00:00:00-05:00,21.34000015258789,21.420000076293945,20.719999313354492,20.889999389648438,72325.0,0.0,0.0,Sugar,SB=F
2024-12-13 00:00:00-05:00,20.950000762939453,20.969999313354492,20.56999969482422,20.719999313354492,48999.0,0.0,0.0,Sugar,SB=F
2024-12-16 00:00:00-05:00,20.770000457763672,20.889999389648438,20.43000030517578,20.68000030517578,63425.0,0.0,0.0,Sugar,SB=F
2024-12-17 00:00:00-05:00,20.68000030517578,20.729999542236328,19.760000228881836,19.84000015258789,92966.0,0.0,0.0,Sugar,SB=F
2024-12-18 00:00:00-05:00,19.850000381469727,19.920000076293945,19.549999237060547,19.649999618530273,69565.0,0.0,0.0,Sugar,SB=F
2024-12-19 00:00:00-05:00,19.549999237060547,19.68000030517578,19.260000228881836,19.399999618530273,66884.0,0.0,0.0,Sugar,SB=F
2024-12-20 00:00:00-05:00,19.479999542236328,19.600000381469727,19.299999237060547,19.510000228881836,44753.0,0.0,0.0,Sugar,SB=F
2024-12-23 00:00:00-05:00,19.600000381469727,19.790000915527344,19.420000076293945,19.540000915527344,39966.0,0.0,0.0,Sugar,SB=F
2024-12-24 00:00:00-05:00,19.600000381469727,19.81999969482422,19.5,19.540000915527344,0.0,0.0,0.0,Sugar,SB=F
2024-12-26 00:00:00-05:00,19.510000228881836,19.540000915527344,19.170000076293945,19.260000228881836,26005.0,0.0,0.0,Sugar,SB=F
2024-12-27 00:00:00-05:00,19.239999771118164,19.450000762939453,19.18000030517578,19.3700008392334,34311.0,0.0,0.0,Sugar,SB=F
2024-12-30 00:00:00-05:00,19.3700008392334,19.65999984741211,19.049999237060547,19.1299991607666,43046.0,0.0,0.0,Sugar,SB=F
2024-12-31 00:00:00-05:00,19.110000610351562,19.350000381469727,19.040000915527344,19.260000228881836,0.0,0.0,0.0,Sugar,SB=F
2025-01-02 00:00:00-05:00,19.309999465942383,19.940000534057617,19.200000762939453,19.729999542236328,57386.0,0.0,0.0,Sugar,SB=F
2025-01-03 00:00:00-05:00,19.6200008392334,19.760000228881836,19.420000076293945,19.649999618530273,36961.0,0.0,0.0,Sugar,SB=F
2025-01-06 00:00:00-05:00,19.690000534057617,19.799999237060547,19.299999237060547,19.329999923706055,41161.0,0.0,0.0,Sugar,SB=F
2025-01-07 00:00:00-05:00,19.34000015258789,19.68000030517578,19.299999237060547,19.450000762939453,52637.0,0.0,0.0,Sugar,SB=F
2025-01-08 00:00:00-05:00,19.510000228881836,19.540000915527344,19.170000076293945,19.239999771118164,47257.0,0.0,0.0,Sugar,SB=F
2025-01-09 00:00:00-05:00,19.25,19.270000457763672,18.84000015258789,19.100000381469727,68866.0,0.0,0.0,Sugar,SB=F
2025-01-10 00:00:00-05:00,19.149999618530273,19.479999542236328,18.959999084472656,19.219999313354492,68866.0,0.0,0.0,Sugar,SB=F
2024-01-03 00:00:00-05:00,4265.0,4273.0,4204.0,4238.0,25190.0,0.0,0.0,Cocoa,CC=F
2024-01-04 00:00:00-05:00,4233.0,4267.0,4232.0,4260.0,15720.0,0.0,0.0,Cocoa,CC=F
2024-01-05 00:00:00-05:00,4260.0,4274.0,4194.0,4204.0,19627.0,0.0,0.0,Cocoa,CC=F
2024-01-08 00:00:00-05:00,4194.0,4194.0,4034.0,4094.0,53188.0,0.0,0.0,Cocoa,CC=F
2024-01-09 00:00:00-05:00,4110.0,4202.0,4092.0,4162.0,28725.0,0.0,0.0,Cocoa,CC=F
2024-01-10 00:00:00-05:00,4171.0,4235.0,4156.0,4206.0,22852.0,0.0,0.0,Cocoa,CC=F
2024-01-11 00:00:00-05:00,4210.0,4280.0,4199.0,4274.0,24520.0,0.0,0.0,Cocoa,CC=F
2024-01-12 00:00:00-05:00,4290.0,4358.0,4285.0,4323.0,30064.0,0.0,0.0,Cocoa,CC=F
2024-01-16 00:00:00-05:00,4355.0,4448.0,4321.0,4429.0,35655.0,0.0,0.0,Cocoa,CC=F
2024-01-17 00:00:00-05:00,4420.0,4478.0,4406.0,4448.0,27594.0,0.0,0.0,Cocoa,CC=F
2024-01-18 00:00:00-05:00,4428.0,4497.0,4415.0,4458.0,29379.0,0.0,0.0,Cocoa,CC=F
2024-01-19 00:00:00-05:00,4499.0,4607.0,4479.0,4583.0,39687.0,0.0,0.0,Cocoa,CC=F
2024-01-22 00:00:00-05:00,4589.0,4607.0,4529.0,4565.0,27707.0,0.0,0.0,Cocoa,CC=F
2024-01-23 00:00:00-05:00,4570.0,4835.0,4570.0,4634.0,50898.0,0.0,0.0,Cocoa,CC=F
2024-01-24 00:00:00-05:00,4679.0,4808.0,4658.0,4785.0,36933.0,0.0,0.0,Cocoa,CC=F
2024-01-25 00:00:00-05:00,4815.0,4840.0,4610.0,4625.0,44374.0,0.0,0.0,Cocoa,CC=F
2024-01-26 00:00:00-05:00,4650.0,4696.0,4614.0,4672.0,25005.0,0.0,0.0,Cocoa,CC=F
2024-01-29 00:00:00-05:00,4679.0,4755.0,4632.0,4732.0,29981.0,0.0,0.0,Cocoa,CC=F
2024-01-30 00:00:00-05:00,4743.0,4843.0,4712.0,4805.0,33961.0,0.0,0.0,Cocoa,CC=F
2024-01-31 00:00:00-05:00,4795.0,4869.0,4770.0,4822.0,25256.0,0.0,0.0,Cocoa,CC=F
2024-02-01 00:00:00-05:00,4832.0,4981.0,4828.0,4956.0,36184.0,0.0,0.0,Cocoa,CC=F
2024-02-02 00:00:00-05:00,4990.0,5032.0,4939.0,5009.0,37945.0,0.0,0.0,Cocoa,CC=F
2024-02-05 00:00:00-05:00,5035.0,5249.0,5010.0,5189.0,37591.0,0.0,0.0,Cocoa,CC=F
2024-02-06 00:00:00-05:00,5244.0,5288.0,5133.0,5220.0,36089.0,0.0,0.0,Cocoa,CC=F
2024-02-07 00:00:00-05:00,5219.0,5429.0,5194.0,5410.0,42231.0,0.0,0.0,Cocoa,CC=F
2024-02-08 00:00:00-05:00,5488.0,5874.0,5451.0,5805.0,37991.0,0.0,0.0,Cocoa,CC=F
2024-02-09 00:00:00-05:00,5900.0,6030.0,5528.0,5888.0,35319.0,0.0,0.0,Cocoa,CC=F
2024-02-12 00:00:00-05:00,5868.0,5958.0,5773.0,5860.0,16137.0,0.0,0.0,Cocoa,CC=F
2024-02-13 00:00:00-05:00,5828.0,6029.0,5815.0,6001.0,12137.0,0.0,0.0,Cocoa,CC=F
2024-02-14 00:00:00-05:00,6008.0,6039.0,5812.0,5949.0,9014.0,0.0,0.0,Cocoa,CC=F
2024-02-15 00:00:00-05:00,5956.0,6030.0,5888.0,5961.0,6096.0,0.0,0.0,Cocoa,CC=F
2024-02-16 00:00:00-05:00,5947.0,5964.0,5689.0,5706.0,10725.0,0.0,0.0,Cocoa,CC=F
2024-02-20 00:00:00-05:00,5750.0,6069.0,5750.0,5999.0,6822.0,0.0,0.0,Cocoa,CC=F
2024-02-21 00:00:00-05:00,6050.0,6311.0,6022.0,6198.0,2545.0,0.0,0.0,Cocoa,CC=F
2024-02-22 00:00:00-05:00,6336.0,6340.0,5961.0,6169.0,843.0,0.0,0.0,Cocoa,CC=F
2024-02-23 00:00:00-05:00,6033.0,6750.0,6033.0,6562.0,83.0,0.0,0.0,Cocoa,CC=F
2024-02-26 00:00:00-05:00,6765.0,6929.0,6650.0,6884.0,42.0,0.0,0.0,Cocoa,CC=F
2024-02-27 00:00:00-05:00,6780.0,6893.0,6743.0,6755.0,8.0,0.0,0.0,Cocoa,CC=F
2024-02-28 00:00:00-05:00,6590.0,6590.0,6362.0,6380.0,7.0,0.0,0.0,Cocoa,CC=F
2024-02-29 00:00:00-05:00,6413.0,6466.0,6413.0,6510.0,319.0,0.0,0.0,Cocoa,CC=F
2024-03-01 00:00:00-05:00,6769.0,6769.0,6769.0,6826.0,5.0,0.0,0.0,Cocoa,CC=F
2024-03-04 00:00:00-05:00,7057.0,7057.0,7057.0,7057.0,0.0,0.0,0.0,Cocoa,CC=F
2024-03-05 00:00:00-05:00,7000.0,7000.0,7000.0,6970.0,1.0,0.0,0.0,Cocoa,CC=F
2024-03-06 00:00:00-05:00,7170.0,7170.0,7170.0,7170.0,3.0,0.0,0.0,Cocoa,CC=F
2024-03-07 00:00:00-05:00,7000.0,7000.0,7000.0,7054.0,1.0,0.0,0.0,Cocoa,CC=F
2024-03-08 00:00:00-05:00,6928.0,6928.0,6928.0,6997.0,1.0,0.0,0.0,Cocoa,CC=F
2024-03-11 00:00:00-04:00,7329.0,7329.0,7329.0,7329.0,0.0,0.0,0.0,Cocoa,CC=F
2024-03-12 00:00:00-04:00,7890.0,7974.0,7890.0,8048.0,8.0,0.0,0.0,Cocoa,CC=F
2024-03-13 00:00:00-04:00,8034.0,8034.0,8034.0,8034.0,20260.0,0.0,0.0,Cocoa,CC=F
2024-03-14 00:00:00-04:00,7185.0,7715.0,7063.0,7405.0,29410.0,0.0,0.0,Cocoa,CC=F
2024-03-15 00:00:00-04:00,7435.0,8186.0,7357.0,8018.0,25580.0,0.0,0.0,Cocoa,CC=F
2024-03-18 00:00:00-04:00,8179.0,8493.0,7824.0,8172.0,32655.0,0.0,0.0,Cocoa,CC=F
2024-03-19 00:00:00-04:00,8188.0,8412.0,7963.0,8027.0,19138.0,0.0,0.0,Cocoa,CC=F
2024-03-20 00:00:00-04:00,7920.0,8429.0,7716.0,8324.0,23723.0,0.0,0.0,Cocoa,CC=F
2024-03-21 00:00:00-04:00,8395.0,8653.0,8149.0,8559.0,21272.0,0.0,0.0,Cocoa,CC=F
2024-03-22 00:00:00-04:00,8573.0,8960.0,8465.0,8939.0,16403.0,0.0,0.0,Cocoa,CC=F
2024-03-25 00:00:00-04:00,8921.0,9684.0,8889.0,9649.0,19698.0,0.0,0.0,Cocoa,CC=F
2024-03-26 00:00:00-04:00,9847.0,10080.0,9574.0,9622.0,26263.0,0.0,0.0,Cocoa,CC=F
2024-03-27 00:00:00-04:00,9509.0,9917.0,9267.0,9843.0,23291.0,0.0,0.0,Cocoa,CC=F
2024-03-28 00:00:00-04:00,9906.0,10014.0,9671.0,9766.0,17953.0,0.0,0.0,Cocoa,CC=F
2024-04-01 00:00:00-04:00,9720.0,10318.0,9632.0,10120.0,11594.0,0.0,0.0,Cocoa,CC=F
2024-04-02 00:00:00-04:00,10186.0,10324.0,9808.0,9949.0,19824.0,0.0,0.0,Cocoa,CC=F
2024-04-03 00:00:00-04:00,9858.0,10044.0,9406.0,9524.0,23087.0,0.0,0.0,Cocoa,CC=F
2024-04-04 00:00:00-04:00,9389.0,9644.0,9150.0,9462.0,14914.0,0.0,0.0,Cocoa,CC=F
2024-04-05 00:00:00-04:00,9668.0,9990.0,9480.0,9795.0,16993.0,0.0,0.0,Cocoa,CC=F
2024-04-08 00:00:00-04:00,9953.0,10443.0,9669.0,9895.0,22946.0,0.0,0.0,Cocoa,CC=F
2024-04-09 00:00:00-04:00,9717.0,10321.0,9653.0,10204.0,15144.0,0.0,0.0,Cocoa,CC=F
2024-04-10 00:00:00-04:00,10300.0,10629.0,10148.0,10411.0,10866.0,0.0,0.0,Cocoa,CC=F
2024-04-11 00:00:00-04:00,10445.0,10771.0,10319.0,10373.0,12639.0,0.0,0.0,Cocoa,CC=F
2024-04-12 00:00:00-04:00,10400.0,11039.0,10357.0,10987.0,6464.0,0.0,0.0,Cocoa,CC=F
2024-04-15 00:00:00-04:00,10884.0,11206.0,10830.0,11001.0,5550.0,0.0,0.0,Cocoa,CC=F
2024-04-16 00:00:00-04:00,11063.0,11085.0,9988.0,10243.0,4386.0,0.0,0.0,Cocoa,CC=F
2024-04-17 00:00:00-04:00,10173.0,10630.0,10100.0,10340.0,5414.0,0.0,0.0,Cocoa,CC=F
2024-04-18 00:00:00-04:00,10620.0,11388.0,10530.0,11311.0,5542.0,0.0,0.0,Cocoa,CC=F
2024-04-19 00:00:00-04:00,11504.0,12261.0,11132.0,11878.0,2808.0,0.0,0.0,Cocoa,CC=F
2024-04-22 00:00:00-04:00,11967.0,12136.0,10929.0,11166.0,1652.0,0.0,0.0,Cocoa,CC=F
2024-04-23 00:00:00-04:00,10803.0,10835.0,10221.0,10584.0,3530.0,0.0,0.0,Cocoa,CC=F
2024-04-24 00:00:00-04:00,10835.0,11600.0,10835.0,11043.0,19.0,0.0,0.0,Cocoa,CC=F
2024-04-25 00:00:00-04:00,11530.0,11530.0,10800.0,10988.0,6.0,0.0,0.0,Cocoa,CC=F
2024-04-26 00:00:00-04:00,10973.0,10975.0,10973.0,10729.0,8.0,0.0,0.0,Cocoa,CC=F
2024-04-29 00:00:00-04:00,10327.0,10327.0,9958.0,9983.0,30.0,0.0,0.0,Cocoa,CC=F
2024-04-30 00:00:00-04:00,9610.0,10115.0,8651.0,10133.0,18.0,0.0,0.0,Cocoa,CC=F
2024-05-01 00:00:00-04:00,9206.0,9206.0,8930.0,9183.0,15.0,0.0,0.0,Cocoa,CC=F
2024-05-02 00:00:00-04:00,8750.0,8750.0,8240.0,8483.0,22.0,0.0,0.0,Cocoa,CC=F
2024-05-03 00:00:00-04:00,8550.0,8550.0,8513.0,8505.0,10.0,0.0,0.0,Cocoa,CC=F
2024-05-06 00:00:00-04:00,8570.0,8570.0,8570.0,8571.0,4.0,0.0,0.0,Cocoa,CC=F
2024-05-07 00:00:00-04:00,9593.0,9593.0,9593.0,9593.0,0.0,0.0,0.0,Cocoa,CC=F
2024-05-08 00:00:00-04:00,9617.0,9617.0,9617.0,9617.0,0.0,0.0,0.0,Cocoa,CC=F
2024-05-09 00:00:00-04:00,9678.0,9678.0,9678.0,9678.0,0.0,0.0,0.0,Cocoa,CC=F
2024-05-10 00:00:00-04:00,9874.0,9874.0,9874.0,9874.0,0.0,0.0,0.0,Cocoa,CC=F
2024-05-13 00:00:00-04:00,8149.0,8149.0,8149.0,8149.0,0.0,0.0,0.0,Cocoa,CC=F
2024-05-14 00:00:00-04:00,9000.0,9000.0,9000.0,8751.0,1.0,0.0,0.0,Cocoa,CC=F
2024-05-15 00:00:00-04:00,9066.0,9066.0,9066.0,9066.0,8426.0,0.0,0.0,Cocoa,CC=F
2024-05-16 00:00:00-04:00,7896.0,7951.0,7202.0,7393.0,11580.0,0.0,0.0,Cocoa,CC=F
2024-05-17 00:00:00-04:00,7350.0,7685.0,7137.0,7348.0,7907.0,0.0,0.0,Cocoa,CC=F
2024-05-20 00:00:00-04:00,7277.0,7373.0,6767.0,7216.0,10261.0,0.0,0.0,Cocoa,CC=F
2024-05-21 00:00:00-04:00,7077.0,7492.0,6910.0,7394.0,7994.0,0.0,0.0,Cocoa,CC=F
2024-05-22 00:00:00-04:00,7372.0,7638.0,7273.0,7536.0,8462.0,0.0,0.0,Cocoa,CC=F
2024-05-23 00:00:00-04:00,7423.0,8400.0,7323.0,8109.0,14084.0,0.0,0.0,Cocoa,CC=F
2024-05-24 00:00:00-04:00,8219.0,8436.0,7869.0,8294.0,10974.0,0.0,0.0,Cocoa,CC=F
2024-05-28 00:00:00-04:00,8200.0,8800.0,7942.0,8780.0,15093.0,0.0,0.0,Cocoa,CC=F
2024-05-29 00:00:00-04:00,8730.0,9460.0,8690.0,9309.0,14757.0,0.0,0.0,Cocoa,CC=F
2024-05-30 00:00:00-04:00,9278.0,9550.0,9054.0,9257.0,9201.0,0.0,0.0,Cocoa,CC=F
2024-05-31 00:00:00-04:00,9242.0,9420.0,9031.0,9331.0,8033.0,0.0,0.0,Cocoa,CC=F
2024-06-03 00:00:00-04:00,9331.0,10047.0,9181.0,9775.0,17665.0,0.0,0.0,Cocoa,CC=F
2024-06-04 00:00:00-04:00,9446.0,9697.0,9162.0,9557.0,14149.0,0.0,0.0,Cocoa,CC=F
2024-06-05 00:00:00-04:00,9410.0,9642.0,9103.0,9408.0,12615.0,0.0,0.0,Cocoa,CC=F
2024-06-06 00:00:00-04:00,9600.0,9987.0,9566.0,9872.0,11501.0,0.0,0.0,Cocoa,CC=F
2024-06-07 00:00:00-04:00,9865.0,10098.0,9812.0,9933.0,15259.0,0.0,0.0,Cocoa,CC=F
2024-06-10 00:00:00-04:00,9933.0,10038.0,9411.0,9687.0,9152.0,0.0,0.0,Cocoa,CC=F
2024-06-11 00:00:00-04:00,9597.0,10055.0,9597.0,9910.0,9207.0,0.0,0.0,Cocoa,CC=F
2024-06-12 00:00:00-04:00,10088.0,10640.0,9950.0,10539.0,7296.0,0.0,0.0,Cocoa,CC=F
2024-06-13 00:00:00-04:00,10595.0,11000.0,10491.0,10810.0,4837.0,0.0,0.0,Cocoa,CC=F
2024-06-14 00:00:00-04:00,10784.0,10850.0,9567.0,10294.0,2946.0,0.0,0.0,Cocoa,CC=F
2024-06-17 00:00:00-04:00,10225.0,10307.0,9477.0,9659.0,3308.0,0.0,0.0,Cocoa,CC=F
2024-06-18 00:00:00-04:00,9628.0,10014.0,9531.0,9938.0,2336.0,0.0,0.0,Cocoa,CC=F
2024-06-20 00:00:00-04:00,9910.0,10295.0,9319.0,9598.0,2143.0,0.0,0.0,Cocoa,CC=F
2024-06-21 00:00:00-04:00,9280.0,9725.0,8600.0,8995.0,1568.0,0.0,0.0,Cocoa,CC=F
2024-06-24 00:00:00-04:00,8792.0,8864.0,7882.0,7978.0,28.0,0.0,0.0,Cocoa,CC=F
2024-06-25 00:00:00-04:00,8144.0,8144.0,7521.0,7967.0,7.0,0.0,0.0,Cocoa,CC=F
2024-06-26 00:00:00-04:00,7950.0,7950.0,7500.0,7797.0,5.0,0.0,0.0,Cocoa,CC=F
2024-06-27 00:00:00-04:00,7500.0,7500.0,7361.0,7397.0,9.0,0.0,0.0,Cocoa,CC=F
2024-06-28 00:00:00-04:00,7692.0,7692.0,7692.0,7729.0,1.0,0.0,0.0,Cocoa,CC=F
2024-07-01 00:00:00-04:00,7500.0,7500.0,7500.0,7352.0,1.0,0.0,0.0,Cocoa,CC=F
2024-07-02 00:00:00-04:00,7249.0,7497.0,7245.0,7773.0,412.0,0.0,0.0,Cocoa,CC=F
2024-07-03 00:00:00-04:00,7811.0,7811.0,7811.0,7811.0,0.0,0.0,0.0,Cocoa,CC=F
2024-07-05 00:00:00-04:00,7718.0,7740.0,7718.0,7721.0,10.0,0.0,0.0,Cocoa,CC=F
2024-07-08 00:00:00-04:00,7721.0,7721.0,7720.0,7693.0,3.0,0.0,0.0,Cocoa,CC=F
2024-07-09 00:00:00-04:00,8430.0,8430.0,8430.0,8023.0,1.0,0.0,0.0,Cocoa,CC=F
2024-07-10 00:00:00-04:00,8197.0,8197.0,8197.0,8197.0,0.0,0.0,0.0,Cocoa,CC=F
2024-07-11 00:00:00-04:00,8325.0,8325.0,8325.0,8441.0,1.0,0.0,0.0,Cocoa,CC=F
2024-07-12 00:00:00-04:00,8523.0,8523.0,8523.0,8523.0,0.0,0.0,0.0,Cocoa,CC=F
2024-07-15 00:00:00-04:00,8399.0,8399.0,8399.0,8463.0,1.0,0.0,0.0,Cocoa,CC=F
2024-07-16 00:00:00-04:00,8320.0,8320.0,8320.0,8320.0,9527.0,0.0,0.0,Cocoa,CC=F
2024-07-17 00:00:00-04:00,7963.0,7968.0,7600.0,7763.0,10306.0,0.0,0.0,Cocoa,CC=F
2024-07-18 00:00:00-04:00,7806.0,8171.0,7690.0,8068.0,9181.0,0.0,0.0,Cocoa,CC=F
2024-07-19 00:00:00-04:00,8185.0,8321.0,7618.0,7689.0,9291.0,0.0,0.0,Cocoa,CC=F
2024-07-22 00:00:00-04:00,7725.0,8450.0,7720.0,8398.0,11876.0,0.0,0.0,Cocoa,CC=F
2024-07-23 00:00:00-04:00,8249.0,8395.0,8181.0,8286.0,6276.0,0.0,0.0,Cocoa,CC=F
2024-07-24 00:00:00-04:00,8225.0,8485.0,8123.0,8227.0,10226.0,0.0,0.0,Cocoa,CC=F
2024-07-25 00:00:00-04:00,8201.0,8201.0,7770.0,7805.0,8448.0,0.0,0.0,Cocoa,CC=F
2024-07-26 00:00:00-04:00,7785.0,8099.0,7719.0,8038.0,8417.0,0.0,0.0,Cocoa,CC=F
2024-07-29 00:00:00-04:00,8001.0,8001.0,7640.0,7716.0,11261.0,0.0,0.0,Cocoa,CC=F
2024-07-30 00:00:00-04:00,7778.0,8232.0,7700.0,8136.0,11585.0,0.0,0.0,Cocoa,CC=F
2024-07-31 00:00:00-04:00,8125.0,8250.0,7960.0,8092.0,8340.0,0.0,0.0,Cocoa,CC=F
2024-08-01 00:00:00-04:00,8023.0,8047.0,7523.0,7562.0,12323.0,0.0,0.0,Cocoa,CC=F
2024-08-02 00:00:00-04:00,7621.0,7689.0,7419.0,7520.0,11475.0,0.0,0.0,Cocoa,CC=F
2024-08-05 00:00:00-04:00,7440.0,8100.0,7339.0,7901.0,13965.0,0.0,0.0,Cocoa,CC=F
2024-08-06 00:00:00-04:00,7960.0,8365.0,7913.0,8223.0,11629.0,0.0,0.0,Cocoa,CC=F
2024-08-07 00:00:00-04:00,8271.0,9030.0,8223.0,8586.0,14297.0,0.0,0.0,Cocoa,CC=F
2024-08-08 00:00:00-04:00,8651.0,8792.0,8050.0,8178.0,11741.0,0.0,0.0,Cocoa,CC=F
2024-08-09 00:00:00-04:00,8457.0,9226.0,8397.0,9098.0,8871.0,0.0,0.0,Cocoa,CC=F
2024-08-12 00:00:00-04:00,9000.0,9079.0,8639.0,8731.0,8295.0,0.0,0.0,Cocoa,CC=F
2024-08-13 00:00:00-04:00,8908.0,9079.0,8555.0,8862.0,7909.0,0.0,0.0,Cocoa,CC=F
2024-08-14 00:00:00-04:00,8964.0,8972.0,8649.0,8833.0,4032.0,0.0,0.0,Cocoa,CC=F
2024-08-15 00:00:00-04:00,8809.0,9021.0,8357.0,8485.0,4510.0,0.0,0.0,Cocoa,CC=F
2024-08-16 00:00:00-04:00,8524.0,8968.0,8399.0,8637.0,2728.0,0.0,0.0,Cocoa,CC=F
2024-08-19 00:00:00-04:00,8777.0,9440.0,8649.0,9173.0,3597.0,0.0,0.0,Cocoa,CC=F
2024-08-20 00:00:00-04:00,9114.0,9519.0,9045.0,9486.0,1891.0,0.0,0.0,Cocoa,CC=F
2024-08-21 00:00:00-04:00,9545.0,9793.0,9400.0,9582.0,2811.0,0.0,0.0,Cocoa,CC=F
2024-08-22 00:00:00-04:00,9612.0,9744.0,9348.0,9689.0,2362.0,0.0,0.0,Cocoa,CC=F
2024-08-23 00:00:00-04:00,9700.0,9899.0,9494.0,9821.0,999.0,0.0,0.0,Cocoa,CC=F
2024-08-26 00:00:00-04:00,9850.0,9900.0,9715.0,9880.0,53.0,0.0,0.0,Cocoa,CC=F
2024-08-27 00:00:00-04:00,9934.0,9934.0,9787.0,9785.0,35.0,0.0,0.0,Cocoa,CC=F
2024-08-28 00:00:00-04:00,9700.0,9930.0,9624.0,9730.0,11.0,0.0,0.0,Cocoa,CC=F
2024-08-29 00:00:00-04:00,9593.0,9671.0,9515.0,9600.0,13.0,0.0,0.0,Cocoa,CC=F
2024-08-30 00:00:00-04:00,9707.0,9812.0,9645.0,9666.0,23.0,0.0,0.0,Cocoa,CC=F
2024-09-03 00:00:00-04:00,9569.0,9730.0,9355.0,9663.0,13.0,0.0,0.0,Cocoa,CC=F
2024-09-04 00:00:00-04:00,9500.0,9500.0,9375.0,9282.0,6.0,0.0,0.0,Cocoa,CC=F
2024-09-05 00:00:00-04:00,9416.0,9496.0,9399.0,9539.0,6.0,0.0,0.0,Cocoa,CC=F
2024-09-06 00:00:00-04:00,9459.0,9459.0,9459.0,9459.0,0.0,0.0,0.0,Cocoa,CC=F
2024-09-09 00:00:00-04:00,9839.0,9839.0,9839.0,9839.0,0.0,0.0,0.0,Cocoa,CC=F
2024-09-10 00:00:00-04:00,9726.0,9726.0,9726.0,9654.0,3.0,0.0,0.0,Cocoa,CC=F
2024-09-11 00:00:00-04:00,10018.0,10099.0,10018.0,10115.0,4.0,0.0,0.0,Cocoa,CC=F
2024-09-12 00:00:00-04:00,9895.0,9895.0,9895.0,9968.0,1.0,0.0,0.0,Cocoa,CC=F
2024-09-13 00:00:00-04:00,8320.0,10116.0,8320.0,10079.0,7635.0,0.0,0.0,Cocoa,CC=F
2024-09-16 00:00:00-04:00,7690.0,7849.0,7542.0,7767.0,8493.0,0.0,0.0,Cocoa,CC=F
2024-09-17 00:00:00-04:00,7703.0,7778.0,7473.0,7620.0,6229.0,0.0,0.0,Cocoa,CC=F
2024-09-18 00:00:00-04:00,7623.0,7847.0,7583.0,7814.0,11843.0,0.0,0.0,Cocoa,CC=F
2024-09-19 00:00:00-04:00,7796.0,7904.0,7705.0,7750.0,6001.0,0.0,0.0,Cocoa,CC=F
2024-09-20 00:00:00-04:00,7735.0,7807.0,7600.0,7658.0,7013.0,0.0,0.0,Cocoa,CC=F
2024-09-23 00:00:00-04:00,7602.0,7949.0,7565.0,7786.0,8558.0,0.0,0.0,Cocoa,CC=F
2024-09-24 00:00:00-04:00,7785.0,7929.0,7690.0,7867.0,8515.0,0.0,0.0,Cocoa,CC=F
2024-09-25 00:00:00-04:00,7851.0,8049.0,7805.0,7955.0,8326.0,0.0,0.0,Cocoa,CC=F
2024-09-26 00:00:00-04:00,8000.0,8796.0,7996.0,8122.0,22154.0,0.0,0.0,Cocoa,CC=F
2024-09-27 00:00:00-04:00,8078.0,8370.0,8035.0,8281.0,7951.0,0.0,0.0,Cocoa,CC=F
2024-09-30 00:00:00-04:00,8299.0,8299.0,7682.0,7722.0,11870.0,0.0,0.0,Cocoa,CC=F
2024-10-01 00:00:00-04:00,7722.0,7830.0,7006.0,7039.0,16564.0,0.0,0.0,Cocoa,CC=F
2024-10-02 00:00:00-04:00,7081.0,7332.0,6926.0,7064.0,12946.0,0.0,0.0,Cocoa,CC=F
2024-10-03 00:00:00-04:00,7030.0,7188.0,6884.0,7030.0,12133.0,0.0,0.0,Cocoa,CC=F
2024-10-04 00:00:00-04:00,7080.0,7126.0,6850.0,7069.0,14465.0,0.0,0.0,Cocoa,CC=F
2024-10-07 00:00:00-04:00,6987.0,7059.0,6862.0,6908.0,9771.0,0.0,0.0,Cocoa,CC=F
2024-10-08 00:00:00-04:00,6970.0,7231.0,6951.0,7050.0,8375.0,0.0,0.0,Cocoa,CC=F
2024-10-09 00:00:00-04:00,7123.0,7442.0,7102.0,7351.0,8067.0,0.0,0.0,Cocoa,CC=F
2024-10-10 00:00:00-04:00,7350.0,7565.0,7139.0,7529.0,7631.0,0.0,0.0,Cocoa,CC=F
2024-10-11 00:00:00-04:00,7560.0,7851.0,7553.0,7739.0,8121.0,0.0,0.0,Cocoa,CC=F
2024-10-14 00:00:00-04:00,7699.0,7816.0,7565.0,7615.0,6666.0,0.0,0.0,Cocoa,CC=F
2024-10-15 00:00:00-04:00,7619.0,8027.0,7505.0,7942.0,8608.0,0.0,0.0,Cocoa,CC=F
2024-10-16 00:00:00-04:00,8045.0,8172.0,7651.0,7765.0,8645.0,0.0,0.0,Cocoa,CC=F
2024-10-17 00:00:00-04:00,7680.0,7919.0,7488.0,7771.0,7812.0,0.0,0.0,Cocoa,CC=F
2024-10-18 00:00:00-04:00,7832.0,7881.0,7406.0,7450.0,7653.0,0.0,0.0,Cocoa,CC=F
2024-10-21 00:00:00-04:00,7355.0,7640.0,7310.0,7394.0,6440.0,0.0,0.0,Cocoa,CC=F
2024-10-22 00:00:00-04:00,7370.0,7406.0,7014.0,7140.0,10096.0,0.0,0.0,Cocoa,CC=F
2024-10-23 00:00:00-04:00,7120.0,7223.0,6929.0,7001.0,9041.0,0.0,0.0,Cocoa,CC=F
2024-10-24 00:00:00-04:00,6953.0,7002.0,6717.0,6756.0,10428.0,0.0,0.0,Cocoa,CC=F
2024-10-25 00:00:00-04:00,6708.0,6926.0,6426.0,6770.0,12077.0,0.0,0.0,Cocoa,CC=F
2024-10-28 00:00:00-04:00,6778.0,6975.0,6682.0,6917.0,8419.0,0.0,0.0,Cocoa,CC=F
2024-10-29 00:00:00-04:00,6901.0,7332.0,6897.0,7267.0,9564.0,0.0,0.0,Cocoa,CC=F
2024-10-30 00:00:00-04:00,7253.0,7412.0,7066.0,7391.0,8325.0,0.0,0.0,Cocoa,CC=F
2024-10-31 00:00:00-04:00,7365.0,7456.0,7202.0,7334.0,6597.0,0.0,0.0,Cocoa,CC=F
2024-11-01 00:00:00-04:00,7334.0,7490.0,7261.0,7341.0,9025.0,0.0,0.0,Cocoa,CC=F
2024-11-04 00:00:00-05:00,7290.0,7522.0,7115.0,7328.0,8121.0,0.0,0.0,Cocoa,CC=F
2024-11-05 00:00:00-05:00,7246.0,7416.0,7157.0,7251.0,7339.0,0.0,0.0,Cocoa,CC=F
2024-11-06 00:00:00-05:00,7217.0,7231.0,6888.0,6924.0,7101.0,0.0,0.0,Cocoa,CC=F
2024-11-07 00:00:00-05:00,6926.0,7389.0,6926.0,7360.0,7951.0,0.0,0.0,Cocoa,CC=F
2024-11-08 00:00:00-05:00,7360.0,7468.0,7073.0,7117.0,7900.0,0.0,0.0,Cocoa,CC=F
2024-11-11 00:00:00-05:00,7104.0,7392.0,7061.0,7298.0,6765.0,0.0,0.0,Cocoa,CC=F
2024-11-12 00:00:00-05:00,7346.0,7956.0,7325.0,7867.0,5305.0,0.0,0.0,Cocoa,CC=F
2024-11-13 00:00:00-05:00,7867.0,8458.0,7867.0,8163.0,4103.0,0.0,0.0,Cocoa,CC=F
2024-11-14 00:00:00-05:00,8187.0,8822.0,8125.0,8686.0,4125.0,0.0,0.0,Cocoa,CC=F
2024-11-15 00:00:00-05:00,8796.0,8890.0,8550.0,8607.0,3069.0,0.0,0.0,Cocoa,CC=F
2024-11-18 00:00:00-05:00,8591.0,8599.0,8187.0,8404.0,2217.0,0.0,0.0,Cocoa,CC=F
2024-11-19 00:00:00-05:00,8332.0,8652.0,8272.0,8574.0,1900.0,0.0,0.0,Cocoa,CC=F
2024-11-20 00:00:00-05:00,8629.0,8750.0,8263.0,8340.0,1416.0,0.0,0.0,Cocoa,CC=F
2024-11-21 00:00:00-05:00,8375.0,8690.0,8328.0,8449.0,623.0,0.0,0.0,Cocoa,CC=F
2024-11-22 00:00:00-05:00,9000.0,9100.0,8808.0,8897.0,321.0,0.0,0.0,Cocoa,CC=F
2024-11-25 00:00:00-05:00,8965.0,8965.0,8965.0,8863.0,1.0,0.0,0.0,Cocoa,CC=F
2024-11-26 00:00:00-05:00,8964.0,8964.0,8964.0,9033.0,4.0,0.0,0.0,Cocoa,CC=F
2024-11-27 00:00:00-05:00,8844.0,8844.0,8844.0,8844.0,2.0,0.0,0.0,Cocoa,CC=F
2024-11-29 00:00:00-05:00,9220.0,9220.0,9220.0,9220.0,0.0,0.0,0.0,Cocoa,CC=F
2024-12-02 00:00:00-05:00,9197.0,9197.0,9197.0,9197.0,0.0,0.0,0.0,Cocoa,CC=F
2024-12-03 00:00:00-05:00,8833.0,8833.0,8833.0,8833.0,0.0,0.0,0.0,Cocoa,CC=F
2024-12-04 00:00:00-05:00,9196.0,9196.0,9196.0,9196.0,0.0,0.0,0.0,Cocoa,CC=F
2024-12-05 00:00:00-05:00,9648.0,9648.0,9648.0,9648.0,0.0,0.0,0.0,Cocoa,CC=F
2024-12-06 00:00:00-05:00,9800.0,9880.0,9624.0,9767.0,6.0,0.0,0.0,Cocoa,CC=F
2024-12-09 00:00:00-05:00,9977.0,9977.0,9977.0,9977.0,0.0,0.0,0.0,Cocoa,CC=F
2024-12-10 00:00:00-05:00,10286.0,10366.0,10200.0,10387.0,20.0,0.0,0.0,Cocoa,CC=F
2024-12-11 00:00:00-05:00,10500.0,10500.0,10351.0,10458.0,2.0,0.0,0.0,Cocoa,CC=F
2024-12-12 00:00:00-05:00,10702.0,10702.0,10702.0,10702.0,0.0,0.0,0.0,Cocoa,CC=F
2024-12-13 00:00:00-05:00,11181.0,11181.0,11181.0,11181.0,12773.0,0.0,0.0,Cocoa,CC=F
2024-12-16 00:00:00-05:00,11300.0,11925.0,11290.0,11821.0,14298.0,0.0,0.0,Cocoa,CC=F
2024-12-17 00:00:00-05:00,11743.0,11977.0,11527.0,11765.0,12489.0,0.0,0.0,Cocoa,CC=F
2024-12-18 00:00:00-05:00,11966.0,12931.0,11935.0,12565.0,17589.0,0.0,0.0,Cocoa,CC=F
2024-12-19 00:00:00-05:00,12553.0,12780.0,11648.0,12107.0,13974.0,0.0,0.0,Cocoa,CC=F
2024-12-20 00:00:00-05:00,11848.0,12360.0,11419.0,11954.0,12140.0,0.0,0.0,Cocoa,CC=F
2024-12-23 00:00:00-05:00,11870.0,12050.0,11527.0,11746.0,7294.0,0.0,0.0,Cocoa,CC=F
2024-12-24 00:00:00-05:00,11583.0,11973.0,11425.0,11852.0,0.0,0.0,0.0,Cocoa,CC=F
2024-12-26 00:00:00-05:00,11845.0,12000.0,10790.0,11027.0,7450.0,0.0,0.0,Cocoa,CC=F
2024-12-27 00:00:00-05:00,11150.0,11259.0,9831.0,10124.0,13447.0,0.0,0.0,Cocoa,CC=F
2024-12-30 00:00:00-05:00,10148.0,11590.0,10144.0,11507.0,15702.0,0.0,0.0,Cocoa,CC=F
2024-12-31 00:00:00-05:00,11219.0,11820.0,11153.0,11675.0,0.0,0.0,0.0,Cocoa,CC=F
2025-01-02 00:00:00-05:00,11632.0,11743.0,10802.0,11137.0,6414.0,0.0,0.0,Cocoa,CC=F
2025-01-03 00:00:00-05:00,11195.0,11623.0,11029.0,11238.0,4917.0,0.0,0.0,Cocoa,CC=F
2025-01-06 00:00:00-05:00,11423.0,11882.0,11066.0,11377.0,8022.0,0.0,0.0,Cocoa,CC=F
2025-01-07 00:00:00-05:00,11291.0,11568.0,11164.0,11210.0,5582.0,0.0,0.0,Cocoa,CC=F
2025-01-08 00:00:00-05:00,11009.0,11315.0,10345.0,10453.0,10690.0,0.0,0.0,Cocoa,CC=F
2025-01-09 00:00:00-05:00,11103.0,11513.0,10605.0,10927.0,10908.0,0.0,0.0,Cocoa,CC=F
2025-01-10 00:00:00-05:00,10823.0,10920.0,10525.0,10570.0,10908.0,0.0,0.0,Cocoa,CC=F
2024-01-03 00:00:00-05:00,190.75,191.0500030517578,184.8000030517578,186.25,14584.0,0.0,0.0,Coffee,KC=F
2024-01-04 00:00:00-05:00,186.85000610351562,187.60000610351562,185.0500030517578,185.5500030517578,11156.0,0.0,0.0,Coffee,KC=F
2024-01-05 00:00:00-05:00,185.85000610351562,187.5500030517578,182.0500030517578,182.8000030517578,17958.0,0.0,0.0,Coffee,KC=F
2024-01-08 00:00:00-05:00,181.6999969482422,183.6999969482422,179.5,181.39999389648438,20570.0,0.0,0.0,Coffee,KC=F
2024-01-09 00:00:00-05:00,183.9499969482422,186.75,182.75,184.10000610351562,15659.0,0.0,0.0,Coffee,KC=F
2024-01-10 00:00:00-05:00,184.3000030517578,184.8000030517578,180.39999389648438,181.14999389648438,20459.0,0.0,0.0,Coffee,KC=F
2024-01-11 00:00:00-05:00,182.25,187.9499969482422,180.9499969482422,184.0500030517578,25947.0,0.0,0.0,Coffee,KC=F
2024-01-12 00:00:00-05:00,183.5,186.85000610351562,179.0,180.0,22098.0,0.0,0.0,Coffee,KC=F
2024-01-16 00:00:00-05:00,182.0,187.10000610351562,181.5500030517578,185.25,19773.0,0.0,0.0,Coffee,KC=F
2024-01-17 00:00:00-05:00,184.89999389648438,185.14999389648438,178.35000610351562,179.1999969482422,21947.0,0.0,0.0,Coffee,KC=F
2024-01-18 00:00:00-05:00,180.5,182.35000610351562,175.5500030517578,179.9499969482422,21872.0,0.0,0.0,Coffee,KC=F
2024-01-19 00:00:00-05:00,182.0,186.14999389648438,181.64999389648438,185.14999389648438,16740.0,0.0,0.0,Coffee,KC=F
2024-01-22 00:00:00-05:00,184.4499969482422,193.14999389648438,183.5,192.25,24808.0,0.0,0.0,Coffee,KC=F
2024-01-23 00:00:00-05:00,192.25,194.5,188.60000610351562,192.9499969482422,22035.0,0.0,0.0,Coffee,KC=F
2024-01-24 00:00:00-05:00,193.8000030517578,195.75,188.10000610351562,189.4499969482422,24251.0,0.0,0.0,Coffee,KC=F
2024-01-25 00:00:00-05:00,189.9499969482422,190.5,184.35000610351562,186.9499969482422,22135.0,0.0,0.0,Coffee,KC=F
2024-01-26 00:00:00-05:00,187.1999969482422,194.8000030517578,186.0,193.85000610351562,20939.0,0.0,0.0,Coffee,KC=F
2024-01-29 00:00:00-05:00,192.85000610351562,194.35000610351562,188.64999389648438,189.25,18399.0,0.0,0.0,Coffee,KC=F
2024-01-30 00:00:00-05:00,190.10000610351562,197.4499969482422,189.0500030517578,194.0,24467.0,0.0,0.0,Coffee,KC=F
2024-01-31 00:00:00-05:00,194.0,195.5500030517578,192.0500030517578,194.0500030517578,19761.0,0.0,0.0,Coffee,KC=F
2024-02-01 00:00:00-05:00,193.39999389648438,195.3000030517578,191.14999389648438,194.1999969482422,25789.0,0.0,0.0,Coffee,KC=F
2024-02-02 00:00:00-05:00,194.1999969482422,195.0500030517578,190.5,191.9499969482422,21292.0,0.0,0.0,Coffee,KC=F
2024-02-05 00:00:00-05:00,190.75,192.3000030517578,188.5,189.5,19509.0,0.0,0.0,Coffee,KC=F
2024-02-06 00:00:00-05:00,188.85000610351562,189.1999969482422,186.0,188.1999969482422,24114.0,0.0,0.0,Coffee,KC=F
2024-02-07 00:00:00-05:00,189.39999389648438,191.8000030517578,188.6999969482422,190.6999969482422,36785.0,0.0,0.0,Coffee,KC=F
2024-02-08 00:00:00-05:00,190.4499969482422,190.5,188.35000610351562,188.8000030517578,38553.0,0.0,0.0,Coffee,KC=F
2024-02-09 00:00:00-05:00,190.25,197.0,190.0500030517578,196.3000030517578,36014.0,0.0,0.0,Coffee,KC=F
2024-02-12 00:00:00-05:00,195.35000610351562,198.64999389648438,192.0500030517578,195.60000610351562,14808.0,0.0,0.0,Coffee,KC=F
2024-02-13 00:00:00-05:00,195.0500030517578,197.10000610351562,191.64999389648438,193.0,10712.0,0.0,0.0,Coffee,KC=F
2024-02-14 00:00:00-05:00,192.0,192.0,186.64999389648438,187.0500030517578,10601.0,0.0,0.0,Coffee,KC=F
2024-02-15 00:00:00-05:00,188.8000030517578,190.60000610351562,187.1999969482422,189.3000030517578,8205.0,0.0,0.0,Coffee,KC=F
2024-02-16 00:00:00-05:00,191.0,191.75,188.14999389648438,190.85000610351562,10449.0,0.0,0.0,Coffee,KC=F
2024-02-20 00:00:00-05:00,192.39999389648438,197.9499969482422,189.60000610351562,191.60000610351562,10718.0,0.0,0.0,Coffee,KC=F
2024-02-21 00:00:00-05:00,197.60000610351562,198.9499969482422,195.35000610351562,198.35000610351562,402.0,0.0,0.0,Coffee,KC=F
2024-02-22 00:00:00-05:00,197.4499969482422,198.0,193.5,193.85000610351562,143.0,0.0,0.0,Coffee,KC=F
2024-02-23 00:00:00-05:00,193.89999389648438,193.89999389648438,190.6999969482422,191.0,144.0,0.0,0.0,Coffee,KC=F
2024-02-26 00:00:00-05:00,190.8000030517578,191.85000610351562,190.0,190.10000610351562,49.0,0.0,0.0,Coffee,KC=F
2024-02-27 00:00:00-05:00,191.10000610351562,192.5500030517578,188.5500030517578,194.0500030517578,90.0,0.0,0.0,Coffee,KC=F
2024-02-28 00:00:00-05:00,192.8000030517578,193.39999389648438,192.0500030517578,193.35000610351562,100.0,0.0,0.0,Coffee,KC=F
2024-02-29 00:00:00-05:00,195.85000610351562,195.85000610351562,195.85000610351562,195.85000610351562,2.0,0.0,0.0,Coffee,KC=F
2024-03-01 00:00:00-05:00,193.5500030517578,193.5500030517578,192.0,193.8000030517578,23.0,0.0,0.0,Coffee,KC=F
2024-03-04 00:00:00-05:00,199.1999969482422,199.39999389648438,199.1999969482422,197.39999389648438,15.0,0.0,0.0,Coffee,KC=F
2024-03-05 00:00:00-05:00,198.75,198.75,195.8000030517578,195.0,29.0,0.0,0.0,Coffee,KC=F
2024-03-06 00:00:00-05:00,194.8000030517578,194.89999389648438,190.0,194.4499969482422,43.0,0.0,0.0,Coffee,KC=F
2024-03-07 00:00:00-05:00,198.35000610351562,198.35000610351562,198.35000610351562,198.35000610351562,12.0,0.0,0.0,Coffee,KC=F
2024-03-08 00:00:00-05:00,195.85000610351562,195.85000610351562,191.0,191.39999389648438,3.0,0.0,0.0,Coffee,KC=F
2024-03-11 00:00:00-04:00,193.3000030517578,194.89999389648438,191.5,194.35000610351562,29.0,0.0,0.0,Coffee,KC=F
2024-03-12 00:00:00-04:00,196.6999969482422,197.89999389648438,195.35000610351562,195.39999389648438,5.0,0.0,0.0,Coffee,KC=F
2024-03-13 00:00:00-04:00,195.6999969482422,196.0,192.0,191.64999389648438,38.0,0.0,0.0,Coffee,KC=F
2024-03-14 00:00:00-04:00,190.0,191.25,189.0500030517578,191.35000610351562,19.0,0.0,0.0,Coffee,KC=F
2024-03-15 00:00:00-04:00,182.85000610351562,182.85000610351562,182.85000610351562,182.85000610351562,4.0,0.0,0.0,Coffee,KC=F
2024-03-18 00:00:00-04:00,181.85000610351562,181.85000610351562,181.85000610351562,181.85000610351562,16935.0,0.0,0.0,Coffee,KC=F
2024-03-19 00:00:00-04:00,181.25,183.35000610351562,179.35000610351562,183.0500030517578,21063.0,0.0,0.0,Coffee,KC=F
2024-03-20 00:00:00-04:00,182.64999389648438,184.39999389648438,181.64999389648438,182.39999389648438,14722.0,0.0,0.0,Coffee,KC=F
2024-03-21 00:00:00-04:00,183.85000610351562,188.39999389648438,183.0500030517578,185.6999969482422,23116.0,0.0,0.0,Coffee,KC=F
2024-03-22 00:00:00-04:00,186.0,188.1999969482422,184.5500030517578,184.85000610351562,21361.0,0.0,0.0,Coffee,KC=F
2024-03-25 00:00:00-04:00,185.14999389648438,186.25,183.35000610351562,185.64999389648438,18995.0,0.0,0.0,Coffee,KC=F
2024-03-26 00:00:00-04:00,185.64999389648438,189.4499969482422,185.3000030517578,188.0500030517578,21863.0,0.0,0.0,Coffee,KC=F
2024-03-27 00:00:00-04:00,188.0500030517578,192.5,187.14999389648438,190.64999389648438,32255.0,0.0,0.0,Coffee,KC=F
2024-03-28 00:00:00-04:00,191.0500030517578,191.1999969482422,187.5500030517578,188.85000610351562,21237.0,0.0,0.0,Coffee,KC=F
2024-04-01 00:00:00-04:00,188.0,192.6999969482422,187.6999969482422,191.8000030517578,19146.0,0.0,0.0,Coffee,KC=F
2024-04-02 00:00:00-04:00,190.9499969482422,198.39999389648438,190.75,197.75,39260.0,0.0,0.0,Coffee,KC=F
2024-04-03 00:00:00-04:00,196.6999969482422,207.14999389648438,196.3000030517578,203.60000610351562,40344.0,0.0,0.0,Coffee,KC=F
2024-04-04 00:00:00-04:00,206.3000030517578,207.9499969482422,202.5,206.75,32098.0,0.0,0.0,Coffee,KC=F
2024-04-05 00:00:00-04:00,205.10000610351562,214.0,204.1999969482422,212.5,45071.0,0.0,0.0,Coffee,KC=F
2024-04-08 00:00:00-04:00,212.14999389648438,216.39999389648438,209.4499969482422,211.10000610351562,45974.0,0.0,0.0,Coffee,KC=F
2024-04-09 00:00:00-04:00,209.60000610351562,214.75,209.60000610351562,213.5500030517578,40360.0,0.0,0.0,Coffee,KC=F
2024-04-10 00:00:00-04:00,213.85000610351562,215.89999389648438,211.5500030517578,214.64999389648438,24655.0,0.0,0.0,Coffee,KC=F
2024-04-11 00:00:00-04:00,215.3000030517578,221.8000030517578,214.10000610351562,220.35000610351562,26109.0,0.0,0.0,Coffee,KC=F
2024-04-12 00:00:00-04:00,220.9499969482422,236.1999969482422,219.5,224.64999389648438,31234.0,0.0,0.0,Coffee,KC=F
2024-04-15 00:00:00-04:00,221.64999389648438,235.4499969482422,219.3000030517578,231.5500030517578,15671.0,0.0,0.0,Coffee,KC=F
2024-04-16 00:00:00-04:00,235.75,239.5,232.85000610351562,236.75,12609.0,0.0,0.0,Coffee,KC=F
2024-04-17 00:00:00-04:00,237.39999389648438,249.3000030517578,236.39999389648438,247.9499969482422,8746.0,0.0,0.0,Coffee,KC=F
2024-04-18 00:00:00-04:00,252.10000610351562,253.6999969482422,239.5,239.85000610351562,5470.0,0.0,0.0,Coffee,KC=F
2024-04-19 00:00:00-04:00,243.64999389648438,247.75,238.1999969482422,241.39999389648438,5190.0,0.0,0.0,Coffee,KC=F
2024-04-22 00:00:00-04:00,240.9499969482422,240.9499969482422,229.8000030517578,231.64999389648438,952.0,0.0,0.0,Coffee,KC=F
2024-04-23 00:00:00-04:00,226.64999389648438,226.64999389648438,224.10000610351562,224.5,130.0,0.0,0.0,Coffee,KC=F
2024-04-24 00:00:00-04:00,229.25,229.25,226.35000610351562,228.4499969482422,68.0,0.0,0.0,Coffee,KC=F
2024-04-25 00:00:00-04:00,230.85000610351562,231.5,230.85000610351562,231.9499969482422,26.0,0.0,0.0,Coffee,KC=F
2024-04-26 00:00:00-04:00,232.5,232.5,232.5,230.60000610351562,1.0,0.0,0.0,Coffee,KC=F
2024-04-29 00:00:00-04:00,234.0,234.0,234.0,233.5500030517578,20.0,0.0,0.0,Coffee,KC=F
2024-04-30 00:00:00-04:00,215.60000610351562,217.75,215.60000610351562,220.64999389648438,18.0,0.0,0.0,Coffee,KC=F
2024-05-01 00:00:00-04:00,222.39999389648438,222.39999389648438,215.6999969482422,219.0500030517578,12.0,0.0,0.0,Coffee,KC=F
2024-05-02 00:00:00-04:00,218.0,218.0,218.0,208.64999389648438,9.0,0.0,0.0,Coffee,KC=F
2024-05-03 00:00:00-04:00,207.75,208.9499969482422,207.5,205.89999389648438,72.0,0.0,0.0,Coffee,KC=F
2024-05-06 00:00:00-04:00,203.0,203.0,199.4499969482422,200.6999969482422,7.0,0.0,0.0,Coffee,KC=F
2024-05-07 00:00:00-04:00,196.60000610351562,196.60000610351562,196.60000610351562,199.0,2.0,0.0,0.0,Coffee,KC=F
2024-05-08 00:00:00-04:00,201.64999389648438,201.64999389648438,200.1999969482422,200.25,6.0,0.0,0.0,Coffee,KC=F
2024-05-09 00:00:00-04:00,202.3000030517578,205.39999389648438,202.3000030517578,203.6999969482422,3.0,0.0,0.0,Coffee,KC=F
2024-05-10 00:00:00-04:00,204.39999389648438,204.39999389648438,204.39999389648438,204.39999389648438,0.0,0.0,0.0,Coffee,KC=F
2024-05-13 00:00:00-04:00,200.0,200.0,200.0,200.39999389648438,4.0,0.0,0.0,Coffee,KC=F
2024-05-14 00:00:00-04:00,199.25,199.25,199.0,202.85000610351562,2.0,0.0,0.0,Coffee,KC=F
2024-05-15 00:00:00-04:00,202.3000030517578,202.3000030517578,202.3000030517578,201.25,1.0,0.0,0.0,Coffee,KC=F
2024-05-16 00:00:00-04:00,199.5500030517578,199.5500030517578,199.5500030517578,199.5500030517578,4.0,0.0,0.0,Coffee,KC=F
2024-05-17 00:00:00-04:00,208.14999389648438,208.14999389648438,208.14999389648438,208.14999389648438,8.0,0.0,0.0,Coffee,KC=F
2024-05-20 00:00:00-04:00,209.3000030517578,209.3000030517578,209.3000030517578,209.3000030517578,19959.0,0.0,0.0,Coffee,KC=F
2024-05-21 00:00:00-04:00,207.0,219.10000610351562,206.35000610351562,217.1999969482422,29462.0,0.0,0.0,Coffee,KC=F
2024-05-22 00:00:00-04:00,218.64999389648438,221.14999389648438,216.64999389648438,220.4499969482422,22051.0,0.0,0.0,Coffee,KC=F
2024-05-23 00:00:00-04:00,221.0,221.8000030517578,212.0500030517578,215.64999389648438,24018.0,0.0,0.0,Coffee,KC=F
2024-05-24 00:00:00-04:00,215.3000030517578,220.1999969482422,213.0500030517578,218.25,15829.0,0.0,0.0,Coffee,KC=F
2024-05-28 00:00:00-04:00,220.0,233.1999969482422,219.25,230.9499969482422,29780.0,0.0,0.0,Coffee,KC=F
2024-05-29 00:00:00-04:00,229.0,236.25,228.0500030517578,229.4499969482422,25747.0,0.0,0.0,Coffee,KC=F
2024-05-30 00:00:00-04:00,228.25,235.4499969482422,225.5,233.0,20874.0,0.0,0.0,Coffee,KC=F
2024-05-31 00:00:00-04:00,234.10000610351562,237.75,220.5500030517578,222.35000610351562,29755.0,0.0,0.0,Coffee,KC=F
2024-06-03 00:00:00-04:00,221.14999389648438,229.3000030517578,220.89999389648438,226.5500030517578,18580.0,0.0,0.0,Coffee,KC=F
2024-06-04 00:00:00-04:00,226.10000610351562,234.1999969482422,223.5500030517578,233.89999389648438,24657.0,0.0,0.0,Coffee,KC=F
2024-06-05 00:00:00-04:00,230.25,233.25,226.35000610351562,231.9499969482422,29236.0,0.0,0.0,Coffee,KC=F
2024-06-06 00:00:00-04:00,232.0,239.8000030517578,231.8000030517578,234.1999969482422,30868.0,0.0,0.0,Coffee,KC=F
2024-06-07 00:00:00-04:00,233.4499969482422,234.10000610351562,223.60000610351562,224.8000030517578,49022.0,0.0,0.0,Coffee,KC=F
2024-06-10 00:00:00-04:00,225.0,226.4499969482422,219.0500030517578,221.39999389648438,33334.0,0.0,0.0,Coffee,KC=F
2024-06-11 00:00:00-04:00,221.60000610351562,224.6999969482422,218.85000610351562,220.5500030517578,30585.0,0.0,0.0,Coffee,KC=F
2024-06-12 00:00:00-04:00,219.35000610351562,227.35000610351562,215.0,224.35000610351562,33754.0,0.0,0.0,Coffee,KC=F
2024-06-13 00:00:00-04:00,224.35000610351562,229.3000030517578,224.10000610351562,226.0500030517578,13545.0,0.0,0.0,Coffee,KC=F
2024-06-14 00:00:00-04:00,225.5,227.35000610351562,222.9499969482422,224.14999389648438,10934.0,0.0,0.0,Coffee,KC=F
2024-06-17 00:00:00-04:00,225.6999969482422,227.5500030517578,223.0500030517578,227.14999389648438,9364.0,0.0,0.0,Coffee,KC=F
2024-06-18 00:00:00-04:00,227.5,228.64999389648438,222.5,226.3000030517578,9738.0,0.0,0.0,Coffee,KC=F
2024-06-20 00:00:00-04:00,228.8000030517578,236.89999389648438,228.0,230.25,389.0,0.0,0.0,Coffee,KC=F
2024-06-21 00:00:00-04:00,229.39999389648438,232.64999389648438,226.5500030517578,226.5500030517578,46.0,0.0,0.0,Coffee,KC=F
2024-06-24 00:00:00-04:00,231.60000610351562,237.39999389648438,231.60000610351562,238.0,58.0,0.0,0.0,Coffee,KC=F
2024-06-25 00:00:00-04:00,237.14999389648438,237.1999969482422,231.0,231.1999969482422,19.0,0.0,0.0,Coffee,KC=F
2024-06-26 00:00:00-04:00,232.8000030517578,232.89999389648438,226.10000610351562,226.35000610351562,18.0,0.0,0.0,Coffee,KC=F
2024-06-27 00:00:00-04:00,229.35000610351562,229.35000610351562,229.35000610351562,228.25,4.0,0.0,0.0,Coffee,KC=F
2024-06-28 00:00:00-04:00,224.5,229.10000610351562,224.5,228.9499969482422,11.0,0.0,0.0,Coffee,KC=F
2024-07-01 00:00:00-04:00,226.25,226.25,224.35000610351562,226.6999969482422,114.0,0.0,0.0,Coffee,KC=F
2024-07-02 00:00:00-04:00,231.14999389648438,233.0500030517578,230.5,229.10000610351562,12.0,0.0,0.0,Coffee,KC=F
2024-07-03 00:00:00-04:00,228.0500030517578,228.0500030517578,228.0500030517578,225.9499969482422,1.0,0.0,0.0,Coffee,KC=F
2024-07-05 00:00:00-04:00,230.3000030517578,230.3000030517578,230.3000030517578,230.3000030517578,0.0,0.0,0.0,Coffee,KC=F
2024-07-08 00:00:00-04:00,236.6999969482422,236.6999969482422,236.6999969482422,236.1999969482422,1.0,0.0,0.0,Coffee,KC=F
2024-07-09 00:00:00-04:00,252.0,252.0,252.0,252.0,0.0,0.0,0.0,Coffee,KC=F
2024-07-10 00:00:00-04:00,249.0,249.0,248.10000610351562,245.6999969482422,4.0,0.0,0.0,Coffee,KC=F
2024-07-11 00:00:00-04:00,247.10000610351562,247.10000610351562,247.10000610351562,246.75,1.0,0.0,0.0,Coffee,KC=F
2024-07-12 00:00:00-04:00,250.4499969482422,250.4499969482422,250.4499969482422,250.4499969482422,48.0,0.0,0.0,Coffee,KC=F
2024-07-15 00:00:00-04:00,249.3000030517578,249.5,248.5,244.14999389648438,3.0,0.0,0.0,Coffee,KC=F
2024-07-16 00:00:00-04:00,245.39999389648438,245.39999389648438,245.39999389648438,245.39999389648438,0.0,0.0,0.0,Coffee,KC=F
2024-07-17 00:00:00-04:00,247.35000610351562,247.35000610351562,247.35000610351562,247.35000610351562,2.0,0.0,0.0,Coffee,KC=F
2024-07-18 00:00:00-04:00,243.39999389648438,243.39999389648438,243.39999389648438,243.39999389648438,0.0,0.0,0.0,Coffee,KC=F
2024-07-19 00:00:00-04:00,238.1999969482422,238.1999969482422,238.1999969482422,238.1999969482422,20952.0,0.0,0.0,Coffee,KC=F
2024-07-22 00:00:00-04:00,237.6999969482422,244.5500030517578,236.5,243.0500030517578,15361.0,0.0,0.0,Coffee,KC=F
2024-07-23 00:00:00-04:00,242.5,243.10000610351562,238.25,239.10000610351562,13521.0,0.0,0.0,Coffee,KC=F
2024-07-24 00:00:00-04:00,238.0,238.60000610351562,230.5500030517578,231.14999389648438,29802.0,0.0,0.0,Coffee,KC=F
2024-07-25 00:00:00-04:00,231.35000610351562,235.4499969482422,228.5500030517578,234.6999969482422,26638.0,0.0,0.0,Coffee,KC=F
2024-07-26 00:00:00-04:00,232.5500030517578,233.0,229.8000030517578,230.25,13314.0,0.0,0.0,Coffee,KC=F
2024-07-29 00:00:00-04:00,230.35000610351562,233.60000610351562,228.10000610351562,230.39999389648438,16265.0,0.0,0.0,Coffee,KC=F
2024-07-30 00:00:00-04:00,230.85000610351562,233.1999969482422,228.25,230.8000030517578,15917.0,0.0,0.0,Coffee,KC=F
2024-07-31 00:00:00-04:00,230.5,235.39999389648438,227.10000610351562,229.1999969482422,22033.0,0.0,0.0,Coffee,KC=F
2024-08-01 00:00:00-04:00,229.1999969482422,231.14999389648438,225.25,227.25,19190.0,0.0,0.0,Coffee,KC=F
2024-08-02 00:00:00-04:00,227.25,231.75,226.4499969482422,230.5,16950.0,0.0,0.0,Coffee,KC=F
2024-08-05 00:00:00-04:00,227.35000610351562,227.89999389648438,221.0,225.6999969482422,24822.0,0.0,0.0,Coffee,KC=F
2024-08-06 00:00:00-04:00,229.85000610351562,238.85000610351562,229.5500030517578,235.9499969482422,31484.0,0.0,0.0,Coffee,KC=F
2024-08-07 00:00:00-04:00,235.35000610351562,248.0,235.25,246.3000030517578,40125.0,0.0,0.0,Coffee,KC=F
2024-08-08 00:00:00-04:00,245.25,251.75,243.10000610351562,245.3000030517578,37129.0,0.0,0.0,Coffee,KC=F
2024-08-09 00:00:00-04:00,245.3000030517578,246.0500030517578,232.25,234.0500030517578,44484.0,0.0,0.0,Coffee,KC=F
2024-08-12 00:00:00-04:00,245.5,249.4499969482422,239.25,240.85000610351562,25849.0,0.0,0.0,Coffee,KC=F
2024-08-13 00:00:00-04:00,235.8000030517578,237.14999389648438,230.10000610351562,232.6999969482422,24083.0,0.0,0.0,Coffee,KC=F
2024-08-14 00:00:00-04:00,232.75,238.9499969482422,232.0500030517578,237.0,10297.0,0.0,0.0,Coffee,KC=F
2024-08-15 00:00:00-04:00,236.8000030517578,240.35000610351562,234.3000030517578,239.89999389648438,7422.0,0.0,0.0,Coffee,KC=F
2024-08-16 00:00:00-04:00,239.10000610351562,245.8000030517578,238.5500030517578,245.4499969482422,8503.0,0.0,0.0,Coffee,KC=F
2024-08-19 00:00:00-04:00,245.5,249.8000030517578,242.60000610351562,245.89999389648438,5273.0,0.0,0.0,Coffee,KC=F
2024-08-20 00:00:00-04:00,247.89999389648438,254.5,245.8000030517578,249.4499969482422,5942.0,0.0,0.0,Coffee,KC=F
2024-08-21 00:00:00-04:00,247.0,253.0,244.0,249.4499969482422,4069.0,0.0,0.0,Coffee,KC=F
2024-08-22 00:00:00-04:00,253.3000030517578,253.3000030517578,244.5,246.8000030517578,247.0,0.0,0.0,Coffee,KC=F
2024-08-23 00:00:00-04:00,246.8000030517578,251.35000610351562,245.0500030517578,251.1999969482422,46.0,0.0,0.0,Coffee,KC=F
2024-08-26 00:00:00-04:00,249.39999389648438,253.25,248.39999389648438,253.64999389648438,12.0,0.0,0.0,Coffee,KC=F
2024-08-27 00:00:00-04:00,259.1499938964844,263.6499938964844,254.64999389648438,259.3999938964844,57.0,0.0,0.0,Coffee,KC=F
2024-08-28 00:00:00-04:00,259.0,259.04998779296875,259.0,260.45001220703125,12.0,0.0,0.0,Coffee,KC=F
2024-08-29 00:00:00-04:00,258.70001220703125,258.70001220703125,250.3000030517578,251.8000030517578,51.0,0.0,0.0,Coffee,KC=F
2024-08-30 00:00:00-04:00,255.4499969482422,255.5,250.3000030517578,248.1999969482422,18.0,0.0,0.0,Coffee,KC=F
2024-09-03 00:00:00-04:00,246.64999389648438,246.64999389648438,246.64999389648438,246.75,20.0,0.0,0.0,Coffee,KC=F
2024-09-04 00:00:00-04:00,246.4499969482422,246.4499969482422,246.10000610351562,245.5500030517578,3.0,0.0,0.0,Coffee,KC=F
2024-09-05 00:00:00-04:00,246.60000610351562,246.60000610351562,246.60000610351562,246.60000610351562,0.0,0.0,0.0,Coffee,KC=F
2024-09-06 00:00:00-04:00,246.5,246.5,240.0,240.0500030517578,3.0,0.0,0.0,Coffee,KC=F
2024-09-09 00:00:00-04:00,249.4499969482422,249.4499969482422,249.4499969482422,249.4499969482422,3.0,0.0,0.0,Coffee,KC=F
2024-09-10 00:00:00-04:00,248.0,248.0,248.0,248.0,4.0,0.0,0.0,Coffee,KC=F
2024-09-11 00:00:00-04:00,247.85000610351562,247.85000610351562,247.85000610351562,249.4499969482422,1.0,0.0,0.0,Coffee,KC=F
2024-09-12 00:00:00-04:00,252.0,252.0,252.0,252.0,0.0,0.0,0.0,Coffee,KC=F
2024-09-13 00:00:00-04:00,261.75,261.75,261.75,262.04998779296875,2.0,0.0,0.0,Coffee,KC=F
2024-09-16 00:00:00-04:00,259.04998779296875,259.04998779296875,259.04998779296875,259.04998779296875,0.0,0.0,0.0,Coffee,KC=F
2024-09-17 00:00:00-04:00,264.20001220703125,265.04998779296875,264.20001220703125,265.0,3.0,0.0,0.0,Coffee,KC=F
2024-09-18 00:00:00-04:00,265.70001220703125,265.70001220703125,265.70001220703125,263.1499938964844,15678.0,0.0,0.0,Coffee,KC=F
2024-09-19 00:00:00-04:00,260.6000061035156,263.0,257.29998779296875,261.6499938964844,14167.0,0.0,0.0,Coffee,KC=F
2024-09-20 00:00:00-04:00,261.79998779296875,262.1000061035156,247.6999969482422,250.75,23783.0,0.0,0.0,Coffee,KC=F
2024-09-23 00:00:00-04:00,251.89999389648438,264.3999938964844,250.10000610351562,263.6499938964844,21100.0,0.0,0.0,Coffee,KC=F
2024-09-24 00:00:00-04:00,263.6499938964844,270.3999938964844,262.70001220703125,267.79998779296875,19275.0,0.0,0.0,Coffee,KC=F
2024-09-25 00:00:00-04:00,267.0,271.20001220703125,263.20001220703125,269.1000061035156,15053.0,0.0,0.0,Coffee,KC=F
2024-09-26 00:00:00-04:00,268.75,275.04998779296875,267.95001220703125,273.8999938964844,15565.0,0.0,0.0,Coffee,KC=F
2024-09-27 00:00:00-04:00,272.0,273.1499938964844,264.6000061035156,269.1499938964844,14947.0,0.0,0.0,Coffee,KC=F
2024-09-30 00:00:00-04:00,268.1499938964844,272.1499938964844,264.1000061035156,270.25,18335.0,0.0,0.0,Coffee,KC=F
2024-10-01 00:00:00-04:00,269.79998779296875,271.45001220703125,261.5,264.1499938964844,19959.0,0.0,0.0,Coffee,KC=F
2024-10-02 00:00:00-04:00,265.5,267.5,255.75,256.5,24169.0,0.0,0.0,Coffee,KC=F
2024-10-03 00:00:00-04:00,257.95001220703125,258.5,251.39999389648438,252.0500030517578,16847.0,0.0,0.0,Coffee,KC=F
2024-10-04 00:00:00-04:00,253.85000610351562,257.75,252.0,257.3500061035156,14342.0,0.0,0.0,Coffee,KC=F
2024-10-07 00:00:00-04:00,252.85000610351562,253.64999389648438,243.35000610351562,244.64999389648438,26384.0,0.0,0.0,Coffee,KC=F
2024-10-08 00:00:00-04:00,248.0500030517578,248.89999389648438,244.0500030517578,248.1999969482422,16056.0,0.0,0.0,Coffee,KC=F
2024-10-09 00:00:00-04:00,247.75,252.89999389648438,246.60000610351562,250.0500030517578,14320.0,0.0,0.0,Coffee,KC=F
2024-10-10 00:00:00-04:00,248.0500030517578,257.1000061035156,247.39999389648438,254.75,15930.0,0.0,0.0,Coffee,KC=F
2024-10-11 00:00:00-04:00,254.25,256.45001220703125,251.0,252.0500030517578,13850.0,0.0,0.0,Coffee,KC=F
2024-10-14 00:00:00-04:00,251.0500030517578,262.6499938964844,250.3000030517578,262.04998779296875,16920.0,0.0,0.0,Coffee,KC=F
2024-10-15 00:00:00-04:00,261.70001220703125,264.1499938964844,255.35000610351562,256.70001220703125,14783.0,0.0,0.0,Coffee,KC=F
2024-10-16 00:00:00-04:00,258.0,259.54998779296875,254.8000030517578,258.0,13091.0,0.0,0.0,Coffee,KC=F
2024-10-17 00:00:00-04:00,257.1000061035156,261.0,253.39999389648438,255.14999389648438,13289.0,0.0,0.0,Coffee,KC=F
2024-10-18 00:00:00-04:00,254.0,259.1000061035156,253.10000610351562,257.29998779296875,11056.0,0.0,0.0,Coffee,KC=F
2024-10-21 00:00:00-04:00,253.5,254.0500030517578,248.0500030517578,251.6999969482422,16917.0,0.0,0.0,Coffee,KC=F
2024-10-22 00:00:00-04:00,252.5,255.6999969482422,248.5500030517578,249.85000610351562,17531.0,0.0,0.0,Coffee,KC=F
2024-10-23 00:00:00-04:00,249.25,253.85000610351562,247.39999389648438,252.35000610351562,15434.0,0.0,0.0,Coffee,KC=F
2024-10-24 00:00:00-04:00,251.89999389648438,256.1000061035156,244.10000610351562,245.4499969482422,21963.0,0.0,0.0,Coffee,KC=F
2024-10-25 00:00:00-04:00,245.85000610351562,248.75,244.39999389648438,248.39999389648438,15942.0,0.0,0.0,Coffee,KC=F
2024-10-28 00:00:00-04:00,247.25,255.64999389648438,246.25,252.35000610351562,17939.0,0.0,0.0,Coffee,KC=F
2024-10-29 00:00:00-04:00,253.1999969482422,254.25,247.85000610351562,248.10000610351562,13578.0,0.0,0.0,Coffee,KC=F
2024-10-30 00:00:00-04:00,248.6999969482422,250.5500030517578,245.14999389648438,249.60000610351562,16871.0,0.0,0.0,Coffee,KC=F
2024-10-31 00:00:00-04:00,249.0,249.5,244.35000610351562,245.89999389648438,17376.0,0.0,0.0,Coffee,KC=F
2024-11-01 00:00:00-04:00,246.3000030517578,249.25,241.3000030517578,242.9499969482422,23120.0,0.0,0.0,Coffee,KC=F
2024-11-04 00:00:00-05:00,243.85000610351562,246.5500030517578,242.10000610351562,245.9499969482422,24031.0,0.0,0.0,Coffee,KC=F
2024-11-05 00:00:00-05:00,246.5500030517578,252.25,246.0,250.14999389648438,28770.0,0.0,0.0,Coffee,KC=F
2024-11-06 00:00:00-05:00,248.60000610351562,250.8000030517578,244.14999389648438,248.75,24333.0,0.0,0.0,Coffee,KC=F
2024-11-07 00:00:00-05:00,250.14999389648438,261.3999938964844,249.5,260.3999938964844,38861.0,0.0,0.0,Coffee,KC=F
2024-11-08 00:00:00-05:00,258.0,259.95001220703125,252.75,253.35000610351562,43846.0,0.0,0.0,Coffee,KC=F
2024-11-11 00:00:00-05:00,253.35000610351562,258.70001220703125,253.35000610351562,256.20001220703125,27432.0,0.0,0.0,Coffee,KC=F
2024-11-12 00:00:00-05:00,256.75,266.3999938964844,256.70001220703125,263.54998779296875,23933.0,0.0,0.0,Coffee,KC=F
2024-11-13 00:00:00-05:00,262.8999938964844,272.95001220703125,260.75,271.6499938964844,16033.0,0.0,0.0,Coffee,KC=F
2024-11-14 00:00:00-05:00,271.6499938964844,285.04998779296875,270.95001220703125,278.95001220703125,9891.0,0.0,0.0,Coffee,KC=F
2024-11-15 00:00:00-05:00,274.95001220703125,283.8999938964844,274.95001220703125,281.79998779296875,10317.0,0.0,0.0,Coffee,KC=F
2024-11-18 00:00:00-05:00,284.25,290.20001220703125,278.3500061035156,280.75,7712.0,0.0,0.0,Coffee,KC=F
2024-11-19 00:00:00-05:00,281.70001220703125,287.20001220703125,277.75,279.75,6890.0,0.0,0.0,Coffee,KC=F
2024-11-20 00:00:00-05:00,288.0,296.95001220703125,286.29998779296875,295.29998779296875,248.0,0.0,0.0,Coffee,KC=F
2024-11-21 00:00:00-05:00,300.0,300.0,295.75,298.6499938964844,87.0,0.0,0.0,Coffee,KC=F
2024-11-22 00:00:00-05:00,296.54998779296875,306.25,296.54998779296875,305.25,35.0,0.0,0.0,Coffee,KC=F
2024-11-25 00:00:00-05:00,308.29998779296875,312.79998779296875,307.25,308.3500061035156,79.0,0.0,0.0,Coffee,KC=F
2024-11-26 00:00:00-05:00,310.04998779296875,313.0,310.04998779296875,312.1499938964844,21.0,0.0,0.0,Coffee,KC=F
2024-11-27 00:00:00-05:00,320.0,329.5,319.6499938964844,326.1499938964844,33.0,0.0,0.0,Coffee,KC=F
2024-11-29 00:00:00-05:00,334.5,335.0,324.29998779296875,321.6499938964844,1144.0,0.0,0.0,Coffee,KC=F
2024-12-02 00:00:00-05:00,318.1000061035156,318.1000061035156,297.6000061035156,299.20001220703125,30.0,0.0,0.0,Coffee,KC=F
2024-12-03 00:00:00-05:00,298.3500061035156,303.45001220703125,293.75,297.70001220703125,46.0,0.0,0.0,Coffee,KC=F
2024-12-04 00:00:00-05:00,306.6000061035156,306.6000061035156,305.79998779296875,305.95001220703125,19.0,0.0,0.0,Coffee,KC=F
2024-12-05 00:00:00-05:00,310.75,312.45001220703125,307.8500061035156,315.75,4.0,0.0,0.0,Coffee,KC=F
2024-12-06 00:00:00-05:00,332.5,332.5,332.5,332.5,2.0,0.0,0.0,Coffee,KC=F
2024-12-09 00:00:00-05:00,332.29998779296875,332.29998779296875,332.29998779296875,332.29998779296875,2.0,0.0,0.0,Coffee,KC=F
2024-12-10 00:00:00-05:00,343.8500061035156,347.3500061035156,343.70001220703125,335.6499938964844,24.0,0.0,0.0,Coffee,KC=F
2024-12-11 00:00:00-05:00,321.70001220703125,321.70001220703125,321.70001220703125,321.70001220703125,0.0,0.0,0.0,Coffee,KC=F
2024-12-12 00:00:00-05:00,322.6000061035156,322.6000061035156,322.6000061035156,322.6000061035156,2.0,0.0,0.0,Coffee,KC=F
2024-12-13 00:00:00-05:00,320.8500061035156,320.8500061035156,320.8500061035156,320.8500061035156,0.0,0.0,0.0,Coffee,KC=F
2024-12-16 00:00:00-05:00,328.25,328.25,328.25,328.75,1.0,0.0,0.0,Coffee,KC=F
2024-12-17 00:00:00-05:00,322.6000061035156,322.6000061035156,322.6000061035156,325.45001220703125,1.0,0.0,0.0,Coffee,KC=F
2024-12-18 00:00:00-05:00,333.1499938964844,333.1499938964844,333.1499938964844,333.1499938964844,17909.0,0.0,0.0,Coffee,KC=F
2024-12-19 00:00:00-05:00,332.6499938964844,341.79998779296875,321.5,323.75,26439.0,0.0,0.0,Coffee,KC=F
2024-12-20 00:00:00-05:00,325.5,329.5,319.0,325.0,15022.0,0.0,0.0,Coffee,KC=F
2024-12-23 00:00:00-05:00,325.0,329.75,320.8500061035156,327.25,10320.0,0.0,0.0,Coffee,KC=F
2024-12-24 00:00:00-05:00,327.04998779296875,329.54998779296875,322.04998779296875,328.6000061035156,0.0,0.0,0.0,Coffee,KC=F
2024-12-26 00:00:00-05:00,330.0,331.5,322.3500061035156,324.6499938964844,7162.0,0.0,0.0,Coffee,KC=F
2024-12-27 00:00:00-05:00,323.6499938964844,325.5,318.3999938964844,322.6499938964844,11070.0,0.0,0.0,Coffee,KC=F
2024-12-30 00:00:00-05:00,322.1499938964844,323.8500061035156,316.79998779296875,321.0,12652.0,0.0,0.0,Coffee,KC=F
2024-12-31 00:00:00-05:00,318.8500061035156,321.29998779296875,312.1499938964844,319.75,0.0,0.0,0.0,Coffee,KC=F
2025-01-02 00:00:00-05:00,321.54998779296875,329.79998779296875,319.75,326.8500061035156,14736.0,0.0,0.0,Coffee,KC=F
2025-01-03 00:00:00-05:00,324.75,326.25,317.6499938964844,318.6499938964844,11892.0,0.0,0.0,Coffee,KC=F
2025-01-06 00:00:00-05:00,318.6499938964844,328.6000061035156,317.04998779296875,318.6000061035156,15989.0,0.0,0.0,Coffee,KC=F
2025-01-07 00:00:00-05:00,320.6499938964844,323.1000061035156,317.75,320.5,12720.0,0.0,0.0,Coffee,KC=F
2025-01-08 00:00:00-05:00,320.6499938964844,324.29998779296875,314.8999938964844,316.45001220703125,21114.0,0.0,0.0,Coffee,KC=F
2025-01-09 00:00:00-05:00,321.0,322.0,316.6499938964844,318.5,14253.0,0.0,0.0,Coffee,KC=F
2025-01-10 00:00:00-05:00,319.5,325.8500061035156,317.75,323.8500061035156,14253.0,0.0,0.0,Coffee,KC=F
2024-01-03 00:00:00-05:00,346.45001220703125,348.5,344.8500061035156,348.04998779296875,7.0,0.0,0.0,Orange Juice,OJ=F
2024-01-04 00:00:00-05:00,335.20001220703125,335.20001220703125,335.20001220703125,335.20001220703125,3.0,0.0,0.0,Orange Juice,OJ=F
2024-01-05 00:00:00-05:00,338.0,338.0,338.0,338.0,0.0,0.0,0.0,Orange Juice,OJ=F
2024-01-08 00:00:00-05:00,338.0,338.0,338.0,338.04998779296875,4.0,0.0,0.0,Orange Juice,OJ=F
2024-01-09 00:00:00-05:00,331.20001220703125,331.8999938964844,331.0,331.20001220703125,7.0,0.0,0.0,Orange Juice,OJ=F
2024-01-10 00:00:00-05:00,324.79998779296875,324.79998779296875,324.79998779296875,324.79998779296875,821.0,0.0,0.0,Orange Juice,OJ=F
2024-01-11 00:00:00-05:00,296.0,306.75,291.54998779296875,305.6000061035156,898.0,0.0,0.0,Orange Juice,OJ=F
2024-01-12 00:00:00-05:00,305.04998779296875,309.8999938964844,302.04998779296875,304.70001220703125,404.0,0.0,0.0,Orange Juice,OJ=F
2024-01-16 00:00:00-05:00,304.6000061035156,304.6000061035156,297.6000061035156,299.04998779296875,865.0,0.0,0.0,Orange Juice,OJ=F
2024-01-17 00:00:00-05:00,298.0,299.79998779296875,290.0,290.6499938964844,963.0,0.0,0.0,Orange Juice,OJ=F
2024-01-18 00:00:00-05:00,290.25,299.5,289.75,297.70001220703125,886.0,0.0,0.0,Orange Juice,OJ=F
2024-01-19 00:00:00-05:00,299.3999938964844,307.70001220703125,296.8999938964844,307.70001220703125,690.0,0.0,0.0,Orange Juice,OJ=F
2024-01-22 00:00:00-05:00,308.20001220703125,319.75,303.6000061035156,308.3500061035156,728.0,0.0,0.0,Orange Juice,OJ=F
2024-01-23 00:00:00-05:00,308.3999938964844,316.54998779296875,306.45001220703125,307.95001220703125,496.0,0.0,0.0,Orange Juice,OJ=F
2024-01-24 00:00:00-05:00,309.6499938964844,313.5,308.04998779296875,311.1000061035156,508.0,0.0,0.0,Orange Juice,OJ=F
2024-01-25 00:00:00-05:00,311.1499938964844,311.1499938964844,304.1000061035156,307.25,557.0,0.0,0.0,Orange Juice,OJ=F
2024-01-26 00:00:00-05:00,307.45001220703125,317.25,307.29998779296875,317.25,465.0,0.0,0.0,Orange Juice,OJ=F
2024-01-29 00:00:00-05:00,321.6000061035156,337.25,320.1000061035156,337.25,1215.0,0.0,0.0,Orange Juice,OJ=F
2024-01-30 00:00:00-05:00,340.0,353.5,332.3500061035156,352.45001220703125,1429.0,0.0,0.0,Orange Juice,OJ=F
2024-01-31 00:00:00-05:00,352.20001220703125,360.6000061035156,344.6000061035156,356.79998779296875,957.0,0.0,0.0,Orange Juice,OJ=F
2024-02-01 00:00:00-05:00,356.45001220703125,366.79998779296875,355.29998779296875,366.79998779296875,833.0,0.0,0.0,Orange Juice,OJ=F
2024-02-02 00:00:00-05:00,366.0,386.79998779296875,365.75,381.54998779296875,1768.0,0.0,0.0,Orange Juice,OJ=F
2024-02-05 00:00:00-05:00,378.25,378.29998779296875,371.54998779296875,374.3999938964844,1054.0,0.0,0.0,Orange Juice,OJ=F
2024-02-06 00:00:00-05:00,375.0,382.04998779296875,373.1499938964844,380.95001220703125,951.0,0.0,0.0,Orange Juice,OJ=F
2024-02-07 00:00:00-05:00,380.8500061035156,390.95001220703125,379.6499938964844,390.95001220703125,361.0,0.0,0.0,Orange Juice,OJ=F
2024-02-08 00:00:00-05:00,394.70001220703125,404.8999938964844,376.79998779296875,383.6499938964844,1635.0,0.0,0.0,Orange Juice,OJ=F
2024-02-09 00:00:00-05:00,383.1499938964844,383.20001220703125,373.6499938964844,373.6499938964844,415.0,0.0,0.0,Orange Juice,OJ=F
2024-02-12 00:00:00-05:00,369.79998779296875,369.79998779296875,353.6499938964844,353.6499938964844,1320.0,0.0,0.0,Orange Juice,OJ=F
2024-02-13 00:00:00-05:00,350.6499938964844,361.29998779296875,347.04998779296875,351.6000061035156,1656.0,0.0,0.0,Orange Juice,OJ=F
2024-02-14 00:00:00-05:00,351.8500061035156,361.6000061035156,350.3999938964844,361.6000061035156,719.0,0.0,0.0,Orange Juice,OJ=F
2024-02-15 00:00:00-05:00,364.8500061035156,372.8999938964844,359.1499938964844,364.6499938964844,937.0,0.0,0.0,Orange Juice,OJ=F
2024-02-16 00:00:00-05:00,365.6000061035156,374.6499938964844,361.29998779296875,371.3999938964844,1542.0,0.0,0.0,Orange Juice,OJ=F
2024-02-20 00:00:00-05:00,371.8500061035156,381.3999938964844,371.0,372.79998779296875,1021.0,0.0,0.0,Orange Juice,OJ=F
2024-02-21 00:00:00-05:00,371.8999938964844,371.8999938964844,362.79998779296875,362.79998779296875,783.0,0.0,0.0,Orange Juice,OJ=F
2024-02-22 00:00:00-05:00,356.20001220703125,370.1499938964844,348.95001220703125,369.45001220703125,548.0,0.0,0.0,Orange Juice,OJ=F
2024-02-23 00:00:00-05:00,364.79998779296875,379.45001220703125,359.45001220703125,375.8999938964844,605.0,0.0,0.0,Orange Juice,OJ=F
2024-02-26 00:00:00-05:00,378.29998779296875,385.8999938964844,371.5,378.95001220703125,471.0,0.0,0.0,Orange Juice,OJ=F
2024-02-27 00:00:00-05:00,376.95001220703125,377.3999938964844,368.95001220703125,368.95001220703125,314.0,0.0,0.0,Orange Juice,OJ=F
2024-02-28 00:00:00-05:00,364.29998779296875,364.29998779296875,348.95001220703125,348.95001220703125,270.0,0.0,0.0,Orange Juice,OJ=F
2024-02-29 00:00:00-05:00,349.6499938964844,352.0,343.0,355.8500061035156,341.0,0.0,0.0,Orange Juice,OJ=F
2024-03-01 00:00:00-05:00,356.25,357.70001220703125,352.5,355.3999938964844,70.0,0.0,0.0,Orange Juice,OJ=F
2024-03-04 00:00:00-05:00,361.25,361.25,361.25,361.25,35.0,0.0,0.0,Orange Juice,OJ=F
2024-03-05 00:00:00-05:00,362.79998779296875,362.79998779296875,362.79998779296875,362.79998779296875,0.0,0.0,0.0,Orange Juice,OJ=F
2024-03-06 00:00:00-05:00,393.1000061035156,393.1000061035156,385.0,383.0,9.0,0.0,0.0,Orange Juice,OJ=F
2024-03-07 00:00:00-05:00,380.0,380.0,368.5,367.1499938964844,3.0,0.0,0.0,Orange Juice,OJ=F
2024-03-08 00:00:00-05:00,357.1499938964844,357.1499938964844,357.1499938964844,357.1499938964844,417.0,0.0,0.0,Orange Juice,OJ=F
2024-03-11 00:00:00-04:00,357.70001220703125,368.8500061035156,350.5,353.8999938964844,863.0,0.0,0.0,Orange Juice,OJ=F
2024-03-12 00:00:00-04:00,358.25,359.95001220703125,349.0,354.75,983.0,0.0,0.0,Orange Juice,OJ=F
2024-03-13 00:00:00-04:00,354.79998779296875,364.75,354.79998779296875,364.20001220703125,596.0,0.0,0.0,Orange Juice,OJ=F
2024-03-14 00:00:00-04:00,365.0,366.5,356.79998779296875,360.54998779296875,458.0,0.0,0.0,Orange Juice,OJ=F
2024-03-15 00:00:00-04:00,360.1000061035156,370.54998779296875,358.75,370.45001220703125,586.0,0.0,0.0,Orange Juice,OJ=F
2024-03-18 00:00:00-04:00,370.45001220703125,371.29998779296875,360.45001220703125,360.45001220703125,478.0,0.0,0.0,Orange Juice,OJ=F
2024-03-19 00:00:00-04:00,358.3999938964844,361.0,354.70001220703125,357.8500061035156,591.0,0.0,0.0,Orange Juice,OJ=F
2024-03-20 00:00:00-04:00,358.95001220703125,362.25,347.8500061035156,347.8500061035156,911.0,0.0,0.0,Orange Juice,OJ=F
2024-03-21 00:00:00-04:00,346.5,367.8500061035156,346.5,358.3999938964844,997.0,0.0,0.0,Orange Juice,OJ=F
2024-03-22 00:00:00-04:00,358.54998779296875,368.3999938964844,357.3500061035156,367.70001220703125,537.0,0.0,0.0,Orange Juice,OJ=F
2024-03-25 00:00:00-04:00,368.20001220703125,376.0,366.3500061035156,370.95001220703125,782.0,0.0,0.0,Orange Juice,OJ=F
2024-03-26 00:00:00-04:00,373.1000061035156,377.0,371.45001220703125,373.1000061035156,416.0,0.0,0.0,Orange Juice,OJ=F
2024-03-27 00:00:00-04:00,374.0,375.8999938964844,363.20001220703125,370.29998779296875,731.0,0.0,0.0,Orange Juice,OJ=F
2024-03-28 00:00:00-04:00,369.95001220703125,369.95001220703125,360.29998779296875,363.25,728.0,0.0,0.0,Orange Juice,OJ=F
2024-04-01 00:00:00-04:00,360.6000061035156,373.25,358.20001220703125,373.25,632.0,0.0,0.0,Orange Juice,OJ=F
2024-04-02 00:00:00-04:00,375.0,375.0,367.3500061035156,368.75,544.0,0.0,0.0,Orange Juice,OJ=F
2024-04-03 00:00:00-04:00,368.95001220703125,374.3999938964844,363.79998779296875,371.8999938964844,542.0,0.0,0.0,Orange Juice,OJ=F
2024-04-04 00:00:00-04:00,373.54998779296875,373.54998779296875,366.5,370.29998779296875,449.0,0.0,0.0,Orange Juice,OJ=F
2024-04-05 00:00:00-04:00,367.54998779296875,370.6499938964844,360.29998779296875,360.29998779296875,675.0,0.0,0.0,Orange Juice,OJ=F
2024-04-08 00:00:00-04:00,359.45001220703125,363.95001220703125,354.0,355.79998779296875,913.0,0.0,0.0,Orange Juice,OJ=F
2024-04-09 00:00:00-04:00,354.1499938964844,365.79998779296875,354.0,365.79998779296875,773.0,0.0,0.0,Orange Juice,OJ=F
2024-04-10 00:00:00-04:00,368.0,380.25,364.25,374.70001220703125,1176.0,0.0,0.0,Orange Juice,OJ=F
2024-04-11 00:00:00-04:00,372.0,376.0,364.70001220703125,364.70001220703125,417.0,0.0,0.0,Orange Juice,OJ=F
2024-04-12 00:00:00-04:00,363.0,370.5,360.6499938964844,369.5,670.0,0.0,0.0,Orange Juice,OJ=F
2024-04-15 00:00:00-04:00,369.8500061035156,376.70001220703125,369.25,374.04998779296875,1378.0,0.0,0.0,Orange Juice,OJ=F
2024-04-16 00:00:00-04:00,372.75,372.75,364.04998779296875,364.04998779296875,819.0,0.0,0.0,Orange Juice,OJ=F
2024-04-17 00:00:00-04:00,362.45001220703125,366.04998779296875,357.1499938964844,362.8500061035156,794.0,0.0,0.0,Orange Juice,OJ=F
2024-04-18 00:00:00-04:00,363.0,368.6000061035156,358.0,359.5,1191.0,0.0,0.0,Orange Juice,OJ=F
2024-04-19 00:00:00-04:00,359.54998779296875,362.70001220703125,356.0,357.75,1526.0,0.0,0.0,Orange Juice,OJ=F
2024-04-22 00:00:00-04:00,359.6499938964844,367.70001220703125,359.04998779296875,367.75,1061.0,0.0,0.0,Orange Juice,OJ=F
2024-04-23 00:00:00-04:00,366.70001220703125,367.70001220703125,357.75,359.5,830.0,0.0,0.0,Orange Juice,OJ=F
2024-04-24 00:00:00-04:00,357.8500061035156,369.5,357.1000061035156,369.5,523.0,0.0,0.0,Orange Juice,OJ=F
2024-04-25 00:00:00-04:00,370.25,379.5,368.25,379.5,496.0,0.0,0.0,Orange Juice,OJ=F
2024-04-26 00:00:00-04:00,387.8500061035156,389.45001220703125,370.0,387.95001220703125,254.0,0.0,0.0,Orange Juice,OJ=F
2024-04-29 00:00:00-04:00,387.8999938964844,397.0,377.95001220703125,377.95001220703125,107.0,0.0,0.0,Orange Juice,OJ=F
2024-04-30 00:00:00-04:00,375.8999938964844,380.0,375.8999938964844,382.25,41.0,0.0,0.0,Orange Juice,OJ=F
2024-05-01 00:00:00-04:00,391.29998779296875,391.29998779296875,391.29998779296875,393.5,19.0,0.0,0.0,Orange Juice,OJ=F
2024-05-02 00:00:00-04:00,391.5,394.75,391.29998779296875,392.8999938964844,5.0,0.0,0.0,Orange Juice,OJ=F
2024-05-03 00:00:00-04:00,390.0,390.0,390.0,390.0,0.0,0.0,0.0,Orange Juice,OJ=F
2024-05-06 00:00:00-04:00,386.75,386.75,386.75,386.75,0.0,0.0,0.0,Orange Juice,OJ=F
2024-05-07 00:00:00-04:00,390.75,390.75,390.5,392.1499938964844,31.0,0.0,0.0,Orange Juice,OJ=F
2024-05-08 00:00:00-04:00,392.95001220703125,392.95001220703125,392.95001220703125,392.95001220703125,0.0,0.0,0.0,Orange Juice,OJ=F
2024-05-09 00:00:00-04:00,402.95001220703125,402.95001220703125,402.95001220703125,402.95001220703125,0.0,0.0,0.0,Orange Juice,OJ=F
2024-05-10 00:00:00-04:00,407.1000061035156,407.1000061035156,407.1000061035156,407.1000061035156,2359.0,0.0,0.0,Orange Juice,OJ=F
2024-05-13 00:00:00-04:00,395.0,404.20001220703125,395.0,404.20001220703125,782.0,0.0,0.0,Orange Juice,OJ=F
2024-05-14 00:00:00-04:00,409.20001220703125,424.20001220703125,406.0,424.20001220703125,1264.0,0.0,0.0,Orange Juice,OJ=F
2024-05-15 00:00:00-04:00,425.8500061035156,437.75,417.20001220703125,428.5,1352.0,0.0,0.0,Orange Juice,OJ=F
2024-05-16 00:00:00-04:00,429.1000061035156,438.5,429.1000061035156,438.5,761.0,0.0,0.0,Orange Juice,OJ=F
2024-05-17 00:00:00-04:00,440.20001220703125,448.95001220703125,433.5,448.45001220703125,1156.0,0.0,0.0,Orange Juice,OJ=F
2024-05-20 00:00:00-04:00,447.8999938964844,453.25,440.79998779296875,445.95001220703125,932.0,0.0,0.0,Orange Juice,OJ=F
2024-05-21 00:00:00-04:00,447.25,455.95001220703125,446.04998779296875,455.95001220703125,702.0,0.0,0.0,Orange Juice,OJ=F
2024-05-22 00:00:00-04:00,456.04998779296875,471.0,456.04998779296875,463.3999938964844,956.0,0.0,0.0,Orange Juice,OJ=F
2024-05-23 00:00:00-04:00,463.3999938964844,469.8999938964844,463.0,466.5,788.0,0.0,0.0,Orange Juice,OJ=F
2024-05-24 00:00:00-04:00,468.20001220703125,476.5,466.5,476.5,866.0,0.0,0.0,Orange Juice,OJ=F
2024-05-28 00:00:00-04:00,478.79998779296875,495.25,477.95001220703125,487.20001220703125,1516.0,0.0,0.0,Orange Juice,OJ=F
2024-05-29 00:00:00-04:00,483.1000061035156,493.6499938964844,477.20001220703125,477.20001220703125,1046.0,0.0,0.0,Orange Juice,OJ=F
2024-05-30 00:00:00-04:00,468.5,468.5,457.20001220703125,457.20001220703125,933.0,0.0,0.0,Orange Juice,OJ=F
2024-05-31 00:00:00-04:00,451.70001220703125,451.70001220703125,437.20001220703125,437.20001220703125,968.0,0.0,0.0,Orange Juice,OJ=F
2024-06-03 00:00:00-04:00,440.6499938964844,457.20001220703125,436.45001220703125,457.20001220703125,644.0,0.0,0.0,Orange Juice,OJ=F
2024-06-04 00:00:00-04:00,459.04998779296875,473.6000061035156,439.8999938964844,441.0,1168.0,0.0,0.0,Orange Juice,OJ=F
2024-06-05 00:00:00-04:00,439.75,447.6499938964844,431.0,431.75,1355.0,0.0,0.0,Orange Juice,OJ=F
2024-06-06 00:00:00-04:00,439.25,441.75,436.0,441.75,293.0,0.0,0.0,Orange Juice,OJ=F
2024-06-07 00:00:00-04:00,447.5,447.5,421.75,423.75,1484.0,0.0,0.0,Orange Juice,OJ=F
2024-06-10 00:00:00-04:00,421.0,436.04998779296875,416.95001220703125,429.3500061035156,1129.0,0.0,0.0,Orange Juice,OJ=F
2024-06-11 00:00:00-04:00,431.54998779296875,435.70001220703125,409.3500061035156,409.6000061035156,1367.0,0.0,0.0,Orange Juice,OJ=F
2024-06-12 00:00:00-04:00,411.54998779296875,429.6000061035156,409.3999938964844,425.95001220703125,1295.0,0.0,0.0,Orange Juice,OJ=F
2024-06-13 00:00:00-04:00,425.6499938964844,426.79998779296875,406.04998779296875,411.29998779296875,1357.0,0.0,0.0,Orange Juice,OJ=F
2024-06-14 00:00:00-04:00,413.0,424.54998779296875,410.04998779296875,422.3999938964844,793.0,0.0,0.0,Orange Juice,OJ=F
2024-06-17 00:00:00-04:00,423.04998779296875,434.0,422.54998779296875,429.20001220703125,725.0,0.0,0.0,Orange Juice,OJ=F
2024-06-18 00:00:00-04:00,427.29998779296875,434.95001220703125,412.79998779296875,413.6499938964844,1480.0,0.0,0.0,Orange Juice,OJ=F
2024-06-20 00:00:00-04:00,413.6499938964844,428.1499938964844,410.6499938964844,422.25,2272.0,0.0,0.0,Orange Juice,OJ=F
2024-06-21 00:00:00-04:00,422.04998779296875,432.1000061035156,413.3500061035156,427.8500061035156,1149.0,0.0,0.0,Orange Juice,OJ=F
2024-06-24 00:00:00-04:00,425.6499938964844,429.8500061035156,418.25,426.6000061035156,734.0,0.0,0.0,Orange Juice,OJ=F
2024-06-25 00:00:00-04:00,422.79998779296875,437.0,422.79998779296875,435.6499938964844,510.0,0.0,0.0,Orange Juice,OJ=F
2024-06-26 00:00:00-04:00,435.6499938964844,436.0,422.5,423.75,499.0,0.0,0.0,Orange Juice,OJ=F
2024-06-27 00:00:00-04:00,423.75,430.29998779296875,423.75,427.75,140.0,0.0,0.0,Orange Juice,OJ=F
2024-06-28 00:00:00-04:00,419.8999938964844,440.5,419.8999938964844,432.70001220703125,73.0,0.0,0.0,Orange Juice,OJ=F
2024-07-01 00:00:00-04:00,430.0,430.0,420.0,434.0,11.0,0.0,0.0,Orange Juice,OJ=F
2024-07-02 00:00:00-04:00,430.6499938964844,432.75,430.6499938964844,445.54998779296875,44.0,0.0,0.0,Orange Juice,OJ=F
2024-07-03 00:00:00-04:00,436.75,436.75,436.75,436.75,81.0,0.0,0.0,Orange Juice,OJ=F
2024-07-05 00:00:00-04:00,456.3999938964844,456.3999938964844,456.3999938964844,444.5,155.0,0.0,0.0,Orange Juice,OJ=F
2024-07-08 00:00:00-04:00,461.0,461.0,461.0,460.04998779296875,2.0,0.0,0.0,Orange Juice,OJ=F
2024-07-09 00:00:00-04:00,478.0,478.0,473.0,474.75,5.0,0.0,0.0,Orange Juice,OJ=F
2024-07-10 00:00:00-04:00,483.45001220703125,483.45001220703125,483.45001220703125,475.3999938964844,3.0,0.0,0.0,Orange Juice,OJ=F
2024-07-11 00:00:00-04:00,455.3999938964844,455.3999938964844,455.3999938964844,455.3999938964844,883.0,0.0,0.0,Orange Juice,OJ=F
2024-07-12 00:00:00-04:00,441.54998779296875,452.79998779296875,432.25,449.79998779296875,916.0,0.0,0.0,Orange Juice,OJ=F
2024-07-15 00:00:00-04:00,450.6499938964844,454.6000061035156,442.95001220703125,451.6000061035156,643.0,0.0,0.0,Orange Juice,OJ=F
2024-07-16 00:00:00-04:00,446.54998779296875,454.04998779296875,440.6499938964844,450.25,669.0,0.0,0.0,Orange Juice,OJ=F
2024-07-17 00:00:00-04:00,448.3999938964844,449.0,430.25,430.3500061035156,790.0,0.0,0.0,Orange Juice,OJ=F
2024-07-18 00:00:00-04:00,430.04998779296875,437.5,425.0,432.3500061035156,588.0,0.0,0.0,Orange Juice,OJ=F
2024-07-19 00:00:00-04:00,431.75,435.70001220703125,425.54998779296875,433.20001220703125,522.0,0.0,0.0,Orange Juice,OJ=F
2024-07-22 00:00:00-04:00,433.20001220703125,446.5,426.45001220703125,439.45001220703125,529.0,0.0,0.0,Orange Juice,OJ=F
2024-07-23 00:00:00-04:00,440.79998779296875,442.20001220703125,430.0,433.1499938964844,432.0,0.0,0.0,Orange Juice,OJ=F
2024-07-24 00:00:00-04:00,431.25,437.3500061035156,423.5,423.95001220703125,920.0,0.0,0.0,Orange Juice,OJ=F
2024-07-25 00:00:00-04:00,423.20001220703125,427.5,419.20001220703125,420.1000061035156,1269.0,0.0,0.0,Orange Juice,OJ=F
2024-07-26 00:00:00-04:00,419.5,435.79998779296875,419.5,433.79998779296875,891.0,0.0,0.0,Orange Juice,OJ=F
2024-07-29 00:00:00-04:00,434.54998779296875,434.79998779296875,423.8500061035156,428.25,660.0,0.0,0.0,Orange Juice,OJ=F
2024-07-30 00:00:00-04:00,428.54998779296875,434.04998779296875,422.6000061035156,425.3500061035156,450.0,0.0,0.0,Orange Juice,OJ=F
2024-07-31 00:00:00-04:00,427.3999938964844,429.45001220703125,419.29998779296875,420.8999938964844,629.0,0.0,0.0,Orange Juice,OJ=F
2024-08-01 00:00:00-04:00,419.3999938964844,425.75,418.29998779296875,420.75,579.0,0.0,0.0,Orange Juice,OJ=F
2024-08-02 00:00:00-04:00,419.5,424.8500061035156,417.20001220703125,422.95001220703125,811.0,0.0,0.0,Orange Juice,OJ=F
2024-08-05 00:00:00-04:00,417.8500061035156,427.75,414.29998779296875,417.3500061035156,1072.0,0.0,0.0,Orange Juice,OJ=F
2024-08-06 00:00:00-04:00,420.8500061035156,434.3500061035156,415.3999938964844,430.6499938964844,1072.0,0.0,0.0,Orange Juice,OJ=F
2024-08-07 00:00:00-04:00,431.5,448.8999938964844,426.8999938964844,442.3999938964844,1266.0,0.0,0.0,Orange Juice,OJ=F
2024-08-08 00:00:00-04:00,438.04998779296875,447.3500061035156,438.04998779296875,442.5,938.0,0.0,0.0,Orange Juice,OJ=F
2024-08-09 00:00:00-04:00,442.5,445.0,422.5,422.70001220703125,1084.0,0.0,0.0,Orange Juice,OJ=F
2024-08-12 00:00:00-04:00,422.0,432.3500061035156,420.20001220703125,426.5,893.0,0.0,0.0,Orange Juice,OJ=F
2024-08-13 00:00:00-04:00,428.0,441.20001220703125,428.0,436.5,913.0,0.0,0.0,Orange Juice,OJ=F
2024-08-14 00:00:00-04:00,438.79998779296875,446.6000061035156,430.54998779296875,444.25,896.0,0.0,0.0,Orange Juice,OJ=F
2024-08-15 00:00:00-04:00,443.1000061035156,460.1499938964844,438.0,459.6499938964844,1491.0,0.0,0.0,Orange Juice,OJ=F
2024-08-16 00:00:00-04:00,459.29998779296875,459.6499938964844,452.1000061035156,457.25,1026.0,0.0,0.0,Orange Juice,OJ=F
2024-08-19 00:00:00-04:00,460.20001220703125,463.5,438.79998779296875,450.6000061035156,1415.0,0.0,0.0,Orange Juice,OJ=F
2024-08-20 00:00:00-04:00,454.95001220703125,457.1499938964844,446.8500061035156,453.1499938964844,1083.0,0.0,0.0,Orange Juice,OJ=F
2024-08-21 00:00:00-04:00,454.70001220703125,473.1499938964844,453.20001220703125,473.1499938964844,828.0,0.0,0.0,Orange Juice,OJ=F
2024-08-22 00:00:00-04:00,470.8999938964844,493.1499938964844,470.1499938964844,493.1499938964844,780.0,0.0,0.0,Orange Juice,OJ=F
2024-08-23 00:00:00-04:00,508.1499938964844,514.6500244140625,491.70001220703125,505.6000061035156,473.0,0.0,0.0,Orange Juice,OJ=F
2024-08-26 00:00:00-04:00,505.95001220703125,525.1500244140625,485.70001220703125,488.54998779296875,717.0,0.0,0.0,Orange Juice,OJ=F
2024-08-27 00:00:00-04:00,487.8500061035156,488.04998779296875,468.54998779296875,468.54998779296875,327.0,0.0,0.0,Orange Juice,OJ=F
2024-08-28 00:00:00-04:00,467.75,488.29998779296875,452.3999938964844,468.5,499.0,0.0,0.0,Orange Juice,OJ=F
2024-08-29 00:00:00-04:00,484.0,485.0,469.6000061035156,485.20001220703125,93.0,0.0,0.0,Orange Juice,OJ=F
2024-08-30 00:00:00-04:00,478.95001220703125,501.8500061035156,478.3999938964844,496.6000061035156,48.0,0.0,0.0,Orange Juice,OJ=F
2024-09-03 00:00:00-04:00,504.04998779296875,516.75,499.5,518.0499877929688,11.0,0.0,0.0,Orange Juice,OJ=F
2024-09-04 00:00:00-04:00,516.75,526.8499755859375,516.75,529.7999877929688,4.0,0.0,0.0,Orange Juice,OJ=F
2024-09-05 00:00:00-04:00,549.75,549.75,549.75,549.75,1.0,0.0,0.0,Orange Juice,OJ=F
2024-09-06 00:00:00-04:00,555.5,555.5,555.5,555.5,1.0,0.0,0.0,Orange Juice,OJ=F
2024-09-09 00:00:00-04:00,579.5,589.0,575.0,549.9500122070312,4.0,0.0,0.0,Orange Juice,OJ=F
2024-09-10 00:00:00-04:00,509.0,509.0,509.0,513.5,803.0,0.0,0.0,Orange Juice,OJ=F
2024-09-11 00:00:00-04:00,501.0,501.0,481.79998779296875,482.25,724.0,0.0,0.0,Orange Juice,OJ=F
2024-09-12 00:00:00-04:00,481.95001220703125,485.95001220703125,471.75,474.1499938964844,679.0,0.0,0.0,Orange Juice,OJ=F
2024-09-13 00:00:00-04:00,477.04998779296875,484.8500061035156,476.04998779296875,483.1000061035156,373.0,0.0,0.0,Orange Juice,OJ=F
2024-09-16 00:00:00-04:00,483.1000061035156,488.0,474.0,481.6499938964844,415.0,0.0,0.0,Orange Juice,OJ=F
2024-09-17 00:00:00-04:00,484.54998779296875,492.0,484.54998779296875,485.70001220703125,423.0,0.0,0.0,Orange Juice,OJ=F
2024-09-18 00:00:00-04:00,485.95001220703125,497.0,485.95001220703125,496.1499938964844,572.0,0.0,0.0,Orange Juice,OJ=F
2024-09-19 00:00:00-04:00,492.29998779296875,492.29998779296875,476.1499938964844,476.1499938964844,607.0,0.0,0.0,Orange Juice,OJ=F
2024-09-20 00:00:00-04:00,478.75,492.0,476.70001220703125,490.8500061035156,622.0,0.0,0.0,Orange Juice,OJ=F
2024-09-23 00:00:00-04:00,491.8500061035156,491.8500061035156,470.8500061035156,474.5,925.0,0.0,0.0,Orange Juice,OJ=F
2024-09-24 00:00:00-04:00,481.3500061035156,491.5,474.54998779296875,489.04998779296875,699.0,0.0,0.0,Orange Juice,OJ=F
2024-09-25 00:00:00-04:00,491.1499938964844,491.5,482.1000061035156,489.1499938964844,357.0,0.0,0.0,Orange Juice,OJ=F
2024-09-26 00:00:00-04:00,489.25,490.95001220703125,471.5,475.29998779296875,1008.0,0.0,0.0,Orange Juice,OJ=F
2024-09-27 00:00:00-04:00,472.0,479.95001220703125,467.0,470.20001220703125,909.0,0.0,0.0,Orange Juice,OJ=F
2024-09-30 00:00:00-04:00,473.6000061035156,481.0,454.1499938964844,461.04998779296875,1313.0,0.0,0.0,Orange Juice,OJ=F
2024-10-01 00:00:00-04:00,460.5,480.0,460.5,471.45001220703125,882.0,0.0,0.0,Orange Juice,OJ=F
2024-10-02 00:00:00-04:00,468.1000061035156,469.5,458.70001220703125,465.95001220703125,597.0,0.0,0.0,Orange Juice,OJ=F
2024-10-03 00:00:00-04:00,467.8500061035156,472.1499938964844,463.95001220703125,469.6000061035156,428.0,0.0,0.0,Orange Juice,OJ=F
2024-10-04 00:00:00-04:00,468.3999938964844,471.25,464.04998779296875,468.6499938964844,500.0,0.0,0.0,Orange Juice,OJ=F
2024-10-07 00:00:00-04:00,472.5,488.54998779296875,472.3500061035156,483.25,1534.0,0.0,0.0,Orange Juice,OJ=F
2024-10-08 00:00:00-04:00,486.29998779296875,491.25,472.6499938964844,475.8999938964844,784.0,0.0,0.0,Orange Juice,OJ=F
2024-10-09 00:00:00-04:00,479.8999938964844,482.3999938964844,473.70001220703125,477.20001220703125,789.0,0.0,0.0,Orange Juice,OJ=F
2024-10-10 00:00:00-04:00,476.0,477.6000061035156,457.6000061035156,459.20001220703125,1488.0,0.0,0.0,Orange Juice,OJ=F
2024-10-11 00:00:00-04:00,458.1000061035156,479.20001220703125,458.04998779296875,479.20001220703125,1134.0,0.0,0.0,Orange Juice,OJ=F
2024-10-14 00:00:00-04:00,479.79998779296875,496.1000061035156,479.79998779296875,495.8999938964844,1201.0,0.0,0.0,Orange Juice,OJ=F
2024-10-15 00:00:00-04:00,494.95001220703125,509.6000061035156,485.1499938964844,496.54998779296875,1627.0,0.0,0.0,Orange Juice,OJ=F
2024-10-16 00:00:00-04:00,491.5,506.25,486.6000061035156,501.3999938964844,1280.0,0.0,0.0,Orange Juice,OJ=F
2024-10-17 00:00:00-04:00,503.79998779296875,504.1000061035156,489.8999938964844,493.75,1232.0,0.0,0.0,Orange Juice,OJ=F
2024-10-18 00:00:00-04:00,494.75,494.75,473.8500061035156,480.0,1587.0,0.0,0.0,Orange Juice,OJ=F
2024-10-21 00:00:00-04:00,474.0,500.0,472.6499938964844,499.25,1684.0,0.0,0.0,Orange Juice,OJ=F
2024-10-22 00:00:00-04:00,499.8500061035156,500.0,484.20001220703125,487.0,832.0,0.0,0.0,Orange Juice,OJ=F
2024-10-23 00:00:00-04:00,487.0,502.6499938964844,480.0,500.1000061035156,505.0,0.0,0.0,Orange Juice,OJ=F
2024-10-24 00:00:00-04:00,500.04998779296875,509.6499938964844,500.04998779296875,506.95001220703125,267.0,0.0,0.0,Orange Juice,OJ=F
2024-10-25 00:00:00-04:00,506.5,526.9500122070312,506.5,525.8499755859375,383.0,0.0,0.0,Orange Juice,OJ=F
2024-10-28 00:00:00-04:00,530.5,533.6500244140625,514.7999877929688,530.9500122070312,223.0,0.0,0.0,Orange Juice,OJ=F
2024-10-29 00:00:00-04:00,523.0,523.0,510.95001220703125,511.5,322.0,0.0,0.0,Orange Juice,OJ=F
2024-10-30 00:00:00-04:00,525.0,527.0,500.0,505.3500061035156,164.0,0.0,0.0,Orange Juice,OJ=F
2024-10-31 00:00:00-04:00,522.75,539.0,510.0,529.75,13.0,0.0,0.0,Orange Juice,OJ=F
2024-11-01 00:00:00-04:00,540.0,542.0,529.0,543.7999877929688,12.0,0.0,0.0,Orange Juice,OJ=F
2024-11-04 00:00:00-05:00,529.0,529.0,529.0,528.4000244140625,19.0,0.0,0.0,Orange Juice,OJ=F
2024-11-05 00:00:00-05:00,525.0,525.0,520.0,511.75,11.0,0.0,0.0,Orange Juice,OJ=F
2024-11-06 00:00:00-05:00,512.0,512.0,512.0,516.2999877929688,9.0,0.0,0.0,Orange Juice,OJ=F
2024-11-07 00:00:00-05:00,522.0,522.0,520.0,519.8499755859375,3.0,0.0,0.0,Orange Juice,OJ=F
2024-11-08 00:00:00-05:00,526.6500244140625,526.6500244140625,526.6500244140625,526.6500244140625,714.0,0.0,0.0,Orange Juice,OJ=F
2024-11-11 00:00:00-05:00,473.5,481.6499938964844,472.0,473.1499938964844,595.0,0.0,0.0,Orange Juice,OJ=F
2024-11-12 00:00:00-05:00,474.25,481.6499938964844,472.25,478.75,696.0,0.0,0.0,Orange Juice,OJ=F
2024-11-13 00:00:00-05:00,481.6000061035156,485.0,466.1000061035156,470.70001220703125,504.0,0.0,0.0,Orange Juice,OJ=F
2024-11-14 00:00:00-05:00,473.70001220703125,487.0,473.70001220703125,485.95001220703125,704.0,0.0,0.0,Orange Juice,OJ=F
2024-11-15 00:00:00-05:00,484.04998779296875,484.04998779296875,472.3500061035156,480.25,488.0,0.0,0.0,Orange Juice,OJ=F
2024-11-18 00:00:00-05:00,477.3500061035156,484.29998779296875,470.25,472.79998779296875,556.0,0.0,0.0,Orange Juice,OJ=F
2024-11-19 00:00:00-05:00,474.0,480.6499938964844,469.6499938964844,479.20001220703125,605.0,0.0,0.0,Orange Juice,OJ=F
2024-11-20 00:00:00-05:00,480.79998779296875,495.0,477.79998779296875,494.75,748.0,0.0,0.0,Orange Juice,OJ=F
2024-11-21 00:00:00-05:00,491.75,514.0,488.75,511.20001220703125,1435.0,0.0,0.0,Orange Juice,OJ=F
2024-11-22 00:00:00-05:00,510.0,510.0,497.79998779296875,505.3999938964844,821.0,0.0,0.0,Orange Juice,OJ=F
2024-11-25 00:00:00-05:00,503.54998779296875,513.4500122070312,494.04998779296875,513.0999755859375,633.0,0.0,0.0,Orange Juice,OJ=F
2024-11-26 00:00:00-05:00,509.95001220703125,533.0499877929688,509.95001220703125,522.0499877929688,925.0,0.0,0.0,Orange Juice,OJ=F
2024-11-27 00:00:00-05:00,515.5,525.75,504.25,513.75,832.0,0.0,0.0,Orange Juice,OJ=F
2024-11-29 00:00:00-05:00,508.04998779296875,520.7000122070312,499.3500061035156,500.75,471.0,0.0,0.0,Orange Juice,OJ=F
2024-12-02 00:00:00-05:00,503.1000061035156,512.0,500.0,510.70001220703125,480.0,0.0,0.0,Orange Juice,OJ=F
2024-12-03 00:00:00-05:00,510.95001220703125,516.0,504.5,512.0,615.0,0.0,0.0,Orange Juice,OJ=F
2024-12-04 00:00:00-05:00,513.4500122070312,515.0499877929688,501.8999938964844,504.20001220703125,765.0,0.0,0.0,Orange Juice,OJ=F
2024-12-05 00:00:00-05:00,504.54998779296875,509.95001220703125,486.3999938964844,494.70001220703125,1086.0,0.0,0.0,Orange Juice,OJ=F
2024-12-06 00:00:00-05:00,498.0,504.3999938964844,493.70001220703125,504.0,726.0,0.0,0.0,Orange Juice,OJ=F
2024-12-09 00:00:00-05:00,501.1499938964844,506.45001220703125,488.0,491.79998779296875,1013.0,0.0,0.0,Orange Juice,OJ=F
2024-12-10 00:00:00-05:00,497.8500061035156,501.95001220703125,494.0,500.20001220703125,847.0,0.0,0.0,Orange Juice,OJ=F
2024-12-11 00:00:00-05:00,499.3500061035156,503.29998779296875,494.45001220703125,498.04998779296875,1368.0,0.0,0.0,Orange Juice,OJ=F
2024-12-12 00:00:00-05:00,500.0,502.5,496.5,501.0,1327.0,0.0,0.0,Orange Juice,OJ=F
2024-12-13 00:00:00-05:00,502.0,516.0,501.8500061035156,512.9000244140625,1688.0,0.0,0.0,Orange Juice,OJ=F
2024-12-16 00:00:00-05:00,512.75,532.9000244140625,511.45001220703125,532.9000244140625,1218.0,0.0,0.0,Orange Juice,OJ=F
2024-12-17 00:00:00-05:00,533.25,541.5,523.75,526.4000244140625,2128.0,0.0,0.0,Orange Juice,OJ=F
2024-12-18 00:00:00-05:00,526.6500244140625,538.0,521.2000122070312,535.4000244140625,1347.0,0.0,0.0,Orange Juice,OJ=F
2024-12-19 00:00:00-05:00,533.5,551.0999755859375,533.0499877929688,547.7000122070312,903.0,0.0,0.0,Orange Juice,OJ=F
2024-12-20 00:00:00-05:00,544.9000244140625,545.7999877929688,527.7000122070312,528.9500122070312,483.0,0.0,0.0,Orange Juice,OJ=F
2024-12-23 00:00:00-05:00,527.5999755859375,527.5999755859375,502.0,502.8500061035156,497.0,0.0,0.0,Orange Juice,OJ=F
2024-12-24 00:00:00-05:00,502.45001220703125,513.7999877929688,502.3999938964844,511.45001220703125,242.0,0.0,0.0,Orange Juice,OJ=F
2024-12-26 00:00:00-05:00,509.20001220703125,514.3499755859375,495.1000061035156,496.45001220703125,386.0,0.0,0.0,Orange Juice,OJ=F
2024-12-27 00:00:00-05:00,499.1499938964844,507.5,498.20001220703125,501.8999938964844,408.0,0.0,0.0,Orange Juice,OJ=F
2024-12-30 00:00:00-05:00,507.6499938964844,507.6499938964844,494.0,494.5,106.0,0.0,0.0,Orange Juice,OJ=F
2024-12-31 00:00:00-05:00,497.5,497.5,497.5,497.5,11.0,0.0,0.0,Orange Juice,OJ=F
2025-01-02 00:00:00-05:00,499.1499938964844,499.1499938964844,499.1499938964844,499.1499938964844,0.0,0.0,0.0,Orange Juice,OJ=F
2025-01-03 00:00:00-05:00,505.95001220703125,505.95001220703125,505.95001220703125,505.95001220703125,0.0,0.0,0.0,Orange Juice,OJ=F
2025-01-06 00:00:00-05:00,525.0,525.0,525.0,526.1500244140625,2.0,0.0,0.0,Orange Juice,OJ=F
2025-01-07 00:00:00-05:00,505.0,505.0,500.0,507.29998779296875,6.0,0.0,0.0,Orange Juice,OJ=F
2025-01-08 00:00:00-05:00,522.6500244140625,522.6500244140625,522.6500244140625,522.6500244140625,0.0,0.0,0.0,Orange Juice,OJ=F
2025-01-09 00:00:00-05:00,520.0,520.0,520.0,505.6499938964844,29.0,0.0,0.0,Orange Juice,OJ=F
2025-01-10 00:00:00-05:00,494.3999938964844,494.3999938964844,494.3999938964844,494.3999938964844,29.0,0.0,0.0,Orange Juice,OJ=F
2024-01-03 00:00:00-05:00,171.60000610351562,171.9499969482422,170.625,171.85000610351562,24792.0,0.0,0.0,Live Cattle,LE=F
2024-01-04 00:00:00-05:00,171.89999389648438,171.89999389648438,170.6999969482422,171.125,17106.0,0.0,0.0,Live Cattle,LE=F
2024-01-05 00:00:00-05:00,171.0500030517578,172.3249969482422,170.10000610351562,170.5749969482422,26819.0,0.0,0.0,Live Cattle,LE=F
2024-01-08 00:00:00-05:00,170.89999389648438,173.25,169.6750030517578,169.9499969482422,42699.0,0.0,0.0,Live Cattle,LE=F
2024-01-09 00:00:00-05:00,170.14999389648438,172.10000610351562,169.25,170.77499389648438,32441.0,0.0,0.0,Live Cattle,LE=F
2024-01-10 00:00:00-05:00,171.14999389648438,171.89999389648438,170.5,170.75,29452.0,0.0,0.0,Live Cattle,LE=F
2024-01-11 00:00:00-05:00,170.9499969482422,172.0,170.0500030517578,171.8000030517578,30026.0,0.0,0.0,Live Cattle,LE=F
2024-01-12 00:00:00-05:00,171.8000030517578,172.625,171.0500030517578,171.375,32518.0,0.0,0.0,Live Cattle,LE=F
2024-01-16 00:00:00-05:00,171.97500610351562,173.47500610351562,171.35000610351562,173.125,26597.0,0.0,0.0,Live Cattle,LE=F
2024-01-17 00:00:00-05:00,173.25,173.4250030517578,172.0749969482422,173.10000610351562,14942.0,0.0,0.0,Live Cattle,LE=F
2024-01-18 00:00:00-05:00,173.0,175.0749969482422,172.5749969482422,174.8249969482422,16518.0,0.0,0.0,Live Cattle,LE=F
2024-01-19 00:00:00-05:00,174.64999389648438,174.97500610351562,173.875,174.375,12139.0,0.0,0.0,Live Cattle,LE=F
2024-01-22 00:00:00-05:00,174.0,174.1750030517578,173.0,173.77499389648438,14035.0,0.0,0.0,Live Cattle,LE=F
2024-01-23 00:00:00-05:00,173.8249969482422,174.9250030517578,173.47500610351562,174.64999389648438,12587.0,0.0,0.0,Live Cattle,LE=F
2024-01-24 00:00:00-05:00,174.72500610351562,175.47500610351562,174.6750030517578,175.35000610351562,10200.0,0.0,0.0,Live Cattle,LE=F
2024-01-25 00:00:00-05:00,175.35000610351562,177.97500610351562,174.89999389648438,177.72500610351562,15929.0,0.0,0.0,Live Cattle,LE=F
2024-01-26 00:00:00-05:00,177.52499389648438,179.125,177.52499389648438,178.4499969482422,14192.0,0.0,0.0,Live Cattle,LE=F
2024-01-29 00:00:00-05:00,178.1750030517578,179.52499389648438,177.25,177.375,15450.0,0.0,0.0,Live Cattle,LE=F
2024-01-30 00:00:00-05:00,177.375,178.14999389648438,177.0,178.02499389648438,10918.0,0.0,0.0,Live Cattle,LE=F
2024-01-31 00:00:00-05:00,177.5500030517578,178.10000610351562,177.1999969482422,177.35000610351562,8530.0,0.0,0.0,Live Cattle,LE=F
2024-02-01 00:00:00-05:00,177.72500610351562,179.97500610351562,177.5749969482422,179.75,17191.0,0.0,0.0,Live Cattle,LE=F
2024-02-02 00:00:00-05:00,179.75,181.02499389648438,179.6999969482422,180.5500030517578,12267.0,0.0,0.0,Live Cattle,LE=F
2024-02-05 00:00:00-05:00,180.75,181.6999969482422,179.64999389648438,179.72500610351562,7549.0,0.0,0.0,Live Cattle,LE=F
2024-02-06 00:00:00-05:00,179.75,183.3249969482422,179.72500610351562,183.0,4379.0,0.0,0.0,Live Cattle,LE=F
2024-02-07 00:00:00-05:00,182.97500610351562,183.35000610351562,181.8249969482422,182.22500610351562,4000.0,0.0,0.0,Live Cattle,LE=F
2024-02-08 00:00:00-05:00,182.8000030517578,184.6750030517578,182.72500610351562,183.77499389648438,4833.0,0.0,0.0,Live Cattle,LE=F
2024-02-09 00:00:00-05:00,183.9250030517578,184.9499969482422,183.5,184.625,3765.0,0.0,0.0,Live Cattle,LE=F
2024-02-12 00:00:00-05:00,184.625,184.89999389648438,183.75,184.25,2661.0,0.0,0.0,Live Cattle,LE=F
2024-02-13 00:00:00-05:00,184.10000610351562,184.1750030517578,183.35000610351562,183.75,1358.0,0.0,0.0,Live Cattle,LE=F
2024-02-14 00:00:00-05:00,183.60000610351562,183.60000610351562,182.14999389648438,182.39999389648438,4071.0,0.0,0.0,Live Cattle,LE=F
2024-02-15 00:00:00-05:00,182.4499969482422,183.5,181.5,183.39999389648438,2876.0,0.0,0.0,Live Cattle,LE=F
2024-02-16 00:00:00-05:00,183.5500030517578,185.39999389648438,183.39999389648438,184.77499389648438,1976.0,0.0,0.0,Live Cattle,LE=F
2024-02-20 00:00:00-05:00,184.77499389648438,185.0,184.02499389648438,184.39999389648438,1680.0,0.0,0.0,Live Cattle,LE=F
2024-02-21 00:00:00-05:00,184.27499389648438,185.77499389648438,183.9499969482422,183.97500610351562,1397.0,0.0,0.0,Live Cattle,LE=F
2024-02-22 00:00:00-05:00,184.0,185.25,183.5,183.5,1340.0,0.0,0.0,Live Cattle,LE=F
2024-02-23 00:00:00-05:00,183.6999969482422,185.77499389648438,183.4499969482422,185.60000610351562,865.0,0.0,0.0,Live Cattle,LE=F
2024-02-26 00:00:00-05:00,184.60000610351562,186.1750030517578,184.5,185.72500610351562,697.0,0.0,0.0,Live Cattle,LE=F
2024-02-27 00:00:00-05:00,185.60000610351562,186.375,185.52499389648438,185.60000610351562,736.0,0.0,0.0,Live Cattle,LE=F
2024-02-28 00:00:00-05:00,185.6750030517578,185.77499389648438,184.22500610351562,184.64999389648438,635.0,0.0,0.0,Live Cattle,LE=F
2024-02-29 00:00:00-05:00,184.39999389648438,184.8000030517578,182.02499389648438,184.0,29012.0,0.0,0.0,Live Cattle,LE=F
2024-03-01 00:00:00-05:00,185.4250030517578,188.5,185.39999389648438,188.4499969482422,37986.0,0.0,0.0,Live Cattle,LE=F
2024-03-04 00:00:00-05:00,188.27499389648438,188.9499969482422,186.5500030517578,186.6750030517578,24962.0,0.0,0.0,Live Cattle,LE=F
2024-03-05 00:00:00-05:00,186.6999969482422,188.5,186.5500030517578,188.0,21986.0,0.0,0.0,Live Cattle,LE=F
2024-03-06 00:00:00-05:00,187.5,187.89999389648438,186.8000030517578,187.25,17321.0,0.0,0.0,Live Cattle,LE=F
2024-03-07 00:00:00-05:00,187.25,188.875,186.9499969482422,188.72500610351562,27235.0,0.0,0.0,Live Cattle,LE=F
2024-03-08 00:00:00-05:00,188.75,189.9499969482422,187.125,187.60000610351562,41222.0,0.0,0.0,Live Cattle,LE=F
2024-03-11 00:00:00-04:00,187.5,188.375,186.97500610351562,187.60000610351562,28039.0,0.0,0.0,Live Cattle,LE=F
2024-03-12 00:00:00-04:00,187.625,188.97500610351562,187.3000030517578,188.25,30452.0,0.0,0.0,Live Cattle,LE=F
2024-03-13 00:00:00-04:00,188.0749969482422,190.0,188.0500030517578,189.9250030517578,39269.0,0.0,0.0,Live Cattle,LE=F
2024-03-14 00:00:00-04:00,189.4499969482422,190.27499389648438,186.77499389648438,186.9499969482422,39424.0,0.0,0.0,Live Cattle,LE=F
2024-03-15 00:00:00-04:00,187.625,188.4250030517578,186.64999389648438,187.25,23631.0,0.0,0.0,Live Cattle,LE=F
2024-03-18 00:00:00-04:00,187.375,188.75,187.1999969482422,188.5749969482422,19151.0,0.0,0.0,Live Cattle,LE=F
2024-03-19 00:00:00-04:00,188.47500610351562,188.6999969482422,187.6750030517578,188.0500030517578,11909.0,0.0,0.0,Live Cattle,LE=F
2024-03-20 00:00:00-04:00,188.0749969482422,188.5749969482422,187.39999389648438,187.8000030517578,10587.0,0.0,0.0,Live Cattle,LE=F
2024-03-21 00:00:00-04:00,187.5500030517578,189.4250030517578,187.3249969482422,188.375,19165.0,0.0,0.0,Live Cattle,LE=F
2024-03-22 00:00:00-04:00,188.47500610351562,188.60000610351562,187.14999389648438,187.5,13057.0,0.0,0.0,Live Cattle,LE=F
2024-03-25 00:00:00-04:00,186.1750030517578,187.3000030517578,185.8000030517578,186.1999969482422,19646.0,0.0,0.0,Live Cattle,LE=F
2024-03-26 00:00:00-04:00,186.0,186.39999389648438,181.77499389648438,183.10000610351562,30782.0,0.0,0.0,Live Cattle,LE=F
2024-03-27 00:00:00-04:00,183.39999389648438,184.0749969482422,181.9499969482422,183.60000610351562,12919.0,0.0,0.0,Live Cattle,LE=F
2024-03-28 00:00:00-04:00,183.5,185.3000030517578,182.89999389648438,185.0,11012.0,0.0,0.0,Live Cattle,LE=F
2024-04-01 00:00:00-04:00,185.0,185.89999389648438,179.75,180.0749969482422,18290.0,0.0,0.0,Live Cattle,LE=F
2024-04-02 00:00:00-04:00,180.60000610351562,183.02499389648438,180.35000610351562,181.77499389648438,20705.0,0.0,0.0,Live Cattle,LE=F
2024-04-03 00:00:00-04:00,181.77499389648438,182.14999389648438,179.75,180.9250030517578,13854.0,0.0,0.0,Live Cattle,LE=F
2024-04-04 00:00:00-04:00,181.52499389648438,182.10000610351562,181.0500030517578,181.47500610351562,12073.0,0.0,0.0,Live Cattle,LE=F
2024-04-05 00:00:00-04:00,181.39999389648438,181.72500610351562,177.89999389648438,178.25,13108.0,0.0,0.0,Live Cattle,LE=F
2024-04-08 00:00:00-04:00,178.6999969482422,179.60000610351562,178.1999969482422,179.39999389648438,4903.0,0.0,0.0,Live Cattle,LE=F
2024-04-09 00:00:00-04:00,179.75,181.22500610351562,179.5,180.6999969482422,2254.0,0.0,0.0,Live Cattle,LE=F
2024-04-10 00:00:00-04:00,180.4499969482422,180.9499969482422,178.52499389648438,179.0749969482422,3385.0,0.0,0.0,Live Cattle,LE=F
2024-04-11 00:00:00-04:00,178.8249969482422,180.5749969482422,178.1999969482422,180.25,3528.0,0.0,0.0,Live Cattle,LE=F
2024-04-12 00:00:00-04:00,180.0500030517578,180.5,176.5,178.89999389648438,4068.0,0.0,0.0,Live Cattle,LE=F
2024-04-15 00:00:00-04:00,179.39999389648438,181.35000610351562,179.39999389648438,180.3000030517578,1722.0,0.0,0.0,Live Cattle,LE=F
2024-04-16 00:00:00-04:00,180.5749969482422,181.64999389648438,179.5749969482422,181.5,2056.0,0.0,0.0,Live Cattle,LE=F
2024-04-17 00:00:00-04:00,181.1750030517578,181.625,180.0749969482422,180.89999389648438,2298.0,0.0,0.0,Live Cattle,LE=F
2024-04-18 00:00:00-04:00,181.0749969482422,181.375,180.25,181.1750030517578,1469.0,0.0,0.0,Live Cattle,LE=F
2024-04-19 00:00:00-04:00,181.0,181.60000610351562,180.52499389648438,181.47500610351562,2181.0,0.0,0.0,Live Cattle,LE=F
2024-04-22 00:00:00-04:00,181.89999389648438,184.0,181.89999389648438,183.8249969482422,1624.0,0.0,0.0,Live Cattle,LE=F
2024-04-23 00:00:00-04:00,183.6999969482422,184.375,181.5500030517578,183.35000610351562,1545.0,0.0,0.0,Live Cattle,LE=F
2024-04-24 00:00:00-04:00,183.0,183.52499389648438,181.35000610351562,182.10000610351562,1115.0,0.0,0.0,Live Cattle,LE=F
2024-04-25 00:00:00-04:00,181.89999389648438,184.0500030517578,181.35000610351562,183.9499969482422,811.0,0.0,0.0,Live Cattle,LE=F
2024-04-26 00:00:00-04:00,184.4250030517578,184.9499969482422,183.6999969482422,184.6750030517578,791.0,0.0,0.0,Live Cattle,LE=F
2024-04-29 00:00:00-04:00,184.9250030517578,185.5,184.4499969482422,185.39999389648438,546.0,0.0,0.0,Live Cattle,LE=F
2024-04-30 00:00:00-04:00,186.0,186.0,185.0,185.0,31306.0,0.0,0.0,Live Cattle,LE=F
2024-05-01 00:00:00-04:00,175.60000610351562,176.85000610351562,172.6999969482422,173.85000610351562,38327.0,0.0,0.0,Live Cattle,LE=F
2024-05-02 00:00:00-04:00,177.14999389648438,178.0,176.4499969482422,176.8000030517578,32025.0,0.0,0.0,Live Cattle,LE=F
2024-05-03 00:00:00-04:00,177.39999389648438,177.60000610351562,175.9250030517578,176.6750030517578,27606.0,0.0,0.0,Live Cattle,LE=F
2024-05-06 00:00:00-04:00,176.9499969482422,177.375,175.8000030517578,176.97500610351562,17218.0,0.0,0.0,Live Cattle,LE=F
2024-05-07 00:00:00-04:00,177.6999969482422,178.97500610351562,177.4250030517578,177.625,32666.0,0.0,0.0,Live Cattle,LE=F
2024-05-08 00:00:00-04:00,177.6750030517578,178.0749969482422,176.25,176.47500610351562,26286.0,0.0,0.0,Live Cattle,LE=F
2024-05-09 00:00:00-04:00,176.75,177.9499969482422,175.375,175.9499969482422,32796.0,0.0,0.0,Live Cattle,LE=F
2024-05-10 00:00:00-04:00,176.25,177.27499389648438,175.1750030517578,176.14999389648438,33772.0,0.0,0.0,Live Cattle,LE=F
2024-05-13 00:00:00-04:00,176.1999969482422,177.39999389648438,174.9250030517578,175.5749969482422,32787.0,0.0,0.0,Live Cattle,LE=F
2024-05-14 00:00:00-04:00,176.14999389648438,179.10000610351562,175.89999389648438,178.1750030517578,30945.0,0.0,0.0,Live Cattle,LE=F
2024-05-15 00:00:00-04:00,178.85000610351562,179.1999969482422,177.6750030517578,178.25,20878.0,0.0,0.0,Live Cattle,LE=F
2024-05-16 00:00:00-04:00,178.5500030517578,179.8000030517578,178.5500030517578,179.02499389648438,15766.0,0.0,0.0,Live Cattle,LE=F
2024-05-17 00:00:00-04:00,179.5,181.1999969482422,179.1999969482422,181.0500030517578,22148.0,0.0,0.0,Live Cattle,LE=F
2024-05-20 00:00:00-04:00,181.35000610351562,181.8000030517578,181.0500030517578,181.47500610351562,14798.0,0.0,0.0,Live Cattle,LE=F
2024-05-21 00:00:00-04:00,181.6999969482422,183.25,181.5749969482422,182.97500610351562,13494.0,0.0,0.0,Live Cattle,LE=F
2024-05-22 00:00:00-04:00,183.5,184.22500610351562,182.77499389648438,184.1750030517578,12289.0,0.0,0.0,Live Cattle,LE=F
2024-05-23 00:00:00-04:00,184.3000030517578,184.6750030517578,183.1999969482422,183.52499389648438,13137.0,0.0,0.0,Live Cattle,LE=F
2024-05-24 00:00:00-04:00,183.60000610351562,184.47500610351562,182.9499969482422,183.6999969482422,11691.0,0.0,0.0,Live Cattle,LE=F
2024-05-28 00:00:00-04:00,183.77499389648438,184.625,183.3249969482422,184.5500030517578,8128.0,0.0,0.0,Live Cattle,LE=F
2024-05-29 00:00:00-04:00,184.25,184.5,181.75,183.35000610351562,14120.0,0.0,0.0,Live Cattle,LE=F
2024-05-30 00:00:00-04:00,183.5,183.6999969482422,181.8249969482422,182.5500030517578,16584.0,0.0,0.0,Live Cattle,LE=F
2024-05-31 00:00:00-04:00,182.60000610351562,182.60000610351562,181.1750030517578,181.5500030517578,8561.0,0.0,0.0,Live Cattle,LE=F
2024-06-03 00:00:00-04:00,181.875,182.5,180.9250030517578,182.02499389648438,10305.0,0.0,0.0,Live Cattle,LE=F
2024-06-04 00:00:00-04:00,182.5,183.0,182.0500030517578,182.1750030517578,8986.0,0.0,0.0,Live Cattle,LE=F
2024-06-05 00:00:00-04:00,182.1999969482422,182.6750030517578,181.6750030517578,181.77499389648438,7387.0,0.0,0.0,Live Cattle,LE=F
2024-06-06 00:00:00-04:00,182.0,182.22500610351562,181.125,181.8249969482422,8015.0,0.0,0.0,Live Cattle,LE=F
2024-06-07 00:00:00-04:00,181.9499969482422,182.6750030517578,181.5749969482422,182.1750030517578,10159.0,0.0,0.0,Live Cattle,LE=F
2024-06-10 00:00:00-04:00,182.4250030517578,184.1750030517578,182.1750030517578,183.9250030517578,5509.0,0.0,0.0,Live Cattle,LE=F
2024-06-11 00:00:00-04:00,184.1750030517578,184.47500610351562,183.27499389648438,183.75,1666.0,0.0,0.0,Live Cattle,LE=F
2024-06-12 00:00:00-04:00,184.125,184.25,183.1999969482422,183.64999389648438,1806.0,0.0,0.0,Live Cattle,LE=F
2024-06-13 00:00:00-04:00,183.64999389648438,184.85000610351562,182.5,184.8249969482422,4084.0,0.0,0.0,Live Cattle,LE=F
2024-06-14 00:00:00-04:00,186.625,186.97500610351562,186.625,186.8249969482422,3570.0,0.0,0.0,Live Cattle,LE=F
2024-06-17 00:00:00-04:00,187.0,187.64999389648438,186.625,187.0500030517578,1655.0,0.0,0.0,Live Cattle,LE=F
2024-06-18 00:00:00-04:00,186.9499969482422,187.14999389648438,186.47500610351562,186.6750030517578,973.0,0.0,0.0,Live Cattle,LE=F
2024-06-20 00:00:00-04:00,187.52499389648438,187.85000610351562,186.1750030517578,187.0749969482422,1713.0,0.0,0.0,Live Cattle,LE=F
2024-06-21 00:00:00-04:00,187.3000030517578,187.8249969482422,186.8249969482422,187.60000610351562,1742.0,0.0,0.0,Live Cattle,LE=F
2024-06-24 00:00:00-04:00,187.85000610351562,189.22500610351562,187.8000030517578,188.89999389648438,1320.0,0.0,0.0,Live Cattle,LE=F
2024-06-25 00:00:00-04:00,188.77499389648438,189.64999389648438,188.64999389648438,189.47500610351562,1027.0,0.0,0.0,Live Cattle,LE=F
2024-06-26 00:00:00-04:00,189.3000030517578,193.1999969482422,189.3000030517578,192.9250030517578,1000.0,0.0,0.0,Live Cattle,LE=F
2024-06-27 00:00:00-04:00,194.02499389648438,194.5,193.10000610351562,194.1750030517578,474.0,0.0,0.0,Live Cattle,LE=F
2024-06-28 00:00:00-04:00,195.0,195.64999389648438,193.0,193.5,28019.0,0.0,0.0,Live Cattle,LE=F
2024-07-01 00:00:00-04:00,184.89999389648438,185.14999389648438,183.625,184.27499389648438,29420.0,0.0,0.0,Live Cattle,LE=F
2024-07-02 00:00:00-04:00,184.64999389648438,185.47500610351562,184.35000610351562,185.10000610351562,24457.0,0.0,0.0,Live Cattle,LE=F
2024-07-03 00:00:00-04:00,185.25,186.10000610351562,185.25,185.9250030517578,21897.0,0.0,0.0,Live Cattle,LE=F
2024-07-05 00:00:00-04:00,185.8249969482422,188.25,185.64999389648438,186.4250030517578,37411.0,0.0,0.0,Live Cattle,LE=F
2024-07-08 00:00:00-04:00,186.5,187.27499389648438,183.8000030517578,184.35000610351562,41183.0,0.0,0.0,Live Cattle,LE=F
2024-07-09 00:00:00-04:00,184.8000030517578,185.75,180.8249969482422,182.35000610351562,44831.0,0.0,0.0,Live Cattle,LE=F
2024-07-10 00:00:00-04:00,182.35000610351562,182.77499389648438,181.375,182.25,40353.0,0.0,0.0,Live Cattle,LE=F
2024-07-11 00:00:00-04:00,182.9250030517578,183.125,181.89999389648438,182.25,42219.0,0.0,0.0,Live Cattle,LE=F
2024-07-12 00:00:00-04:00,182.0749969482422,183.0500030517578,181.0500030517578,182.375,44022.0,0.0,0.0,Live Cattle,LE=F
2024-07-15 00:00:00-04:00,182.6999969482422,183.375,181.85000610351562,182.125,24879.0,0.0,0.0,Live Cattle,LE=F
2024-07-16 00:00:00-04:00,182.125,182.9250030517578,181.64999389648438,182.6750030517578,16759.0,0.0,0.0,Live Cattle,LE=F
2024-07-17 00:00:00-04:00,182.625,184.5749969482422,181.77499389648438,184.27499389648438,21756.0,0.0,0.0,Live Cattle,LE=F
2024-07-18 00:00:00-04:00,184.1999969482422,184.5,181.875,182.25,21597.0,0.0,0.0,Live Cattle,LE=F
2024-07-19 00:00:00-04:00,182.25,183.3249969482422,181.89999389648438,183.10000610351562,12918.0,0.0,0.0,Live Cattle,LE=F
2024-07-22 00:00:00-04:00,184.02499389648438,184.625,183.0749969482422,183.9250030517578,10875.0,0.0,0.0,Live Cattle,LE=F
2024-07-23 00:00:00-04:00,183.8249969482422,186.60000610351562,183.8000030517578,186.3000030517578,20263.0,0.0,0.0,Live Cattle,LE=F
2024-07-24 00:00:00-04:00,186.3000030517578,187.14999389648438,185.97500610351562,186.89999389648438,12632.0,0.0,0.0,Live Cattle,LE=F
2024-07-25 00:00:00-04:00,186.89999389648438,189.0500030517578,186.77499389648438,188.89999389648438,17301.0,0.0,0.0,Live Cattle,LE=F
2024-07-26 00:00:00-04:00,189.0,189.3249969482422,188.25,188.5749969482422,11664.0,0.0,0.0,Live Cattle,LE=F
2024-07-29 00:00:00-04:00,188.75,189.0749969482422,186.39999389648438,186.97500610351562,11498.0,0.0,0.0,Live Cattle,LE=F
2024-07-30 00:00:00-04:00,187.47500610351562,187.9250030517578,186.77499389648438,187.6999969482422,6658.0,0.0,0.0,Live Cattle,LE=F
2024-07-31 00:00:00-04:00,187.27499389648438,187.5,186.52499389648438,187.125,7256.0,0.0,0.0,Live Cattle,LE=F
2024-08-01 00:00:00-04:00,187.25,187.5,184.5749969482422,184.8000030517578,14004.0,0.0,0.0,Live Cattle,LE=F
2024-08-02 00:00:00-04:00,184.8249969482422,185.125,181.39999389648438,184.10000610351562,19967.0,0.0,0.0,Live Cattle,LE=F
2024-08-05 00:00:00-04:00,181.35000610351562,183.39999389648438,179.8000030517578,181.5500030517578,5862.0,0.0,0.0,Live Cattle,LE=F
2024-08-06 00:00:00-04:00,183.0,183.27499389648438,181.39999389648438,181.97500610351562,3801.0,0.0,0.0,Live Cattle,LE=F
2024-08-07 00:00:00-04:00,182.75,183.1999969482422,181.6999969482422,182.27499389648438,2767.0,0.0,0.0,Live Cattle,LE=F
2024-08-08 00:00:00-04:00,182.4250030517578,182.60000610351562,181.5,182.0500030517578,1924.0,0.0,0.0,Live Cattle,LE=F
2024-08-09 00:00:00-04:00,181.8000030517578,184.5,181.72500610351562,184.25,2266.0,0.0,0.0,Live Cattle,LE=F
2024-08-12 00:00:00-04:00,184.25,184.3249969482422,183.27499389648438,183.3249969482422,723.0,0.0,0.0,Live Cattle,LE=F
2024-08-13 00:00:00-04:00,183.75,184.4250030517578,183.5,184.0,896.0,0.0,0.0,Live Cattle,LE=F
2024-08-14 00:00:00-04:00,184.14999389648438,184.72500610351562,183.75,184.60000610351562,1094.0,0.0,0.0,Live Cattle,LE=F
2024-08-15 00:00:00-04:00,184.60000610351562,184.9499969482422,184.0,184.0500030517578,799.0,0.0,0.0,Live Cattle,LE=F
2024-08-16 00:00:00-04:00,184.1999969482422,184.5,181.0500030517578,182.8000030517578,1944.0,0.0,0.0,Live Cattle,LE=F
2024-08-19 00:00:00-04:00,182.75,183.27499389648438,182.125,182.8000030517578,531.0,0.0,0.0,Live Cattle,LE=F
2024-08-20 00:00:00-04:00,182.85000610351562,182.89999389648438,180.5,181.02499389648438,1093.0,0.0,0.0,Live Cattle,LE=F
2024-08-21 00:00:00-04:00,181.0500030517578,181.22500610351562,179.8249969482422,181.22500610351562,981.0,0.0,0.0,Live Cattle,LE=F
2024-08-22 00:00:00-04:00,181.02499389648438,182.6999969482422,180.5500030517578,182.5500030517578,459.0,0.0,0.0,Live Cattle,LE=F
2024-08-23 00:00:00-04:00,182.6750030517578,182.6750030517578,182.125,182.5749969482422,460.0,0.0,0.0,Live Cattle,LE=F
2024-08-26 00:00:00-04:00,182.4250030517578,183.8249969482422,182.39999389648438,183.60000610351562,549.0,0.0,0.0,Live Cattle,LE=F
2024-08-27 00:00:00-04:00,183.8000030517578,185.85000610351562,183.8000030517578,185.1750030517578,547.0,0.0,0.0,Live Cattle,LE=F
2024-08-28 00:00:00-04:00,184.875,185.5,183.75,183.75,286.0,0.0,0.0,Live Cattle,LE=F
2024-08-29 00:00:00-04:00,183.75,184.9250030517578,183.5,184.875,247.0,0.0,0.0,Live Cattle,LE=F
2024-08-30 00:00:00-04:00,185.5,185.89999389648438,185.4499969482422,185.85000610351562,23764.0,0.0,0.0,Live Cattle,LE=F
2024-09-03 00:00:00-04:00,178.6750030517578,180.125,178.0500030517578,179.27499389648438,21882.0,0.0,0.0,Live Cattle,LE=F
2024-09-04 00:00:00-04:00,179.39999389648438,179.9250030517578,178.75,179.22500610351562,18044.0,0.0,0.0,Live Cattle,LE=F
2024-09-05 00:00:00-04:00,179.0,179.14999389648438,176.77499389648438,177.25,22060.0,0.0,0.0,Live Cattle,LE=F
2024-09-06 00:00:00-04:00,177.1999969482422,177.97500610351562,174.9250030517578,175.1750030517578,21648.0,0.0,0.0,Live Cattle,LE=F
2024-09-09 00:00:00-04:00,175.5,177.5749969482422,173.77499389648438,176.9250030517578,21648.0,0.0,0.0,Live Cattle,LE=F
2024-09-10 00:00:00-04:00,176.8249969482422,177.5,175.9499969482422,176.3249969482422,28811.0,0.0,0.0,Live Cattle,LE=F
2024-09-11 00:00:00-04:00,176.3249969482422,177.35000610351562,175.5,176.9499969482422,25902.0,0.0,0.0,Live Cattle,LE=F
2024-09-12 00:00:00-04:00,177.22500610351562,178.8000030517578,177.22500610351562,178.02499389648438,35213.0,0.0,0.0,Live Cattle,LE=F
2024-09-13 00:00:00-04:00,178.0,178.89999389648438,177.0,177.64999389648438,39284.0,0.0,0.0,Live Cattle,LE=F
2024-09-16 00:00:00-04:00,178.0500030517578,178.5,176.875,177.22500610351562,24174.0,0.0,0.0,Live Cattle,LE=F
2024-09-17 00:00:00-04:00,177.60000610351562,179.22500610351562,177.0,178.8000030517578,18824.0,0.0,0.0,Live Cattle,LE=F
2024-09-18 00:00:00-04:00,178.97500610351562,179.14999389648438,178.1999969482422,178.3000030517578,18341.0,0.0,0.0,Live Cattle,LE=F
2024-09-19 00:00:00-04:00,178.89999389648438,180.4250030517578,178.375,179.97500610351562,15399.0,0.0,0.0,Live Cattle,LE=F
2024-09-20 00:00:00-04:00,179.8000030517578,182.64999389648438,179.125,182.47500610351562,17346.0,0.0,0.0,Live Cattle,LE=F
2024-09-23 00:00:00-04:00,182.75,183.64999389648438,182.3249969482422,183.25,11623.0,0.0,0.0,Live Cattle,LE=F
2024-09-24 00:00:00-04:00,183.02499389648438,183.89999389648438,182.72500610351562,183.1999969482422,9128.0,0.0,0.0,Live Cattle,LE=F
2024-09-25 00:00:00-04:00,183.0,183.1999969482422,182.5,183.0500030517578,6197.0,0.0,0.0,Live Cattle,LE=F
2024-09-26 00:00:00-04:00,182.25,184.3249969482422,182.0749969482422,184.10000610351562,13015.0,0.0,0.0,Live Cattle,LE=F
2024-09-27 00:00:00-04:00,184.3000030517578,185.10000610351562,183.625,183.75,8221.0,0.0,0.0,Live Cattle,LE=F
2024-09-30 00:00:00-04:00,183.47500610351562,184.39999389648438,183.375,183.77499389648438,5331.0,0.0,0.0,Live Cattle,LE=F
2024-10-01 00:00:00-04:00,183.8249969482422,185.47500610351562,183.60000610351562,184.47500610351562,8112.0,0.0,0.0,Live Cattle,LE=F
2024-10-02 00:00:00-04:00,184.375,187.5,184.375,187.4250030517578,9835.0,0.0,0.0,Live Cattle,LE=F
2024-10-03 00:00:00-04:00,187.1750030517578,187.8249969482422,185.9250030517578,186.0,9663.0,0.0,0.0,Live Cattle,LE=F
2024-10-04 00:00:00-04:00,186.35000610351562,187.3000030517578,185.85000610351562,187.0,7617.0,0.0,0.0,Live Cattle,LE=F
2024-10-07 00:00:00-04:00,187.0500030517578,187.97500610351562,187.0,187.47500610351562,5213.0,0.0,0.0,Live Cattle,LE=F
2024-10-08 00:00:00-04:00,187.47500610351562,188.64999389648438,187.39999389648438,188.47500610351562,2166.0,0.0,0.0,Live Cattle,LE=F
2024-10-09 00:00:00-04:00,188.5500030517578,188.75,187.72500610351562,188.1999969482422,3436.0,0.0,0.0,Live Cattle,LE=F
2024-10-10 00:00:00-04:00,188.25,189.25,187.25,189.1750030517578,2590.0,0.0,0.0,Live Cattle,LE=F
2024-10-11 00:00:00-04:00,189.1750030517578,189.4499969482422,188.4250030517578,188.60000610351562,1724.0,0.0,0.0,Live Cattle,LE=F
2024-10-14 00:00:00-04:00,188.125,188.5749969482422,187.9250030517578,188.25,3205.0,0.0,0.0,Live Cattle,LE=F
2024-10-15 00:00:00-04:00,188.0500030517578,188.0500030517578,186.0500030517578,186.72500610351562,6021.0,0.0,0.0,Live Cattle,LE=F
2024-10-16 00:00:00-04:00,186.97500610351562,187.47500610351562,186.6750030517578,187.0500030517578,1666.0,0.0,0.0,Live Cattle,LE=F
2024-10-17 00:00:00-04:00,187.3000030517578,187.4250030517578,185.64999389648438,186.625,2899.0,0.0,0.0,Live Cattle,LE=F
2024-10-18 00:00:00-04:00,186.75,187.97500610351562,186.6999969482422,187.625,1614.0,0.0,0.0,Live Cattle,LE=F
2024-10-21 00:00:00-04:00,186.75,187.97500610351562,186.6999969482422,187.0,2868.0,0.0,0.0,Live Cattle,LE=F
2024-10-22 00:00:00-04:00,187.35000610351562,188.4499969482422,187.35000610351562,188.0500030517578,1278.0,0.0,0.0,Live Cattle,LE=F
2024-10-23 00:00:00-04:00,187.5749969482422,188.8000030517578,187.22500610351562,187.625,2647.0,0.0,0.0,Live Cattle,LE=F
2024-10-24 00:00:00-04:00,187.72500610351562,189.375,187.625,189.3000030517578,1806.0,0.0,0.0,Live Cattle,LE=F
2024-10-25 00:00:00-04:00,189.5,189.8249969482422,189.25,189.6999969482422,441.0,0.0,0.0,Live Cattle,LE=F
2024-10-28 00:00:00-04:00,189.125,190.1750030517578,189.0,190.1750030517578,464.0,0.0,0.0,Live Cattle,LE=F
2024-10-29 00:00:00-04:00,190.27499389648438,190.47500610351562,189.1999969482422,189.3000030517578,742.0,0.0,0.0,Live Cattle,LE=F
2024-10-30 00:00:00-04:00,189.52499389648438,189.52499389648438,187.8249969482422,188.39999389648438,345.0,0.0,0.0,Live Cattle,LE=F
2024-10-31 00:00:00-04:00,188.72500610351562,193.0,184.97500610351562,193.0,29414.0,0.0,0.0,Live Cattle,LE=F
2024-11-01 00:00:00-04:00,186.1750030517578,186.60000610351562,184.4499969482422,185.9250030517578,35341.0,0.0,0.0,Live Cattle,LE=F
2024-11-04 00:00:00-05:00,186.0,186.0500030517578,184.5749969482422,185.0749969482422,21759.0,0.0,0.0,Live Cattle,LE=F
2024-11-05 00:00:00-05:00,185.3000030517578,185.625,184.75,184.77499389648438,16751.0,0.0,0.0,Live Cattle,LE=F
2024-11-06 00:00:00-05:00,185.5500030517578,186.60000610351562,184.8249969482422,185.39999389648438,24308.0,0.0,0.0,Live Cattle,LE=F
2024-11-07 00:00:00-05:00,185.5,186.4250030517578,185.27499389648438,185.8249969482422,26961.0,0.0,0.0,Live Cattle,LE=F
2024-11-08 00:00:00-05:00,184.75,184.8249969482422,183.4499969482422,183.6999969482422,40827.0,0.0,0.0,Live Cattle,LE=F
2024-11-11 00:00:00-05:00,183.8249969482422,184.25,182.8000030517578,183.6999969482422,29167.0,0.0,0.0,Live Cattle,LE=F
2024-11-12 00:00:00-05:00,184.0,184.875,183.3249969482422,184.39999389648438,35688.0,0.0,0.0,Live Cattle,LE=F
2024-11-13 00:00:00-05:00,184.625,184.625,183.8249969482422,184.02499389648438,42948.0,0.0,0.0,Live Cattle,LE=F
2024-11-14 00:00:00-05:00,183.5500030517578,183.97500610351562,182.6750030517578,182.9499969482422,32688.0,0.0,0.0,Live Cattle,LE=F
2024-11-15 00:00:00-05:00,182.6750030517578,184.10000610351562,182.60000610351562,182.9499969482422,25799.0,0.0,0.0,Live Cattle,LE=F
2024-11-18 00:00:00-05:00,183.0500030517578,184.3000030517578,182.9499969482422,184.10000610351562,21440.0,0.0,0.0,Live Cattle,LE=F
2024-11-19 00:00:00-05:00,184.22500610351562,186.625,183.875,186.5749969482422,21427.0,0.0,0.0,Live Cattle,LE=F
2024-11-20 00:00:00-05:00,186.5749969482422,186.9250030517578,186.02499389648438,186.3000030517578,10040.0,0.0,0.0,Live Cattle,LE=F
2024-11-21 00:00:00-05:00,186.3000030517578,186.5,185.4499969482422,185.60000610351562,8349.0,0.0,0.0,Live Cattle,LE=F
2024-11-22 00:00:00-05:00,186.1999969482422,187.3000030517578,185.85000610351562,186.77499389648438,12060.0,0.0,0.0,Live Cattle,LE=F
2024-11-25 00:00:00-05:00,187.22500610351562,188.4499969482422,186.375,186.5,11222.0,0.0,0.0,Live Cattle,LE=F
2024-11-26 00:00:00-05:00,186.8249969482422,187.60000610351562,186.39999389648438,186.89999389648438,7994.0,0.0,0.0,Live Cattle,LE=F
2024-11-27 00:00:00-05:00,187.125,188.75,186.875,188.0,12462.0,0.0,0.0,Live Cattle,LE=F
2024-11-29 00:00:00-05:00,188.25,188.5749969482422,187.8249969482422,187.97500610351562,5486.0,0.0,0.0,Live Cattle,LE=F
2024-12-02 00:00:00-05:00,188.0,188.8000030517578,187.125,187.52499389648438,13271.0,0.0,0.0,Live Cattle,LE=F
2024-12-03 00:00:00-05:00,187.89999389648438,188.77499389648438,187.8000030517578,188.47500610351562,13455.0,0.0,0.0,Live Cattle,LE=F
2024-12-04 00:00:00-05:00,188.52499389648438,188.6999969482422,188.0749969482422,188.375,10176.0,0.0,0.0,Live Cattle,LE=F
2024-12-05 00:00:00-05:00,188.375,188.47500610351562,186.89999389648438,186.97500610351562,12182.0,0.0,0.0,Live Cattle,LE=F
2024-12-06 00:00:00-05:00,187.5,187.625,187.0749969482422,187.375,8205.0,0.0,0.0,Live Cattle,LE=F
2024-12-09 00:00:00-05:00,187.39999389648438,188.75,187.375,187.8000030517578,4147.0,0.0,0.0,Live Cattle,LE=F
2024-12-10 00:00:00-05:00,188.10000610351562,190.25,187.8249969482422,189.85000610351562,5139.0,0.0,0.0,Live Cattle,LE=F
2024-12-11 00:00:00-05:00,189.85000610351562,192.47500610351562,189.72500610351562,192.25,4107.0,0.0,0.0,Live Cattle,LE=F
2024-12-12 00:00:00-05:00,192.52499389648438,193.77499389648438,192.0,192.125,2388.0,0.0,0.0,Live Cattle,LE=F
2024-12-13 00:00:00-05:00,192.125,193.8249969482422,191.875,193.64999389648438,1869.0,0.0,0.0,Live Cattle,LE=F
2024-12-16 00:00:00-05:00,193.85000610351562,194.27499389648438,191.89999389648438,192.02499389648438,2567.0,0.0,0.0,Live Cattle,LE=F
2024-12-17 00:00:00-05:00,192.1999969482422,192.85000610351562,191.89999389648438,192.25,1006.0,0.0,0.0,Live Cattle,LE=F
2024-12-18 00:00:00-05:00,192.10000610351562,192.52499389648438,190.60000610351562,191.3000030517578,1393.0,0.0,0.0,Live Cattle,LE=F
2024-12-19 00:00:00-05:00,192.0,192.0,190.0,190.35000610351562,1500.0,0.0,0.0,Live Cattle,LE=F
2024-12-20 00:00:00-05:00,190.47500610351562,191.9250030517578,190.125,191.3249969482422,762.0,0.0,0.0,Live Cattle,LE=F
2024-12-23 00:00:00-05:00,191.10000610351562,191.5,190.77499389648438,190.97500610351562,795.0,0.0,0.0,Live Cattle,LE=F
2024-12-24 00:00:00-05:00,190.97500610351562,191.25,190.60000610351562,190.8000030517578,679.0,0.0,0.0,Live Cattle,LE=F
2024-12-26 00:00:00-05:00,191.39999389648438,192.875,191.1999969482422,192.77499389648438,809.0,0.0,0.0,Live Cattle,LE=F
2024-12-27 00:00:00-05:00,192.47500610351562,193.72500610351562,192.47500610351562,193.5,955.0,0.0,0.0,Live Cattle,LE=F
2024-12-30 00:00:00-05:00,193.89999389648438,194.27499389648438,193.39999389648438,194.0749969482422,588.0,0.0,0.0,Live Cattle,LE=F
2024-12-31 00:00:00-05:00,194.1750030517578,194.5,193.60000610351562,193.85000610351562,17735.0,0.0,0.0,Live Cattle,LE=F
2025-01-02 00:00:00-05:00,191.85000610351562,193.9499969482422,191.52499389648438,193.60000610351562,33791.0,0.0,0.0,Live Cattle,LE=F
2025-01-03 00:00:00-05:00,194.0500030517578,196.1999969482422,193.39999389648438,194.0500030517578,45827.0,0.0,0.0,Live Cattle,LE=F
2025-01-06 00:00:00-05:00,194.6999969482422,196.3249969482422,194.60000610351562,195.1999969482422,29458.0,0.0,0.0,Live Cattle,LE=F
2025-01-07 00:00:00-05:00,195.5,196.625,195.0,195.5749969482422,32139.0,0.0,0.0,Live Cattle,LE=F
2025-01-08 00:00:00-05:00,195.5,196.35000610351562,193.47500610351562,193.6999969482422,45694.0,0.0,0.0,Live Cattle,LE=F
2025-01-09 00:00:00-05:00,194.8249969482422,198.10000610351562,194.6999969482422,197.60000610351562,37540.0,0.0,0.0,Live Cattle,LE=F
2025-01-10 00:00:00-05:00,198.5,199.10000610351562,197.64999389648438,198.77499389648438,37540.0,0.0,0.0,Live Cattle,LE=F
2024-01-03 00:00:00-05:00,65.7750015258789,66.19999694824219,64.57499694824219,65.30000305175781,27146.0,0.0,0.0,Lean Hogs,HE=F
2024-01-04 00:00:00-05:00,65.44999694824219,69.05000305175781,65.0,69.05000305175781,36506.0,0.0,0.0,Lean Hogs,HE=F
2024-01-05 00:00:00-05:00,68.7750015258789,70.5,68.0,70.0,28408.0,0.0,0.0,Lean Hogs,HE=F
2024-01-08 00:00:00-05:00,69.75,70.7750015258789,68.94999694824219,70.5999984741211,33503.0,0.0,0.0,Lean Hogs,HE=F
2024-01-09 00:00:00-05:00,70.3499984741211,73.05000305175781,70.2750015258789,71.875,43187.0,0.0,0.0,Lean Hogs,HE=F
2024-01-10 00:00:00-05:00,71.30000305175781,72.2249984741211,70.5,72.07499694824219,29191.0,0.0,0.0,Lean Hogs,HE=F
2024-01-11 00:00:00-05:00,72.19999694824219,73.05000305175781,71.42500305175781,72.5999984741211,33070.0,0.0,0.0,Lean Hogs,HE=F
2024-01-12 00:00:00-05:00,71.92500305175781,72.5999984741211,71.2750015258789,71.9000015258789,26507.0,0.0,0.0,Lean Hogs,HE=F
2024-01-16 00:00:00-05:00,71.4000015258789,71.8499984741211,70.125,70.7750015258789,24726.0,0.0,0.0,Lean Hogs,HE=F
2024-01-17 00:00:00-05:00,71.0250015258789,71.67500305175781,70.0250015258789,71.44999694824219,23376.0,0.0,0.0,Lean Hogs,HE=F
2024-01-18 00:00:00-05:00,71.9000015258789,71.94999694824219,70.625,71.0999984741211,18293.0,0.0,0.0,Lean Hogs,HE=F
2024-01-19 00:00:00-05:00,71.25,71.25,70.625,70.75,10764.0,0.0,0.0,Lean Hogs,HE=F
2024-01-22 00:00:00-05:00,70.80000305175781,71.0999984741211,70.2750015258789,70.92500305175781,11703.0,0.0,0.0,Lean Hogs,HE=F
2024-01-23 00:00:00-05:00,71.4000015258789,73.82499694824219,70.7249984741211,73.30000305175781,19883.0,0.0,0.0,Lean Hogs,HE=F
2024-01-24 00:00:00-05:00,72.5999984741211,73.94999694824219,72.5,73.9000015258789,13696.0,0.0,0.0,Lean Hogs,HE=F
2024-01-25 00:00:00-05:00,74.0,74.5999984741211,73.625,74.30000305175781,10477.0,0.0,0.0,Lean Hogs,HE=F
2024-01-26 00:00:00-05:00,73.8499984741211,75.32499694824219,73.80000305175781,74.92500305175781,7881.0,0.0,0.0,Lean Hogs,HE=F
2024-01-29 00:00:00-05:00,74.75,75.30000305175781,74.32499694824219,75.2750015258789,7565.0,0.0,0.0,Lean Hogs,HE=F
2024-01-30 00:00:00-05:00,74.8499984741211,76.32499694824219,74.8499984741211,75.8499984741211,11966.0,0.0,0.0,Lean Hogs,HE=F
2024-01-31 00:00:00-05:00,75.44999694824219,76.5999984741211,75.3499984741211,76.3499984741211,6765.0,0.0,0.0,Lean Hogs,HE=F
2024-02-01 00:00:00-05:00,76.1500015258789,76.67500305175781,75.69999694824219,75.80000305175781,9606.0,0.0,0.0,Lean Hogs,HE=F
2024-02-02 00:00:00-05:00,75.875,76.07499694824219,75.32499694824219,75.44999694824219,7420.0,0.0,0.0,Lean Hogs,HE=F
2024-02-05 00:00:00-05:00,75.30000305175781,75.30000305175781,74.2750015258789,74.4000015258789,9315.0,0.0,0.0,Lean Hogs,HE=F
2024-02-06 00:00:00-05:00,74.1500015258789,74.25,73.2249984741211,73.4749984741211,11388.0,0.0,0.0,Lean Hogs,HE=F
2024-02-07 00:00:00-05:00,73.9000015258789,74.5,73.2750015258789,73.375,9920.0,0.0,0.0,Lean Hogs,HE=F
2024-02-08 00:00:00-05:00,73.375,73.625,73.07499694824219,73.30000305175781,7070.0,0.0,0.0,Lean Hogs,HE=F
2024-02-09 00:00:00-05:00,73.6500015258789,73.9000015258789,73.5,73.67500305175781,4282.0,0.0,0.0,Lean Hogs,HE=F
2024-02-12 00:00:00-05:00,73.5999984741211,73.9000015258789,73.1500015258789,73.57499694824219,5257.0,0.0,0.0,Lean Hogs,HE=F
2024-02-13 00:00:00-05:00,74.0250015258789,74.375,73.94999694824219,74.2249984741211,3844.0,0.0,0.0,Lean Hogs,HE=F
2024-02-14 00:00:00-05:00,74.5,75.2249984741211,74.4749984741211,75.17500305175781,34223.0,0.0,0.0,Lean Hogs,HE=F
2024-02-15 00:00:00-05:00,85.07499694824219,85.7750015258789,84.6500015258789,85.0,28272.0,0.0,0.0,Lean Hogs,HE=F
2024-02-16 00:00:00-05:00,85.5999984741211,85.6500015258789,84.5250015258789,85.2249984741211,14947.0,0.0,0.0,Lean Hogs,HE=F
2024-02-20 00:00:00-05:00,86.2249984741211,87.0999984741211,85.42500305175781,85.67500305175781,25390.0,0.0,0.0,Lean Hogs,HE=F
2024-02-21 00:00:00-05:00,85.42500305175781,86.30000305175781,85.3499984741211,85.9749984741211,20383.0,0.0,0.0,Lean Hogs,HE=F
2024-02-22 00:00:00-05:00,85.92500305175781,88.9000015258789,85.875,87.19999694824219,36736.0,0.0,0.0,Lean Hogs,HE=F
2024-02-23 00:00:00-05:00,87.8499984741211,88.32499694824219,87.05000305175781,87.19999694824219,19514.0,0.0,0.0,Lean Hogs,HE=F
2024-02-26 00:00:00-05:00,86.82499694824219,87.05000305175781,85.5250015258789,86.2750015258789,26615.0,0.0,0.0,Lean Hogs,HE=F
2024-02-27 00:00:00-05:00,86.0999984741211,86.7750015258789,85.80000305175781,85.9000015258789,17744.0,0.0,0.0,Lean Hogs,HE=F
2024-02-28 00:00:00-05:00,86.5250015258789,87.19999694824219,85.75,86.0,23435.0,0.0,0.0,Lean Hogs,HE=F
2024-02-29 00:00:00-05:00,86.0,87.125,85.875,86.625,16795.0,0.0,0.0,Lean Hogs,HE=F
2024-03-01 00:00:00-05:00,86.625,88.25,85.6500015258789,88.07499694824219,27459.0,0.0,0.0,Lean Hogs,HE=F
2024-03-04 00:00:00-05:00,88.0999984741211,88.0999984741211,86.1500015258789,86.2750015258789,30218.0,0.0,0.0,Lean Hogs,HE=F
2024-03-05 00:00:00-05:00,86.2750015258789,86.3499984741211,84.625,85.17500305175781,31663.0,0.0,0.0,Lean Hogs,HE=F
2024-03-06 00:00:00-05:00,84.8499984741211,85.19999694824219,83.875,85.0,28829.0,0.0,0.0,Lean Hogs,HE=F
2024-03-07 00:00:00-05:00,85.3499984741211,85.44999694824219,84.375,84.5250015258789,27601.0,0.0,0.0,Lean Hogs,HE=F
2024-03-08 00:00:00-05:00,84.5,85.0999984741211,84.0999984741211,84.375,30285.0,0.0,0.0,Lean Hogs,HE=F
2024-03-11 00:00:00-04:00,84.69999694824219,84.92500305175781,83.1500015258789,83.2750015258789,36700.0,0.0,0.0,Lean Hogs,HE=F
2024-03-12 00:00:00-04:00,83.5250015258789,85.57499694824219,83.2750015258789,85.3499984741211,38030.0,0.0,0.0,Lean Hogs,HE=F
2024-03-13 00:00:00-04:00,85.0,85.0250015258789,83.92500305175781,84.875,27874.0,0.0,0.0,Lean Hogs,HE=F
2024-03-14 00:00:00-04:00,84.80000305175781,85.30000305175781,84.3499984741211,85.0250015258789,13104.0,0.0,0.0,Lean Hogs,HE=F
2024-03-15 00:00:00-04:00,85.25,87.5250015258789,84.94999694824219,86.92500305175781,24644.0,0.0,0.0,Lean Hogs,HE=F
2024-03-18 00:00:00-04:00,86.69999694824219,87.32499694824219,86.32499694824219,86.82499694824219,12913.0,0.0,0.0,Lean Hogs,HE=F
2024-03-19 00:00:00-04:00,86.5,86.69999694824219,85.25,85.82499694824219,16578.0,0.0,0.0,Lean Hogs,HE=F
2024-03-20 00:00:00-04:00,86.1500015258789,86.25,85.17500305175781,85.30000305175781,9006.0,0.0,0.0,Lean Hogs,HE=F
2024-03-21 00:00:00-04:00,85.30000305175781,85.625,84.5250015258789,84.9000015258789,9918.0,0.0,0.0,Lean Hogs,HE=F
2024-03-22 00:00:00-04:00,84.92500305175781,85.25,84.125,84.57499694824219,7967.0,0.0,0.0,Lean Hogs,HE=F
2024-03-25 00:00:00-04:00,84.5999984741211,85.75,84.4000015258789,85.1500015258789,8074.0,0.0,0.0,Lean Hogs,HE=F
2024-03-26 00:00:00-04:00,85.69999694824219,86.4000015258789,85.44999694824219,85.57499694824219,7986.0,0.0,0.0,Lean Hogs,HE=F
2024-03-27 00:00:00-04:00,85.9000015258789,86.44999694824219,85.7750015258789,86.0999984741211,6754.0,0.0,0.0,Lean Hogs,HE=F
2024-03-28 00:00:00-04:00,85.94999694824219,87.0999984741211,85.75,86.625,8930.0,0.0,0.0,Lean Hogs,HE=F
2024-04-01 00:00:00-04:00,86.2750015258789,87.92500305175781,86.0250015258789,86.94999694824219,8145.0,0.0,0.0,Lean Hogs,HE=F
2024-04-02 00:00:00-04:00,87.2249984741211,87.3499984741211,86.42500305175781,86.55000305175781,9114.0,0.0,0.0,Lean Hogs,HE=F
2024-04-03 00:00:00-04:00,87.1500015258789,88.32499694824219,87.1500015258789,87.9749984741211,8528.0,0.0,0.0,Lean Hogs,HE=F
2024-04-04 00:00:00-04:00,87.80000305175781,88.4000015258789,87.67500305175781,88.3499984741211,6358.0,0.0,0.0,Lean Hogs,HE=F
2024-04-05 00:00:00-04:00,88.7750015258789,89.4000015258789,88.7750015258789,89.32499694824219,7529.0,0.0,0.0,Lean Hogs,HE=F
2024-04-08 00:00:00-04:00,89.3499984741211,89.8499984741211,89.0250015258789,89.75,4526.0,0.0,0.0,Lean Hogs,HE=F
2024-04-09 00:00:00-04:00,89.9000015258789,90.67500305175781,89.82499694824219,90.5999984741211,6211.0,0.0,0.0,Lean Hogs,HE=F
2024-04-10 00:00:00-04:00,91.42500305175781,91.80000305175781,91.1500015258789,91.75,6878.0,0.0,0.0,Lean Hogs,HE=F
2024-04-11 00:00:00-04:00,91.2249984741211,91.625,91.19999694824219,91.44999694824219,3063.0,0.0,0.0,Lean Hogs,HE=F
2024-04-12 00:00:00-04:00,91.4000015258789,91.44999694824219,90.82499694824219,90.875,1136.0,0.0,0.0,Lean Hogs,HE=F
2024-04-15 00:00:00-04:00,94.0999984741211,94.5999984741211,93.17500305175781,94.32499694824219,796.0,0.0,0.0,Lean Hogs,HE=F
2024-04-16 00:00:00-04:00,94.44999694824219,95.69999694824219,94.25,94.7249984741211,661.0,0.0,0.0,Lean Hogs,HE=F
2024-04-17 00:00:00-04:00,94.75,95.125,94.0,94.92500305175781,642.0,0.0,0.0,Lean Hogs,HE=F
2024-04-18 00:00:00-04:00,94.5,94.875,93.6500015258789,94.7249984741211,967.0,0.0,0.0,Lean Hogs,HE=F
2024-04-19 00:00:00-04:00,94.7249984741211,96.3499984741211,94.625,96.2249984741211,804.0,0.0,0.0,Lean Hogs,HE=F
2024-04-22 00:00:00-04:00,96.0999984741211,97.0,96.0,96.69999694824219,538.0,0.0,0.0,Lean Hogs,HE=F
2024-04-23 00:00:00-04:00,97.05000305175781,98.9749984741211,96.80000305175781,98.57499694824219,1527.0,0.0,0.0,Lean Hogs,HE=F
2024-04-24 00:00:00-04:00,97.94999694824219,98.4749984741211,97.2750015258789,97.3499984741211,1073.0,0.0,0.0,Lean Hogs,HE=F
2024-04-25 00:00:00-04:00,96.75,96.75,95.0,95.2750015258789,1182.0,0.0,0.0,Lean Hogs,HE=F
2024-04-26 00:00:00-04:00,95.0,95.0,93.94999694824219,94.2750015258789,954.0,0.0,0.0,Lean Hogs,HE=F
2024-04-29 00:00:00-04:00,93.9749984741211,94.25,93.4749984741211,94.0250015258789,1083.0,0.0,0.0,Lean Hogs,HE=F
2024-04-30 00:00:00-04:00,94.19999694824219,94.69999694824219,93.5250015258789,94.1500015258789,768.0,0.0,0.0,Lean Hogs,HE=F
2024-05-01 00:00:00-04:00,94.4000015258789,94.5,92.80000305175781,93.0250015258789,1345.0,0.0,0.0,Lean Hogs,HE=F
2024-05-02 00:00:00-04:00,92.7750015258789,93.125,92.44999694824219,93.07499694824219,726.0,0.0,0.0,Lean Hogs,HE=F
2024-05-03 00:00:00-04:00,93.0250015258789,93.0250015258789,92.4000015258789,92.42500305175781,709.0,0.0,0.0,Lean Hogs,HE=F
2024-05-06 00:00:00-04:00,92.2750015258789,92.4000015258789,91.875,92.17500305175781,1005.0,0.0,0.0,Lean Hogs,HE=F
2024-05-07 00:00:00-04:00,92.69999694824219,93.0999984741211,92.30000305175781,92.5250015258789,599.0,0.0,0.0,Lean Hogs,HE=F
2024-05-08 00:00:00-04:00,92.3499984741211,92.8499984741211,92.0,92.5250015258789,629.0,0.0,0.0,Lean Hogs,HE=F
2024-05-09 00:00:00-04:00,92.3499984741211,92.6500015258789,91.82499694824219,91.9749984741211,537.0,0.0,0.0,Lean Hogs,HE=F
2024-05-10 00:00:00-04:00,91.8499984741211,91.9749984741211,91.5999984741211,91.7249984741211,458.0,0.0,0.0,Lean Hogs,HE=F
2024-05-13 00:00:00-04:00,91.57499694824219,91.7249984741211,91.4000015258789,91.44999694824219,595.0,0.0,0.0,Lean Hogs,HE=F
2024-05-14 00:00:00-04:00,91.7750015258789,91.875,91.67500305175781,91.82499694824219,18413.0,0.0,0.0,Lean Hogs,HE=F
2024-05-15 00:00:00-04:00,98.5999984741211,98.625,97.0,97.5,20206.0,0.0,0.0,Lean Hogs,HE=F
2024-05-16 00:00:00-04:00,97.375,100.0999984741211,96.42500305175781,98.375,24942.0,0.0,0.0,Lean Hogs,HE=F
2024-05-17 00:00:00-04:00,98.25,98.25,96.17500305175781,96.5,22603.0,0.0,0.0,Lean Hogs,HE=F
2024-05-20 00:00:00-04:00,96.67500305175781,97.375,96.125,96.92500305175781,13053.0,0.0,0.0,Lean Hogs,HE=F
2024-05-21 00:00:00-04:00,96.19999694824219,96.92500305175781,95.75,96.4000015258789,14464.0,0.0,0.0,Lean Hogs,HE=F
2024-05-22 00:00:00-04:00,96.4000015258789,96.4000015258789,95.125,95.4000015258789,10913.0,0.0,0.0,Lean Hogs,HE=F
2024-05-23 00:00:00-04:00,95.19999694824219,96.0,94.32499694824219,94.5250015258789,11187.0,0.0,0.0,Lean Hogs,HE=F
2024-05-24 00:00:00-04:00,94.44999694824219,94.80000305175781,94.05000305175781,94.2750015258789,6763.0,0.0,0.0,Lean Hogs,HE=F
2024-05-28 00:00:00-04:00,94.07499694824219,94.32499694824219,93.25,93.80000305175781,9823.0,0.0,0.0,Lean Hogs,HE=F
2024-05-29 00:00:00-04:00,94.82499694824219,94.92500305175781,93.5250015258789,93.7750015258789,11129.0,0.0,0.0,Lean Hogs,HE=F
2024-05-30 00:00:00-04:00,93.7750015258789,95.0,93.5250015258789,93.9749984741211,8898.0,0.0,0.0,Lean Hogs,HE=F
2024-05-31 00:00:00-04:00,94.19999694824219,94.5999984741211,93.57499694824219,94.3499984741211,7386.0,0.0,0.0,Lean Hogs,HE=F
2024-06-03 00:00:00-04:00,94.9000015258789,94.94999694824219,93.5,93.6500015258789,7457.0,0.0,0.0,Lean Hogs,HE=F
2024-06-04 00:00:00-04:00,93.5,93.5999984741211,92.42500305175781,92.69999694824219,10182.0,0.0,0.0,Lean Hogs,HE=F
2024-06-05 00:00:00-04:00,92.57499694824219,92.9000015258789,92.0,92.0999984741211,8579.0,0.0,0.0,Lean Hogs,HE=F
2024-06-06 00:00:00-04:00,91.80000305175781,92.375,91.80000305175781,92.1500015258789,5512.0,0.0,0.0,Lean Hogs,HE=F
2024-06-07 00:00:00-04:00,92.25,92.67500305175781,92.0,92.5250015258789,6919.0,0.0,0.0,Lean Hogs,HE=F
2024-06-10 00:00:00-04:00,92.19999694824219,92.57499694824219,92.125,92.25,4059.0,0.0,0.0,Lean Hogs,HE=F
2024-06-11 00:00:00-04:00,92.25,92.30000305175781,91.8499984741211,91.94999694824219,3984.0,0.0,0.0,Lean Hogs,HE=F
2024-06-12 00:00:00-04:00,91.94999694824219,92.5,91.92500305175781,92.0250015258789,4521.0,0.0,0.0,Lean Hogs,HE=F
2024-06-13 00:00:00-04:00,91.7249984741211,91.875,91.625,91.75,2862.0,0.0,0.0,Lean Hogs,HE=F
2024-06-14 00:00:00-04:00,91.44999694824219,91.4749984741211,91.1500015258789,91.17500305175781,35244.0,0.0,0.0,Lean Hogs,HE=F
2024-06-17 00:00:00-04:00,94.44999694824219,95.82499694824219,94.44999694824219,95.375,26154.0,0.0,0.0,Lean Hogs,HE=F
2024-06-18 00:00:00-04:00,95.3499984741211,95.5250015258789,93.6500015258789,93.7750015258789,22060.0,0.0,0.0,Lean Hogs,HE=F
2024-06-20 00:00:00-04:00,93.1500015258789,93.4000015258789,90.80000305175781,91.1500015258789,19257.0,0.0,0.0,Lean Hogs,HE=F
2024-06-21 00:00:00-04:00,91.44999694824219,92.125,91.05000305175781,92.05000305175781,9976.0,0.0,0.0,Lean Hogs,HE=F
2024-06-24 00:00:00-04:00,91.80000305175781,91.80000305175781,89.7249984741211,89.94999694824219,10326.0,0.0,0.0,Lean Hogs,HE=F
2024-06-25 00:00:00-04:00,90.1500015258789,90.9749984741211,88.80000305175781,89.0,12186.0,0.0,0.0,Lean Hogs,HE=F
2024-06-26 00:00:00-04:00,88.7750015258789,90.25,88.6500015258789,89.9000015258789,9624.0,0.0,0.0,Lean Hogs,HE=F
2024-06-27 00:00:00-04:00,89.9000015258789,90.57499694824219,88.875,89.44999694824219,9837.0,0.0,0.0,Lean Hogs,HE=F
2024-06-28 00:00:00-04:00,89.8499984741211,90.07499694824219,88.9000015258789,89.57499694824219,7526.0,0.0,0.0,Lean Hogs,HE=F
2024-07-01 00:00:00-04:00,89.6500015258789,90.75,89.05000305175781,89.19999694824219,6937.0,0.0,0.0,Lean Hogs,HE=F
2024-07-02 00:00:00-04:00,89.0999984741211,89.7750015258789,88.9749984741211,89.2249984741211,5907.0,0.0,0.0,Lean Hogs,HE=F
2024-07-03 00:00:00-04:00,89.25,90.07499694824219,89.25,89.75,5885.0,0.0,0.0,Lean Hogs,HE=F
2024-07-05 00:00:00-04:00,89.7249984741211,90.4749984741211,89.6500015258789,89.875,6520.0,0.0,0.0,Lean Hogs,HE=F
2024-07-08 00:00:00-04:00,89.5999984741211,89.9000015258789,89.42500305175781,89.67500305175781,5382.0,0.0,0.0,Lean Hogs,HE=F
2024-07-09 00:00:00-04:00,89.75,89.9749984741211,89.2249984741211,89.32499694824219,5254.0,0.0,0.0,Lean Hogs,HE=F
2024-07-10 00:00:00-04:00,88.8499984741211,89.0999984741211,88.4000015258789,88.44999694824219,6852.0,0.0,0.0,Lean Hogs,HE=F
2024-07-11 00:00:00-04:00,88.44999694824219,88.67500305175781,88.3499984741211,88.55000305175781,3444.0,0.0,0.0,Lean Hogs,HE=F
2024-07-12 00:00:00-04:00,88.55000305175781,88.9000015258789,88.55000305175781,88.69999694824219,3081.0,0.0,0.0,Lean Hogs,HE=F
2024-07-15 00:00:00-04:00,88.80000305175781,88.8499984741211,88.625,88.6500015258789,28764.0,0.0,0.0,Lean Hogs,HE=F
2024-07-16 00:00:00-04:00,88.57499694824219,91.44999694824219,88.57499694824219,91.2750015258789,37789.0,0.0,0.0,Lean Hogs,HE=F
2024-07-17 00:00:00-04:00,91.75,92.57499694824219,91.0999984741211,91.6500015258789,31384.0,0.0,0.0,Lean Hogs,HE=F
2024-07-18 00:00:00-04:00,90.7249984741211,91.92500305175781,90.6500015258789,91.375,26022.0,0.0,0.0,Lean Hogs,HE=F
2024-07-19 00:00:00-04:00,91.375,92.17500305175781,90.82499694824219,91.57499694824219,11436.0,0.0,0.0,Lean Hogs,HE=F
2024-07-22 00:00:00-04:00,91.57499694824219,92.4749984741211,91.42500305175781,92.375,12860.0,0.0,0.0,Lean Hogs,HE=F
2024-07-23 00:00:00-04:00,92.75,94.07499694824219,92.69999694824219,93.6500015258789,14887.0,0.0,0.0,Lean Hogs,HE=F
2024-07-24 00:00:00-04:00,93.0250015258789,94.375,92.9749984741211,93.7750015258789,12181.0,0.0,0.0,Lean Hogs,HE=F
2024-07-25 00:00:00-04:00,94.0,94.32499694824219,92.875,93.7750015258789,9477.0,0.0,0.0,Lean Hogs,HE=F
2024-07-26 00:00:00-04:00,94.07499694824219,94.0999984741211,93.375,93.4749984741211,8191.0,0.0,0.0,Lean Hogs,HE=F
2024-07-29 00:00:00-04:00,93.05000305175781,93.05000305175781,90.625,91.44999694824219,16116.0,0.0,0.0,Lean Hogs,HE=F
2024-07-30 00:00:00-04:00,91.67500305175781,91.9000015258789,90.69999694824219,91.19999694824219,7604.0,0.0,0.0,Lean Hogs,HE=F
2024-07-31 00:00:00-04:00,91.375,92.3499984741211,91.07499694824219,92.2750015258789,7736.0,0.0,0.0,Lean Hogs,HE=F
2024-08-01 00:00:00-04:00,92.2750015258789,93.30000305175781,92.125,93.1500015258789,9264.0,0.0,0.0,Lean Hogs,HE=F
2024-08-02 00:00:00-04:00,93.0,93.1500015258789,92.07499694824219,92.19999694824219,8289.0,0.0,0.0,Lean Hogs,HE=F
2024-08-05 00:00:00-04:00,91.7750015258789,91.94999694824219,90.9000015258789,91.1500015258789,9945.0,0.0,0.0,Lean Hogs,HE=F
2024-08-06 00:00:00-04:00,91.30000305175781,92.3499984741211,91.0250015258789,91.2750015258789,9776.0,0.0,0.0,Lean Hogs,HE=F
2024-08-07 00:00:00-04:00,91.17500305175781,91.2249984741211,90.4000015258789,90.5999984741211,7370.0,0.0,0.0,Lean Hogs,HE=F
2024-08-08 00:00:00-04:00,90.0,90.4000015258789,89.75,90.0250015258789,6012.0,0.0,0.0,Lean Hogs,HE=F
2024-08-09 00:00:00-04:00,89.82499694824219,90.0,89.75,89.80000305175781,3080.0,0.0,0.0,Lean Hogs,HE=F
2024-08-12 00:00:00-04:00,89.80000305175781,90.05000305175781,89.7249984741211,90.0250015258789,2487.0,0.0,0.0,Lean Hogs,HE=F
2024-08-13 00:00:00-04:00,89.75,89.9749984741211,89.6500015258789,89.9000015258789,3343.0,0.0,0.0,Lean Hogs,HE=F
2024-08-14 00:00:00-04:00,90.0,90.30000305175781,90.0,90.0999984741211,31350.0,0.0,0.0,Lean Hogs,HE=F
2024-08-15 00:00:00-04:00,75.4000015258789,76.875,74.82499694824219,76.5,22592.0,0.0,0.0,Lean Hogs,HE=F
2024-08-16 00:00:00-04:00,76.4749984741211,76.7249984741211,74.67500305175781,75.07499694824219,19279.0,0.0,0.0,Lean Hogs,HE=F
2024-08-19 00:00:00-04:00,74.8499984741211,77.2750015258789,74.75,76.80000305175781,23000.0,0.0,0.0,Lean Hogs,HE=F
2024-08-20 00:00:00-04:00,76.2249984741211,76.92500305175781,76.07499694824219,76.4000015258789,18203.0,0.0,0.0,Lean Hogs,HE=F
2024-08-21 00:00:00-04:00,76.67500305175781,78.125,75.69999694824219,76.1500015258789,22909.0,0.0,0.0,Lean Hogs,HE=F
2024-08-22 00:00:00-04:00,75.2249984741211,79.7750015258789,74.92500305175781,79.625,35997.0,0.0,0.0,Lean Hogs,HE=F
2024-08-23 00:00:00-04:00,79.55000305175781,80.92500305175781,79.44999694824219,80.55000305175781,31783.0,0.0,0.0,Lean Hogs,HE=F
2024-08-26 00:00:00-04:00,80.5999984741211,81.44999694824219,79.7750015258789,80.4000015258789,20501.0,0.0,0.0,Lean Hogs,HE=F
2024-08-27 00:00:00-04:00,79.9000015258789,82.4749984741211,79.67500305175781,82.07499694824219,28018.0,0.0,0.0,Lean Hogs,HE=F
2024-08-28 00:00:00-04:00,81.80000305175781,82.42500305175781,81.5250015258789,81.67500305175781,18817.0,0.0,0.0,Lean Hogs,HE=F
2024-08-29 00:00:00-04:00,81.375,82.30000305175781,81.0999984741211,82.17500305175781,17268.0,0.0,0.0,Lean Hogs,HE=F
2024-08-30 00:00:00-04:00,82.125,83.0,81.92500305175781,82.2249984741211,17018.0,0.0,0.0,Lean Hogs,HE=F
2024-09-03 00:00:00-04:00,82.25,83.0,80.75,82.5250015258789,26914.0,0.0,0.0,Lean Hogs,HE=F
2024-09-04 00:00:00-04:00,82.82499694824219,83.375,81.42500305175781,81.57499694824219,25070.0,0.0,0.0,Lean Hogs,HE=F
2024-09-05 00:00:00-04:00,81.125,81.7750015258789,80.44999694824219,80.69999694824219,25064.0,0.0,0.0,Lean Hogs,HE=F
2024-09-06 00:00:00-04:00,80.5999984741211,81.30000305175781,79.42500305175781,79.5,22564.0,0.0,0.0,Lean Hogs,HE=F
2024-09-09 00:00:00-04:00,79.94999694824219,80.0250015258789,78.4749984741211,78.80000305175781,22564.0,0.0,0.0,Lean Hogs,HE=F
2024-09-10 00:00:00-04:00,79.19999694824219,79.55000305175781,78.19999694824219,78.55000305175781,31962.0,0.0,0.0,Lean Hogs,HE=F
2024-09-11 00:00:00-04:00,79.0,79.80000305175781,78.4749984741211,79.75,30776.0,0.0,0.0,Lean Hogs,HE=F
2024-09-12 00:00:00-04:00,79.44999694824219,80.1500015258789,78.875,78.9000015258789,22199.0,0.0,0.0,Lean Hogs,HE=F
2024-09-13 00:00:00-04:00,79.2249984741211,79.75,78.2750015258789,78.44999694824219,23682.0,0.0,0.0,Lean Hogs,HE=F
2024-09-16 00:00:00-04:00,78.7249984741211,80.67500305175781,78.5999984741211,79.92500305175781,22269.0,0.0,0.0,Lean Hogs,HE=F
2024-09-17 00:00:00-04:00,80.19999694824219,82.07499694824219,80.19999694824219,81.7750015258789,26600.0,0.0,0.0,Lean Hogs,HE=F
2024-09-18 00:00:00-04:00,81.94999694824219,82.30000305175781,81.2750015258789,82.05000305175781,10662.0,0.0,0.0,Lean Hogs,HE=F
2024-09-19 00:00:00-04:00,81.92500305175781,82.4000015258789,81.7249984741211,82.25,9891.0,0.0,0.0,Lean Hogs,HE=F
2024-09-20 00:00:00-04:00,82.2750015258789,82.6500015258789,81.94999694824219,82.2249984741211,7551.0,0.0,0.0,Lean Hogs,HE=F
2024-09-23 00:00:00-04:00,82.2249984741211,82.55000305175781,81.875,82.30000305175781,7943.0,0.0,0.0,Lean Hogs,HE=F
2024-09-24 00:00:00-04:00,82.5,83.05000305175781,81.9749984741211,82.125,8455.0,0.0,0.0,Lean Hogs,HE=F
2024-09-25 00:00:00-04:00,81.9749984741211,82.69999694824219,81.9749984741211,82.4749984741211,5543.0,0.0,0.0,Lean Hogs,HE=F
2024-09-26 00:00:00-04:00,82.5250015258789,82.5250015258789,81.2750015258789,82.0250015258789,11986.0,0.0,0.0,Lean Hogs,HE=F
2024-09-27 00:00:00-04:00,81.80000305175781,82.9000015258789,81.5,82.05000305175781,8725.0,0.0,0.0,Lean Hogs,HE=F
2024-09-30 00:00:00-04:00,82.05000305175781,82.5,81.7249984741211,82.25,4492.0,0.0,0.0,Lean Hogs,HE=F
2024-10-01 00:00:00-04:00,82.55000305175781,83.7750015258789,82.4749984741211,83.5,10560.0,0.0,0.0,Lean Hogs,HE=F
2024-10-02 00:00:00-04:00,83.8499984741211,84.75,83.7249984741211,84.67500305175781,8401.0,0.0,0.0,Lean Hogs,HE=F
2024-10-03 00:00:00-04:00,84.375,84.4000015258789,83.7750015258789,84.17500305175781,5468.0,0.0,0.0,Lean Hogs,HE=F
2024-10-04 00:00:00-04:00,84.07499694824219,84.5,83.7750015258789,84.0250015258789,5752.0,0.0,0.0,Lean Hogs,HE=F
2024-10-07 00:00:00-04:00,83.8499984741211,84.05000305175781,83.625,83.9749984741211,7000.0,0.0,0.0,Lean Hogs,HE=F
2024-10-08 00:00:00-04:00,84.0999984741211,84.4000015258789,83.9749984741211,84.125,4493.0,0.0,0.0,Lean Hogs,HE=F
2024-10-09 00:00:00-04:00,84.0999984741211,84.17500305175781,83.69999694824219,83.92500305175781,4558.0,0.0,0.0,Lean Hogs,HE=F
2024-10-10 00:00:00-04:00,83.9749984741211,84.19999694824219,83.9000015258789,84.0250015258789,3615.0,0.0,0.0,Lean Hogs,HE=F
2024-10-11 00:00:00-04:00,84.05000305175781,84.17500305175781,83.94999694824219,84.07499694824219,3206.0,0.0,0.0,Lean Hogs,HE=F
2024-10-14 00:00:00-04:00,84.0,84.125,83.94999694824219,84.0999984741211,24525.0,0.0,0.0,Lean Hogs,HE=F
2024-10-15 00:00:00-04:00,75.80000305175781,76.2750015258789,75.0999984741211,75.2249984741211,15702.0,0.0,0.0,Lean Hogs,HE=F
2024-10-16 00:00:00-04:00,75.4000015258789,77.8499984741211,75.2249984741211,77.69999694824219,25731.0,0.0,0.0,Lean Hogs,HE=F
2024-10-17 00:00:00-04:00,77.69999694824219,78.42500305175781,77.05000305175781,77.67500305175781,24414.0,0.0,0.0,Lean Hogs,HE=F
2024-10-18 00:00:00-04:00,77.8499984741211,78.375,77.2750015258789,77.82499694824219,16951.0,0.0,0.0,Lean Hogs,HE=F
2024-10-21 00:00:00-04:00,77.8499984741211,78.4749984741211,76.80000305175781,78.2750015258789,19329.0,0.0,0.0,Lean Hogs,HE=F
2024-10-22 00:00:00-04:00,78.8499984741211,79.44999694824219,78.25,79.125,25501.0,0.0,0.0,Lean Hogs,HE=F
2024-10-23 00:00:00-04:00,79.0,80.2249984741211,78.875,80.17500305175781,22156.0,0.0,0.0,Lean Hogs,HE=F
2024-10-24 00:00:00-04:00,79.80000305175781,80.30000305175781,78.42500305175781,78.6500015258789,26789.0,0.0,0.0,Lean Hogs,HE=F
2024-10-25 00:00:00-04:00,78.8499984741211,79.7249984741211,78.17500305175781,79.67500305175781,23966.0,0.0,0.0,Lean Hogs,HE=F
2024-10-28 00:00:00-04:00,79.75,80.82499694824219,79.19999694824219,80.625,23135.0,0.0,0.0,Lean Hogs,HE=F
2024-10-29 00:00:00-04:00,81.5,83.0,81.25,82.82499694824219,33914.0,0.0,0.0,Lean Hogs,HE=F
2024-10-30 00:00:00-04:00,83.0,84.6500015258789,83.0,84.375,35590.0,0.0,0.0,Lean Hogs,HE=F
2024-10-31 00:00:00-04:00,84.6500015258789,84.67500305175781,83.6500015258789,83.80000305175781,27004.0,0.0,0.0,Lean Hogs,HE=F
2024-11-01 00:00:00-04:00,84.5250015258789,85.07499694824219,83.875,84.07499694824219,28161.0,0.0,0.0,Lean Hogs,HE=F
2024-11-04 00:00:00-05:00,84.55000305175781,84.82499694824219,82.8499984741211,83.2249984741211,29476.0,0.0,0.0,Lean Hogs,HE=F
2024-11-05 00:00:00-05:00,82.92500305175781,82.9749984741211,81.07499694824219,81.125,34144.0,0.0,0.0,Lean Hogs,HE=F
2024-11-06 00:00:00-05:00,81.0250015258789,82.3499984741211,80.82499694824219,82.125,28438.0,0.0,0.0,Lean Hogs,HE=F
2024-11-07 00:00:00-05:00,81.94999694824219,81.94999694824219,81.0,81.19999694824219,32459.0,0.0,0.0,Lean Hogs,HE=F
2024-11-08 00:00:00-05:00,80.5,81.17500305175781,79.80000305175781,80.42500305175781,37718.0,0.0,0.0,Lean Hogs,HE=F
2024-11-11 00:00:00-05:00,81.0,82.19999694824219,80.875,81.7750015258789,34210.0,0.0,0.0,Lean Hogs,HE=F
2024-11-12 00:00:00-05:00,81.94999694824219,83.42500305175781,81.94999694824219,82.3499984741211,34530.0,0.0,0.0,Lean Hogs,HE=F
2024-11-13 00:00:00-05:00,81.9749984741211,82.0250015258789,80.7750015258789,81.875,40706.0,0.0,0.0,Lean Hogs,HE=F
2024-11-14 00:00:00-05:00,82.30000305175781,82.3499984741211,79.4000015258789,80.0999984741211,32384.0,0.0,0.0,Lean Hogs,HE=F
2024-11-15 00:00:00-05:00,80.0,80.5999984741211,79.0999984741211,79.5,25134.0,0.0,0.0,Lean Hogs,HE=F
2024-11-18 00:00:00-05:00,80.07499694824219,80.55000305175781,79.5999984741211,80.0250015258789,12375.0,0.0,0.0,Lean Hogs,HE=F
2024-11-19 00:00:00-05:00,80.0250015258789,80.44999694824219,78.9000015258789,79.55000305175781,15422.0,0.0,0.0,Lean Hogs,HE=F
2024-11-20 00:00:00-05:00,79.75,80.75,79.25,80.5250015258789,12840.0,0.0,0.0,Lean Hogs,HE=F
2024-11-21 00:00:00-05:00,80.5250015258789,81.55000305175781,80.2750015258789,80.80000305175781,11786.0,0.0,0.0,Lean Hogs,HE=F
2024-11-22 00:00:00-05:00,80.625,81.75,80.42500305175781,81.67500305175781,9651.0,0.0,0.0,Lean Hogs,HE=F
2024-11-25 00:00:00-05:00,81.57499694824219,82.42500305175781,81.32499694824219,81.9749984741211,10595.0,0.0,0.0,Lean Hogs,HE=F
2024-11-26 00:00:00-05:00,82.07499694824219,83.32499694824219,81.7750015258789,83.0999984741211,13294.0,0.0,0.0,Lean Hogs,HE=F
2024-11-27 00:00:00-05:00,82.9749984741211,83.5999984741211,82.2750015258789,82.4000015258789,12129.0,0.0,0.0,Lean Hogs,HE=F
2024-11-29 00:00:00-05:00,82.19999694824219,83.0,81.75,82.07499694824219,7278.0,0.0,0.0,Lean Hogs,HE=F
2024-12-02 00:00:00-05:00,82.25,83.2750015258789,82.19999694824219,83.2249984741211,7863.0,0.0,0.0,Lean Hogs,HE=F
2024-12-03 00:00:00-05:00,83.5999984741211,83.875,83.125,83.25,10734.0,0.0,0.0,Lean Hogs,HE=F
2024-12-04 00:00:00-05:00,83.1500015258789,83.19999694824219,82.19999694824219,82.5,9868.0,0.0,0.0,Lean Hogs,HE=F
2024-12-05 00:00:00-05:00,82.4749984741211,82.7750015258789,82.25,82.42500305175781,6804.0,0.0,0.0,Lean Hogs,HE=F
2024-12-06 00:00:00-05:00,82.0999984741211,83.5,81.94999694824219,83.30000305175781,8501.0,0.0,0.0,Lean Hogs,HE=F
2024-12-09 00:00:00-05:00,83.05000305175781,83.375,82.67500305175781,82.9000015258789,6448.0,0.0,0.0,Lean Hogs,HE=F
2024-12-10 00:00:00-05:00,83.25,83.3499984741211,82.67500305175781,82.92500305175781,5299.0,0.0,0.0,Lean Hogs,HE=F
2024-12-11 00:00:00-05:00,83.32499694824219,83.55000305175781,83.32499694824219,83.5,4820.0,0.0,0.0,Lean Hogs,HE=F
2024-12-12 00:00:00-05:00,83.69999694824219,83.69999694824219,83.4749984741211,83.55000305175781,4647.0,0.0,0.0,Lean Hogs,HE=F
2024-12-13 00:00:00-05:00,83.625,83.75,83.55000305175781,83.7249984741211,22117.0,0.0,0.0,Lean Hogs,HE=F
2024-12-16 00:00:00-05:00,85.82499694824219,86.5999984741211,82.67500305175781,83.55000305175781,37318.0,0.0,0.0,Lean Hogs,HE=F
2024-12-17 00:00:00-05:00,83.9000015258789,84.4000015258789,82.75,83.19999694824219,20885.0,0.0,0.0,Lean Hogs,HE=F
2024-12-18 00:00:00-05:00,83.19999694824219,83.9749984741211,83.0999984741211,83.69999694824219,19900.0,0.0,0.0,Lean Hogs,HE=F
2024-12-19 00:00:00-05:00,84.25,84.625,83.5,83.625,19542.0,0.0,0.0,Lean Hogs,HE=F
2024-12-20 00:00:00-05:00,84.05000305175781,86.0,83.67500305175781,85.92500305175781,24625.0,0.0,0.0,Lean Hogs,HE=F
2024-12-23 00:00:00-05:00,85.69999694824219,86.07499694824219,83.3499984741211,84.375,32194.0,0.0,0.0,Lean Hogs,HE=F
2024-12-24 00:00:00-05:00,84.25,84.7750015258789,83.5,84.375,11836.0,0.0,0.0,Lean Hogs,HE=F
2024-12-26 00:00:00-05:00,84.3499984741211,84.69999694824219,83.69999694824219,84.19999694824219,11047.0,0.0,0.0,Lean Hogs,HE=F
2024-12-27 00:00:00-05:00,84.19999694824219,84.9749984741211,83.625,84.1500015258789,16136.0,0.0,0.0,Lean Hogs,HE=F
2024-12-30 00:00:00-05:00,84.0,84.1500015258789,80.9000015258789,81.625,45248.0,0.0,0.0,Lean Hogs,HE=F
2024-12-31 00:00:00-05:00,82.0,82.0,80.0,81.30000305175781,29050.0,0.0,0.0,Lean Hogs,HE=F
2025-01-02 00:00:00-05:00,80.9749984741211,81.82499694824219,80.0,81.1500015258789,26422.0,0.0,0.0,Lean Hogs,HE=F
2025-01-03 00:00:00-05:00,80.5999984741211,81.5,79.5,80.7750015258789,27858.0,0.0,0.0,Lean Hogs,HE=F
2025-01-06 00:00:00-05:00,80.75,81.125,79.32499694824219,79.6500015258789,32992.0,0.0,0.0,Lean Hogs,HE=F
2025-01-07 00:00:00-05:00,79.625,80.17500305175781,78.82499694824219,79.17500305175781,32213.0,0.0,0.0,Lean Hogs,HE=F
2025-01-08 00:00:00-05:00,79.17500305175781,79.80000305175781,78.44999694824219,79.4749984741211,43874.0,0.0,0.0,Lean Hogs,HE=F
2025-01-09 00:00:00-05:00,80.0999984741211,82.4749984741211,80.0,81.7750015258789,34995.0,0.0,0.0,Lean Hogs,HE=F
2025-01-10 00:00:00-05:00,81.7750015258789,83.0,81.4749984741211,82.55000305175781,34995.0,0.0,0.0,Lean Hogs,HE=F
2024-01-03 00:00:00-05:00,225.4250030517578,226.3000030517578,224.1750030517578,226.0749969482422,1313.0,0.0,0.0,Feeder Cattle,GF=F
2024-01-04 00:00:00-05:00,226.27499389648438,226.375,224.4250030517578,224.6750030517578,1409.0,0.0,0.0,Feeder Cattle,GF=F
2024-01-05 00:00:00-05:00,224.77499389648438,226.875,222.5500030517578,223.125,2095.0,0.0,0.0,Feeder Cattle,GF=F
2024-01-08 00:00:00-05:00,223.52499389648438,226.5,223.14999389648438,223.875,1965.0,0.0,0.0,Feeder Cattle,GF=F
2024-01-09 00:00:00-05:00,223.9499969482422,225.0,223.0749969482422,223.77499389648438,2605.0,0.0,0.0,Feeder Cattle,GF=F
2024-01-10 00:00:00-05:00,223.8249969482422,225.4499969482422,223.625,224.625,1827.0,0.0,0.0,Feeder Cattle,GF=F
2024-01-11 00:00:00-05:00,224.75,226.6999969482422,223.6999969482422,226.27499389648438,1118.0,0.0,0.0,Feeder Cattle,GF=F
2024-01-12 00:00:00-05:00,226.25,228.14999389648438,225.1999969482422,226.5749969482422,1429.0,0.0,0.0,Feeder Cattle,GF=F
2024-01-16 00:00:00-05:00,226.60000610351562,228.27499389648438,225.6750030517578,227.5500030517578,1967.0,0.0,0.0,Feeder Cattle,GF=F
2024-01-17 00:00:00-05:00,227.5749969482422,228.5749969482422,226.72500610351562,228.4250030517578,892.0,0.0,0.0,Feeder Cattle,GF=F
2024-01-18 00:00:00-05:00,228.47500610351562,231.6999969482422,228.3000030517578,230.9250030517578,2259.0,0.0,0.0,Feeder Cattle,GF=F
2024-01-19 00:00:00-05:00,230.9250030517578,231.375,229.6999969482422,230.10000610351562,1265.0,0.0,0.0,Feeder Cattle,GF=F
2024-01-22 00:00:00-05:00,230.0,230.1750030517578,228.27499389648438,229.8249969482422,1578.0,0.0,0.0,Feeder Cattle,GF=F
2024-01-23 00:00:00-05:00,229.9250030517578,231.875,229.77499389648438,231.0,1870.0,0.0,0.0,Feeder Cattle,GF=F
2024-01-24 00:00:00-05:00,231.60000610351562,232.10000610351562,231.60000610351562,231.8249969482422,1172.0,0.0,0.0,Feeder Cattle,GF=F
2024-01-25 00:00:00-05:00,232.0,232.35000610351562,231.5749969482422,232.02499389648438,11368.0,0.0,0.0,Feeder Cattle,GF=F
2024-01-26 00:00:00-05:00,238.0,241.64999389648438,237.5749969482422,239.6999969482422,8847.0,0.0,0.0,Feeder Cattle,GF=F
2024-01-29 00:00:00-05:00,239.75,241.9250030517578,238.39999389648438,238.625,6694.0,0.0,0.0,Feeder Cattle,GF=F
2024-01-30 00:00:00-05:00,238.625,241.5749969482422,238.02499389648438,241.3249969482422,7068.0,0.0,0.0,Feeder Cattle,GF=F
2024-01-31 00:00:00-05:00,240.9499969482422,241.5500030517578,239.5500030517578,240.14999389648438,5696.0,0.0,0.0,Feeder Cattle,GF=F
2024-02-01 00:00:00-05:00,240.9499969482422,245.60000610351562,240.85000610351562,244.875,8914.0,0.0,0.0,Feeder Cattle,GF=F
2024-02-02 00:00:00-05:00,245.0,246.125,244.0,244.8000030517578,6823.0,0.0,0.0,Feeder Cattle,GF=F
2024-02-05 00:00:00-05:00,245.0,245.8000030517578,242.35000610351562,242.75,5952.0,0.0,0.0,Feeder Cattle,GF=F
2024-02-06 00:00:00-05:00,242.4250030517578,247.10000610351562,242.125,246.6750030517578,7323.0,0.0,0.0,Feeder Cattle,GF=F
2024-02-07 00:00:00-05:00,246.97500610351562,248.25,245.0500030517578,245.5500030517578,7773.0,0.0,0.0,Feeder Cattle,GF=F
2024-02-08 00:00:00-05:00,246.75,249.14999389648438,246.27499389648438,246.85000610351562,6458.0,0.0,0.0,Feeder Cattle,GF=F
2024-02-09 00:00:00-05:00,247.25,248.35000610351562,245.9250030517578,247.14999389648438,5660.0,0.0,0.0,Feeder Cattle,GF=F
2024-02-12 00:00:00-05:00,247.14999389648438,249.89999389648438,247.10000610351562,248.8249969482422,6806.0,0.0,0.0,Feeder Cattle,GF=F
2024-02-13 00:00:00-05:00,248.52499389648438,248.97500610351562,247.3000030517578,248.0,5605.0,0.0,0.0,Feeder Cattle,GF=F
2024-02-14 00:00:00-05:00,248.0,248.39999389648438,243.5500030517578,246.22500610351562,7549.0,0.0,0.0,Feeder Cattle,GF=F
2024-02-15 00:00:00-05:00,245.3000030517578,247.35000610351562,244.02499389648438,247.10000610351562,5440.0,0.0,0.0,Feeder Cattle,GF=F
2024-02-16 00:00:00-05:00,247.125,251.9250030517578,247.125,251.02499389648438,8817.0,0.0,0.0,Feeder Cattle,GF=F
2024-02-20 00:00:00-05:00,250.625,252.25,249.25,251.375,6148.0,0.0,0.0,Feeder Cattle,GF=F
2024-02-21 00:00:00-05:00,251.1750030517578,253.4499969482422,250.39999389648438,251.35000610351562,6380.0,0.0,0.0,Feeder Cattle,GF=F
2024-02-22 00:00:00-05:00,250.9499969482422,254.72500610351562,250.72500610351562,252.0500030517578,7108.0,0.0,0.0,Feeder Cattle,GF=F
2024-02-23 00:00:00-05:00,251.8000030517578,254.75,251.0500030517578,254.5749969482422,5449.0,0.0,0.0,Feeder Cattle,GF=F
2024-02-26 00:00:00-05:00,252.72500610351562,254.89999389648438,250.9250030517578,253.0500030517578,4063.0,0.0,0.0,Feeder Cattle,GF=F
2024-02-27 00:00:00-05:00,253.0500030517578,254.39999389648438,251.6750030517578,253.0,2308.0,0.0,0.0,Feeder Cattle,GF=F
2024-02-28 00:00:00-05:00,252.0500030517578,252.6750030517578,249.0749969482422,249.60000610351562,2400.0,0.0,0.0,Feeder Cattle,GF=F
2024-02-29 00:00:00-05:00,249.4250030517578,250.22500610351562,247.5,249.0,1438.0,0.0,0.0,Feeder Cattle,GF=F
2024-03-01 00:00:00-05:00,249.35000610351562,253.0749969482422,249.25,252.97500610351562,2177.0,0.0,0.0,Feeder Cattle,GF=F
2024-03-04 00:00:00-05:00,252.97500610351562,253.0749969482422,250.9499969482422,251.5500030517578,1824.0,0.0,0.0,Feeder Cattle,GF=F
2024-03-05 00:00:00-05:00,251.5,252.875,250.64999389648438,252.3000030517578,1281.0,0.0,0.0,Feeder Cattle,GF=F
2024-03-06 00:00:00-05:00,252.89999389648438,252.97500610351562,249.9499969482422,251.02499389648438,1571.0,0.0,0.0,Feeder Cattle,GF=F
2024-03-07 00:00:00-05:00,250.875,251.47500610351562,249.89999389648438,251.02499389648438,1323.0,0.0,0.0,Feeder Cattle,GF=F
2024-03-08 00:00:00-05:00,251.5,252.8000030517578,248.9499969482422,249.1999969482422,2416.0,0.0,0.0,Feeder Cattle,GF=F
2024-03-11 00:00:00-04:00,249.1999969482422,249.1999969482422,248.10000610351562,248.25,949.0,0.0,0.0,Feeder Cattle,GF=F
2024-03-12 00:00:00-04:00,248.35000610351562,249.89999389648438,248.3000030517578,248.97500610351562,1050.0,0.0,0.0,Feeder Cattle,GF=F
2024-03-13 00:00:00-04:00,249.0,250.47500610351562,248.4250030517578,250.27499389648438,1967.0,0.0,0.0,Feeder Cattle,GF=F
2024-03-14 00:00:00-04:00,250.3000030517578,251.625,246.52499389648438,247.47500610351562,2288.0,0.0,0.0,Feeder Cattle,GF=F
2024-03-15 00:00:00-04:00,249.0,249.8249969482422,247.875,249.27499389648438,1124.0,0.0,0.0,Feeder Cattle,GF=F
2024-03-18 00:00:00-04:00,250.02499389648438,251.39999389648438,249.9499969482422,251.1999969482422,1052.0,0.0,0.0,Feeder Cattle,GF=F
2024-03-19 00:00:00-04:00,251.0,252.02499389648438,250.14999389648438,250.6750030517578,856.0,0.0,0.0,Feeder Cattle,GF=F
2024-03-20 00:00:00-04:00,251.5749969482422,251.5749969482422,249.85000610351562,250.25,1225.0,0.0,0.0,Feeder Cattle,GF=F
2024-03-21 00:00:00-04:00,250.5749969482422,251.8000030517578,249.6999969482422,250.875,1172.0,0.0,0.0,Feeder Cattle,GF=F
2024-03-22 00:00:00-04:00,250.64999389648438,251.0,249.8249969482422,249.9499969482422,1046.0,0.0,0.0,Feeder Cattle,GF=F
2024-03-25 00:00:00-04:00,248.9499969482422,251.0,248.375,249.4499969482422,690.0,0.0,0.0,Feeder Cattle,GF=F
2024-03-26 00:00:00-04:00,249.25,249.25,247.25,247.72500610351562,1741.0,0.0,0.0,Feeder Cattle,GF=F
2024-03-27 00:00:00-04:00,248.125,248.25,247.60000610351562,248.0500030517578,710.0,0.0,0.0,Feeder Cattle,GF=F
2024-03-28 00:00:00-04:00,247.60000610351562,247.77499389648438,247.1999969482422,247.75,2159.0,0.0,0.0,Feeder Cattle,GF=F
2024-04-01 00:00:00-04:00,246.625,249.0,239.0500030517578,240.4250030517578,3482.0,0.0,0.0,Feeder Cattle,GF=F
2024-04-02 00:00:00-04:00,241.14999389648438,243.625,239.8000030517578,243.5,2952.0,0.0,0.0,Feeder Cattle,GF=F
2024-04-03 00:00:00-04:00,243.6999969482422,243.6999969482422,239.27499389648438,240.9499969482422,2522.0,0.0,0.0,Feeder Cattle,GF=F
2024-04-04 00:00:00-04:00,241.9499969482422,243.60000610351562,241.3249969482422,242.6999969482422,2037.0,0.0,0.0,Feeder Cattle,GF=F
2024-04-05 00:00:00-04:00,242.89999389648438,242.89999389648438,236.375,237.6999969482422,2445.0,0.0,0.0,Feeder Cattle,GF=F
2024-04-08 00:00:00-04:00,238.22500610351562,239.89999389648438,237.375,239.3000030517578,2192.0,0.0,0.0,Feeder Cattle,GF=F
2024-04-09 00:00:00-04:00,239.0749969482422,241.5,238.22500610351562,240.6999969482422,1607.0,0.0,0.0,Feeder Cattle,GF=F
2024-04-10 00:00:00-04:00,240.3000030517578,240.75,237.25,238.27499389648438,1619.0,0.0,0.0,Feeder Cattle,GF=F
2024-04-11 00:00:00-04:00,238.22500610351562,239.47500610351562,235.89999389648438,239.1750030517578,2019.0,0.0,0.0,Feeder Cattle,GF=F
2024-04-12 00:00:00-04:00,238.77499389648438,239.4250030517578,235.9499969482422,237.60000610351562,1242.0,0.0,0.0,Feeder Cattle,GF=F
2024-04-15 00:00:00-04:00,237.85000610351562,240.5,237.85000610351562,239.5500030517578,1120.0,0.0,0.0,Feeder Cattle,GF=F
2024-04-16 00:00:00-04:00,239.5500030517578,241.4499969482422,238.6750030517578,240.35000610351562,979.0,0.0,0.0,Feeder Cattle,GF=F
2024-04-17 00:00:00-04:00,240.5,241.3000030517578,240.14999389648438,240.4250030517578,962.0,0.0,0.0,Feeder Cattle,GF=F
2024-04-18 00:00:00-04:00,240.60000610351562,241.9499969482422,240.1999969482422,241.60000610351562,667.0,0.0,0.0,Feeder Cattle,GF=F
2024-04-19 00:00:00-04:00,241.22500610351562,241.9499969482422,240.875,241.3249969482422,628.0,0.0,0.0,Feeder Cattle,GF=F
2024-04-22 00:00:00-04:00,242.0,242.97500610351562,241.72500610351562,242.89999389648438,907.0,0.0,0.0,Feeder Cattle,GF=F
2024-04-23 00:00:00-04:00,243.39999389648438,244.35000610351562,243.10000610351562,243.75,683.0,0.0,0.0,Feeder Cattle,GF=F
2024-04-24 00:00:00-04:00,243.60000610351562,244.0,242.9250030517578,243.10000610351562,426.0,0.0,0.0,Feeder Cattle,GF=F
2024-04-25 00:00:00-04:00,244.27499389648438,244.9499969482422,244.25,244.875,3146.0,0.0,0.0,Feeder Cattle,GF=F
2024-04-26 00:00:00-04:00,246.47500610351562,249.25,246.39999389648438,248.6999969482422,2295.0,0.0,0.0,Feeder Cattle,GF=F
2024-04-29 00:00:00-04:00,248.5749969482422,249.6999969482422,247.10000610351562,248.02499389648438,1726.0,0.0,0.0,Feeder Cattle,GF=F
2024-04-30 00:00:00-04:00,248.10000610351562,248.10000610351562,243.9499969482422,244.5749969482422,2892.0,0.0,0.0,Feeder Cattle,GF=F
2024-05-01 00:00:00-04:00,244.25,245.4499969482422,240.0,241.4250030517578,2670.0,0.0,0.0,Feeder Cattle,GF=F
2024-05-02 00:00:00-04:00,244.47500610351562,245.60000610351562,243.1999969482422,243.60000610351562,2241.0,0.0,0.0,Feeder Cattle,GF=F
2024-05-03 00:00:00-04:00,243.625,244.39999389648438,242.60000610351562,243.3000030517578,1261.0,0.0,0.0,Feeder Cattle,GF=F
2024-05-06 00:00:00-04:00,243.125,243.25,240.8249969482422,241.39999389648438,1741.0,0.0,0.0,Feeder Cattle,GF=F
2024-05-07 00:00:00-04:00,241.6999969482422,243.75,241.3249969482422,242.14999389648438,2051.0,0.0,0.0,Feeder Cattle,GF=F
2024-05-08 00:00:00-04:00,242.47500610351562,242.60000610351562,239.47500610351562,240.1999969482422,1546.0,0.0,0.0,Feeder Cattle,GF=F
2024-05-09 00:00:00-04:00,240.47500610351562,241.5,238.4250030517578,238.64999389648438,1879.0,0.0,0.0,Feeder Cattle,GF=F
2024-05-10 00:00:00-04:00,239.0,239.60000610351562,237.4250030517578,238.8000030517578,1368.0,0.0,0.0,Feeder Cattle,GF=F
2024-05-13 00:00:00-04:00,239.0500030517578,241.22500610351562,238.52499389648438,239.375,1425.0,0.0,0.0,Feeder Cattle,GF=F
2024-05-14 00:00:00-04:00,239.9499969482422,244.375,239.9250030517578,243.27499389648438,1874.0,0.0,0.0,Feeder Cattle,GF=F
2024-05-15 00:00:00-04:00,243.35000610351562,243.97500610351562,242.4250030517578,243.14999389648438,1024.0,0.0,0.0,Feeder Cattle,GF=F
2024-05-16 00:00:00-04:00,243.39999389648438,245.52499389648438,243.39999389648438,244.85000610351562,1099.0,0.0,0.0,Feeder Cattle,GF=F
2024-05-17 00:00:00-04:00,245.0,246.77499389648438,244.77499389648438,246.72500610351562,1034.0,0.0,0.0,Feeder Cattle,GF=F
2024-05-20 00:00:00-04:00,247.0500030517578,247.64999389648438,246.3000030517578,246.6999969482422,1251.0,0.0,0.0,Feeder Cattle,GF=F
2024-05-21 00:00:00-04:00,247.97500610351562,249.375,247.6750030517578,248.9499969482422,1500.0,0.0,0.0,Feeder Cattle,GF=F
2024-05-22 00:00:00-04:00,249.1999969482422,250.47500610351562,249.1999969482422,250.375,957.0,0.0,0.0,Feeder Cattle,GF=F
2024-05-23 00:00:00-04:00,249.75,250.35000610351562,249.39999389648438,250.3249969482422,5176.0,0.0,0.0,Feeder Cattle,GF=F
2024-05-24 00:00:00-04:00,261.45001220703125,262.04998779296875,259.1000061035156,260.2250061035156,6315.0,0.0,0.0,Feeder Cattle,GF=F
2024-05-28 00:00:00-04:00,261.0,264.7250061035156,260.3999938964844,264.6000061035156,8123.0,0.0,0.0,Feeder Cattle,GF=F
2024-05-29 00:00:00-04:00,264.20001220703125,264.95001220703125,259.29998779296875,260.25,10204.0,0.0,0.0,Feeder Cattle,GF=F
2024-05-30 00:00:00-04:00,260.625,260.9750061035156,257.0,259.07501220703125,7546.0,0.0,0.0,Feeder Cattle,GF=F
2024-05-31 00:00:00-04:00,259.0,259.0,255.8000030517578,256.3999938964844,6885.0,0.0,0.0,Feeder Cattle,GF=F
2024-06-03 00:00:00-04:00,256.7250061035156,257.42498779296875,253.60000610351562,256.20001220703125,8259.0,0.0,0.0,Feeder Cattle,GF=F
2024-06-04 00:00:00-04:00,257.3999938964844,258.17498779296875,255.52499389648438,256.0249938964844,4995.0,0.0,0.0,Feeder Cattle,GF=F
2024-06-05 00:00:00-04:00,256.32501220703125,256.57501220703125,254.22500610351562,254.8249969482422,5218.0,0.0,0.0,Feeder Cattle,GF=F
2024-06-06 00:00:00-04:00,253.75,253.85000610351562,250.8000030517578,252.85000610351562,9719.0,0.0,0.0,Feeder Cattle,GF=F
2024-06-07 00:00:00-04:00,252.8000030517578,255.9499969482422,251.89999389648438,254.9250030517578,6987.0,0.0,0.0,Feeder Cattle,GF=F
2024-06-10 00:00:00-04:00,255.5500030517578,259.3999938964844,255.5,258.6499938964844,8146.0,0.0,0.0,Feeder Cattle,GF=F
2024-06-11 00:00:00-04:00,258.92498779296875,260.0,257.2749938964844,257.6499938964844,5070.0,0.0,0.0,Feeder Cattle,GF=F
2024-06-12 00:00:00-04:00,258.3999938964844,259.1499938964844,256.8500061035156,257.57501220703125,5122.0,0.0,0.0,Feeder Cattle,GF=F
2024-06-13 00:00:00-04:00,257.70001220703125,258.29998779296875,254.35000610351562,257.4750061035156,6881.0,0.0,0.0,Feeder Cattle,GF=F
2024-06-14 00:00:00-04:00,258.79998779296875,262.6499938964844,258.5,261.9750061035156,8753.0,0.0,0.0,Feeder Cattle,GF=F
2024-06-17 00:00:00-04:00,262.95001220703125,263.07501220703125,260.6000061035156,261.32501220703125,7253.0,0.0,0.0,Feeder Cattle,GF=F
2024-06-18 00:00:00-04:00,261.7250061035156,261.7250061035156,259.32501220703125,259.95001220703125,5162.0,0.0,0.0,Feeder Cattle,GF=F
2024-06-20 00:00:00-04:00,260.75,261.9750061035156,258.1000061035156,259.82501220703125,6542.0,0.0,0.0,Feeder Cattle,GF=F
2024-06-21 00:00:00-04:00,260.1000061035156,260.17498779296875,258.0,258.375,6704.0,0.0,0.0,Feeder Cattle,GF=F
2024-06-24 00:00:00-04:00,257.0,259.54998779296875,256.125,258.8999938964844,6038.0,0.0,0.0,Feeder Cattle,GF=F
2024-06-25 00:00:00-04:00,259.3500061035156,260.45001220703125,258.20001220703125,259.04998779296875,5372.0,0.0,0.0,Feeder Cattle,GF=F
2024-06-26 00:00:00-04:00,258.7250061035156,262.1000061035156,258.7250061035156,261.7749938964844,6998.0,0.0,0.0,Feeder Cattle,GF=F
2024-06-27 00:00:00-04:00,262.0249938964844,262.6499938964844,260.29998779296875,260.6499938964844,5552.0,0.0,0.0,Feeder Cattle,GF=F
2024-06-28 00:00:00-04:00,260.6000061035156,261.6499938964844,258.29998779296875,259.29998779296875,9303.0,0.0,0.0,Feeder Cattle,GF=F
2024-07-01 00:00:00-04:00,258.92498779296875,259.17498779296875,256.3999938964844,257.375,9120.0,0.0,0.0,Feeder Cattle,GF=F
2024-07-02 00:00:00-04:00,258.07501220703125,261.6000061035156,257.45001220703125,261.1000061035156,9551.0,0.0,0.0,Feeder Cattle,GF=F
2024-07-03 00:00:00-04:00,260.5,263.8999938964844,260.5,263.375,9999.0,0.0,0.0,Feeder Cattle,GF=F
2024-07-05 00:00:00-04:00,263.25,263.75,261.25,261.4750061035156,8130.0,0.0,0.0,Feeder Cattle,GF=F
2024-07-08 00:00:00-04:00,262.0,263.2749938964844,258.5249938964844,259.17498779296875,12291.0,0.0,0.0,Feeder Cattle,GF=F
2024-07-09 00:00:00-04:00,260.1000061035156,260.82501220703125,254.77499389648438,255.72500610351562,12082.0,0.0,0.0,Feeder Cattle,GF=F
2024-07-10 00:00:00-04:00,256.0,256.25,253.4499969482422,254.35000610351562,10773.0,0.0,0.0,Feeder Cattle,GF=F
2024-07-11 00:00:00-04:00,256.04998779296875,256.7749938964844,254.9499969482422,256.1499938964844,8963.0,0.0,0.0,Feeder Cattle,GF=F
2024-07-12 00:00:00-04:00,256.1499938964844,259.2250061035156,254.97500610351562,258.6499938964844,8943.0,0.0,0.0,Feeder Cattle,GF=F
2024-07-15 00:00:00-04:00,259.04998779296875,260.25,257.95001220703125,258.7749938964844,6471.0,0.0,0.0,Feeder Cattle,GF=F
2024-07-16 00:00:00-04:00,258.54998779296875,259.625,257.6499938964844,258.625,5915.0,0.0,0.0,Feeder Cattle,GF=F
2024-07-17 00:00:00-04:00,258.54998779296875,258.8999938964844,256.75,258.54998779296875,5650.0,0.0,0.0,Feeder Cattle,GF=F
2024-07-18 00:00:00-04:00,258.5,259.6499938964844,255.5749969482422,256.2250061035156,6778.0,0.0,0.0,Feeder Cattle,GF=F
2024-07-19 00:00:00-04:00,256.25,256.45001220703125,253.875,255.60000610351562,5222.0,0.0,0.0,Feeder Cattle,GF=F
2024-07-22 00:00:00-04:00,256.5,258.42498779296875,255.75,256.3999938964844,5896.0,0.0,0.0,Feeder Cattle,GF=F
2024-07-23 00:00:00-04:00,256.67498779296875,259.20001220703125,255.625,258.75,6172.0,0.0,0.0,Feeder Cattle,GF=F
2024-07-24 00:00:00-04:00,258.75,259.1000061035156,256.2749938964844,257.125,6720.0,0.0,0.0,Feeder Cattle,GF=F
2024-07-25 00:00:00-04:00,257.20001220703125,259.8500061035156,255.47500610351562,258.625,7967.0,0.0,0.0,Feeder Cattle,GF=F
2024-07-26 00:00:00-04:00,258.6499938964844,260.75,258.2749938964844,259.70001220703125,6055.0,0.0,0.0,Feeder Cattle,GF=F
2024-07-29 00:00:00-04:00,259.8500061035156,260.54998779296875,255.5,256.42498779296875,6489.0,0.0,0.0,Feeder Cattle,GF=F
2024-07-30 00:00:00-04:00,256.95001220703125,257.6499938964844,255.5,256.9750061035156,3544.0,0.0,0.0,Feeder Cattle,GF=F
2024-07-31 00:00:00-04:00,256.9750061035156,257.75,255.8000030517578,257.25,2327.0,0.0,0.0,Feeder Cattle,GF=F
2024-08-01 00:00:00-04:00,257.32501220703125,257.32501220703125,252.1750030517578,253.14999389648438,4850.0,0.0,0.0,Feeder Cattle,GF=F
2024-08-02 00:00:00-04:00,252.8000030517578,252.9250030517578,246.6750030517578,249.64999389648438,4573.0,0.0,0.0,Feeder Cattle,GF=F
2024-08-05 00:00:00-04:00,244.5,246.625,240.77499389648438,244.0,4920.0,0.0,0.0,Feeder Cattle,GF=F
2024-08-06 00:00:00-04:00,246.0,246.25,240.9250030517578,243.0,4011.0,0.0,0.0,Feeder Cattle,GF=F
2024-08-07 00:00:00-04:00,244.27499389648438,245.47500610351562,242.5,242.625,2639.0,0.0,0.0,Feeder Cattle,GF=F
2024-08-08 00:00:00-04:00,243.60000610351562,243.60000610351562,241.39999389648438,242.375,3004.0,0.0,0.0,Feeder Cattle,GF=F
2024-08-09 00:00:00-04:00,242.1750030517578,247.1999969482422,242.0749969482422,246.5,3404.0,0.0,0.0,Feeder Cattle,GF=F
2024-08-12 00:00:00-04:00,246.5500030517578,246.9250030517578,243.8000030517578,244.39999389648438,2057.0,0.0,0.0,Feeder Cattle,GF=F
2024-08-13 00:00:00-04:00,245.25,246.97500610351562,243.8249969482422,246.47500610351562,1574.0,0.0,0.0,Feeder Cattle,GF=F
2024-08-14 00:00:00-04:00,246.625,248.85000610351562,246.60000610351562,247.89999389648438,2338.0,0.0,0.0,Feeder Cattle,GF=F
2024-08-15 00:00:00-04:00,248.125,248.9499969482422,246.375,246.72500610351562,1824.0,0.0,0.0,Feeder Cattle,GF=F
2024-08-16 00:00:00-04:00,246.22500610351562,246.6750030517578,241.10000610351562,242.77499389648438,3426.0,0.0,0.0,Feeder Cattle,GF=F
2024-08-19 00:00:00-04:00,242.3000030517578,244.0,241.375,242.375,1182.0,0.0,0.0,Feeder Cattle,GF=F
2024-08-20 00:00:00-04:00,242.375,243.02499389648438,237.10000610351562,238.1999969482422,2395.0,0.0,0.0,Feeder Cattle,GF=F
2024-08-21 00:00:00-04:00,238.22500610351562,240.0,237.9250030517578,239.25,1491.0,0.0,0.0,Feeder Cattle,GF=F
2024-08-22 00:00:00-04:00,239.25,243.27499389648438,238.6750030517578,241.97500610351562,1649.0,0.0,0.0,Feeder Cattle,GF=F
2024-08-23 00:00:00-04:00,241.77499389648438,242.97500610351562,241.625,242.5749969482422,942.0,0.0,0.0,Feeder Cattle,GF=F
2024-08-26 00:00:00-04:00,241.75,245.0,241.75,244.5,1819.0,0.0,0.0,Feeder Cattle,GF=F
2024-08-27 00:00:00-04:00,244.0,244.5,243.64999389648438,244.1999969482422,973.0,0.0,0.0,Feeder Cattle,GF=F
2024-08-28 00:00:00-04:00,243.5,244.02499389648438,243.1999969482422,243.5500030517578,854.0,0.0,0.0,Feeder Cattle,GF=F
2024-08-29 00:00:00-04:00,243.4250030517578,243.4250030517578,242.75,243.1750030517578,1665.0,0.0,0.0,Feeder Cattle,GF=F
2024-08-30 00:00:00-04:00,239.3000030517578,241.75,239.3000030517578,240.47500610351562,1917.0,0.0,0.0,Feeder Cattle,GF=F
2024-09-03 00:00:00-04:00,240.125,242.125,239.375,241.375,2083.0,0.0,0.0,Feeder Cattle,GF=F
2024-09-04 00:00:00-04:00,241.0,241.75,239.35000610351562,239.625,1092.0,0.0,0.0,Feeder Cattle,GF=F
2024-09-05 00:00:00-04:00,239.5500030517578,239.625,236.10000610351562,237.125,2375.0,0.0,0.0,Feeder Cattle,GF=F
2024-09-06 00:00:00-04:00,237.25,239.0500030517578,233.8000030517578,234.3000030517578,1883.0,0.0,0.0,Feeder Cattle,GF=F
2024-09-09 00:00:00-04:00,234.75,238.25,232.85000610351562,237.72500610351562,1883.0,0.0,0.0,Feeder Cattle,GF=F
2024-09-10 00:00:00-04:00,237.9499969482422,239.60000610351562,237.5749969482422,238.47500610351562,1350.0,0.0,0.0,Feeder Cattle,GF=F
2024-09-11 00:00:00-04:00,238.64999389648438,241.0,237.6750030517578,240.5500030517578,1600.0,0.0,0.0,Feeder Cattle,GF=F
2024-09-12 00:00:00-04:00,240.5749969482422,242.8000030517578,240.5,242.0500030517578,1045.0,0.0,0.0,Feeder Cattle,GF=F
2024-09-13 00:00:00-04:00,242.35000610351562,243.75,240.85000610351562,241.89999389648438,868.0,0.0,0.0,Feeder Cattle,GF=F
2024-09-16 00:00:00-04:00,242.0500030517578,243.3249969482422,241.22500610351562,241.3000030517578,649.0,0.0,0.0,Feeder Cattle,GF=F
2024-09-17 00:00:00-04:00,242.0,243.77499389648438,241.77499389648438,243.3000030517578,648.0,0.0,0.0,Feeder Cattle,GF=F
2024-09-18 00:00:00-04:00,243.3000030517578,243.8249969482422,242.5500030517578,242.8249969482422,558.0,0.0,0.0,Feeder Cattle,GF=F
2024-09-19 00:00:00-04:00,243.77499389648438,245.6999969482422,243.22500610351562,245.27499389648438,884.0,0.0,0.0,Feeder Cattle,GF=F
2024-09-20 00:00:00-04:00,244.77499389648438,245.64999389648438,244.25,244.8249969482422,1303.0,0.0,0.0,Feeder Cattle,GF=F
2024-09-23 00:00:00-04:00,244.875,245.3249969482422,244.0749969482422,245.10000610351562,866.0,0.0,0.0,Feeder Cattle,GF=F
2024-09-24 00:00:00-04:00,244.6999969482422,245.14999389648438,244.5,244.9499969482422,611.0,0.0,0.0,Feeder Cattle,GF=F
2024-09-25 00:00:00-04:00,245.0,245.5,244.72500610351562,245.375,414.0,0.0,0.0,Feeder Cattle,GF=F
2024-09-26 00:00:00-04:00,244.8249969482422,245.89999389648438,244.4250030517578,245.39999389648438,5583.0,0.0,0.0,Feeder Cattle,GF=F
2024-09-27 00:00:00-04:00,247.375,248.625,246.60000610351562,247.0749969482422,3836.0,0.0,0.0,Feeder Cattle,GF=F
2024-09-30 00:00:00-04:00,246.0749969482422,247.77499389648438,245.6999969482422,246.1999969482422,2181.0,0.0,0.0,Feeder Cattle,GF=F
2024-10-01 00:00:00-04:00,246.3000030517578,247.5500030517578,245.1999969482422,246.14999389648438,2565.0,0.0,0.0,Feeder Cattle,GF=F
2024-10-02 00:00:00-04:00,246.14999389648438,249.8000030517578,246.14999389648438,249.72500610351562,3021.0,0.0,0.0,Feeder Cattle,GF=F
2024-10-03 00:00:00-04:00,249.5,250.1750030517578,247.6999969482422,248.97500610351562,2455.0,0.0,0.0,Feeder Cattle,GF=F
2024-10-04 00:00:00-04:00,248.97500610351562,249.89999389648438,248.0749969482422,249.625,1744.0,0.0,0.0,Feeder Cattle,GF=F
2024-10-07 00:00:00-04:00,249.85000610351562,250.0500030517578,248.5,248.85000610351562,2880.0,0.0,0.0,Feeder Cattle,GF=F
2024-10-08 00:00:00-04:00,249.14999389648438,250.625,248.52499389648438,250.3249969482422,1567.0,0.0,0.0,Feeder Cattle,GF=F
2024-10-09 00:00:00-04:00,250.8000030517578,250.8000030517578,248.39999389648438,249.27499389648438,1850.0,0.0,0.0,Feeder Cattle,GF=F
2024-10-10 00:00:00-04:00,248.97500610351562,250.47500610351562,248.10000610351562,250.27499389648438,1486.0,0.0,0.0,Feeder Cattle,GF=F
2024-10-11 00:00:00-04:00,250.47500610351562,250.64999389648438,249.5,249.75,1626.0,0.0,0.0,Feeder Cattle,GF=F
2024-10-14 00:00:00-04:00,249.85000610351562,250.6750030517578,248.85000610351562,249.125,1448.0,0.0,0.0,Feeder Cattle,GF=F
2024-10-15 00:00:00-04:00,249.125,249.125,246.27499389648438,246.52499389648438,2400.0,0.0,0.0,Feeder Cattle,GF=F
2024-10-16 00:00:00-04:00,246.3249969482422,247.3000030517578,245.6999969482422,246.10000610351562,1372.0,0.0,0.0,Feeder Cattle,GF=F
2024-10-17 00:00:00-04:00,246.8000030517578,247.9250030517578,245.8000030517578,246.72500610351562,1651.0,0.0,0.0,Feeder Cattle,GF=F
2024-10-18 00:00:00-04:00,247.125,248.875,247.125,248.3249969482422,888.0,0.0,0.0,Feeder Cattle,GF=F
2024-10-21 00:00:00-04:00,247.125,248.875,247.125,247.5749969482422,983.0,0.0,0.0,Feeder Cattle,GF=F
2024-10-22 00:00:00-04:00,248.14999389648438,249.625,247.89999389648438,249.4250030517578,1271.0,0.0,0.0,Feeder Cattle,GF=F
2024-10-23 00:00:00-04:00,248.75,249.85000610351562,248.0500030517578,248.5749969482422,1038.0,0.0,0.0,Feeder Cattle,GF=F
2024-10-24 00:00:00-04:00,248.6999969482422,249.77499389648438,248.39999389648438,249.39999389648438,677.0,0.0,0.0,Feeder Cattle,GF=F
2024-10-25 00:00:00-04:00,249.4499969482422,249.9499969482422,248.5,249.625,1069.0,0.0,0.0,Feeder Cattle,GF=F
2024-10-28 00:00:00-04:00,249.25,250.1999969482422,249.0,250.0749969482422,761.0,0.0,0.0,Feeder Cattle,GF=F
2024-10-29 00:00:00-04:00,250.1999969482422,250.4250030517578,249.6999969482422,250.02499389648438,1043.0,0.0,0.0,Feeder Cattle,GF=F
2024-10-30 00:00:00-04:00,249.72500610351562,250.97500610351562,249.39999389648438,250.9499969482422,889.0,0.0,0.0,Feeder Cattle,GF=F
2024-10-31 00:00:00-04:00,251.3000030517578,252.0500030517578,251.3000030517578,251.97500610351562,3267.0,0.0,0.0,Feeder Cattle,GF=F
2024-11-01 00:00:00-04:00,246.0,247.5,243.64999389648438,246.875,3319.0,0.0,0.0,Feeder Cattle,GF=F
2024-11-04 00:00:00-05:00,246.5,247.0749969482422,245.52499389648438,246.35000610351562,1840.0,0.0,0.0,Feeder Cattle,GF=F
2024-11-05 00:00:00-05:00,246.35000610351562,247.25,245.5,246.14999389648438,1469.0,0.0,0.0,Feeder Cattle,GF=F
2024-11-06 00:00:00-05:00,247.0749969482422,248.9499969482422,246.64999389648438,247.6999969482422,2182.0,0.0,0.0,Feeder Cattle,GF=F
2024-11-07 00:00:00-05:00,247.8000030517578,248.4250030517578,247.0,247.64999389648438,2725.0,0.0,0.0,Feeder Cattle,GF=F
2024-11-08 00:00:00-05:00,246.64999389648438,246.8000030517578,244.5749969482422,245.4250030517578,1970.0,0.0,0.0,Feeder Cattle,GF=F
2024-11-11 00:00:00-05:00,245.60000610351562,246.3000030517578,244.47500610351562,246.14999389648438,1042.0,0.0,0.0,Feeder Cattle,GF=F
2024-11-12 00:00:00-05:00,246.4499969482422,247.25,246.1999969482422,246.8249969482422,1690.0,0.0,0.0,Feeder Cattle,GF=F
2024-11-13 00:00:00-05:00,246.89999389648438,247.125,246.22500610351562,246.47500610351562,1371.0,0.0,0.0,Feeder Cattle,GF=F
2024-11-14 00:00:00-05:00,246.9499969482422,248.0,246.77499389648438,247.625,2494.0,0.0,0.0,Feeder Cattle,GF=F
2024-11-15 00:00:00-05:00,248.125,251.85000610351562,248.0500030517578,251.10000610351562,3232.0,0.0,0.0,Feeder Cattle,GF=F
2024-11-18 00:00:00-05:00,250.875,251.9499969482422,250.5,251.8249969482422,1869.0,0.0,0.0,Feeder Cattle,GF=F
2024-11-19 00:00:00-05:00,252.39999389648438,254.4499969482422,252.1750030517578,254.25,1970.0,0.0,0.0,Feeder Cattle,GF=F
2024-11-20 00:00:00-05:00,254.25,254.9250030517578,253.77499389648438,254.8000030517578,971.0,0.0,0.0,Feeder Cattle,GF=F
2024-11-21 00:00:00-05:00,254.77499389648438,255.3249969482422,254.6999969482422,255.125,6974.0,0.0,0.0,Feeder Cattle,GF=F
2024-11-22 00:00:00-05:00,253.375,255.375,253.14999389648438,254.3000030517578,7003.0,0.0,0.0,Feeder Cattle,GF=F
2024-11-25 00:00:00-05:00,256.54998779296875,259.5249938964844,254.89999389648438,255.47500610351562,12127.0,0.0,0.0,Feeder Cattle,GF=F
2024-11-26 00:00:00-05:00,255.625,259.3500061035156,255.35000610351562,258.1000061035156,7587.0,0.0,0.0,Feeder Cattle,GF=F
2024-11-27 00:00:00-05:00,258.32501220703125,260.0,257.5249938964844,258.7749938964844,6398.0,0.0,0.0,Feeder Cattle,GF=F
2024-11-29 00:00:00-05:00,258.625,260.20001220703125,258.17498779296875,259.4750061035156,4823.0,0.0,0.0,Feeder Cattle,GF=F
2024-12-02 00:00:00-05:00,259.57501220703125,261.20001220703125,255.5749969482422,256.8500061035156,10435.0,0.0,0.0,Feeder Cattle,GF=F
2024-12-03 00:00:00-05:00,257.625,260.6000061035156,257.29998779296875,259.29998779296875,7934.0,0.0,0.0,Feeder Cattle,GF=F
2024-12-04 00:00:00-05:00,259.2749938964844,259.95001220703125,256.625,256.95001220703125,6309.0,0.0,0.0,Feeder Cattle,GF=F
2024-12-05 00:00:00-05:00,257.5,257.9750061035156,254.5500030517578,254.9250030517578,7693.0,0.0,0.0,Feeder Cattle,GF=F
2024-12-06 00:00:00-05:00,255.89999389648438,256.75,255.375,255.8249969482422,9645.0,0.0,0.0,Feeder Cattle,GF=F
2024-12-09 00:00:00-05:00,256.25,257.6499938964844,255.47500610351562,255.8000030517578,7840.0,0.0,0.0,Feeder Cattle,GF=F
2024-12-10 00:00:00-05:00,256.0,258.32501220703125,255.3249969482422,257.32501220703125,9156.0,0.0,0.0,Feeder Cattle,GF=F
2024-12-11 00:00:00-05:00,257.2250061035156,259.25,256.70001220703125,259.04998779296875,8160.0,0.0,0.0,Feeder Cattle,GF=F
2024-12-12 00:00:00-05:00,259.75,260.7250061035156,258.1000061035156,258.3500061035156,7895.0,0.0,0.0,Feeder Cattle,GF=F
2024-12-13 00:00:00-05:00,258.20001220703125,259.0249938964844,256.3500061035156,257.6499938964844,6166.0,0.0,0.0,Feeder Cattle,GF=F
2024-12-16 00:00:00-05:00,257.95001220703125,258.8999938964844,255.125,255.5500030517578,6996.0,0.0,0.0,Feeder Cattle,GF=F
2024-12-17 00:00:00-05:00,255.8000030517578,257.6499938964844,254.89999389648438,257.4750061035156,6475.0,0.0,0.0,Feeder Cattle,GF=F
2024-12-18 00:00:00-05:00,257.3999938964844,258.3500061035156,256.04998779296875,257.0,4523.0,0.0,0.0,Feeder Cattle,GF=F
2024-12-19 00:00:00-05:00,256.25,256.32501220703125,253.8000030517578,254.47500610351562,7274.0,0.0,0.0,Feeder Cattle,GF=F
2024-12-20 00:00:00-05:00,254.5,256.125,253.89999389648438,255.60000610351562,4331.0,0.0,0.0,Feeder Cattle,GF=F
2024-12-23 00:00:00-05:00,256.54998779296875,257.1499938964844,255.39999389648438,256.6000061035156,4915.0,0.0,0.0,Feeder Cattle,GF=F
2024-12-24 00:00:00-05:00,256.9750061035156,257.79998779296875,255.75,255.85000610351562,2180.0,0.0,0.0,Feeder Cattle,GF=F
2024-12-26 00:00:00-05:00,256.1499938964844,259.92498779296875,256.1499938964844,259.29998779296875,5007.0,0.0,0.0,Feeder Cattle,GF=F
2024-12-27 00:00:00-05:00,258.7749938964844,261.8500061035156,258.7749938964844,261.375,4275.0,0.0,0.0,Feeder Cattle,GF=F
2024-12-30 00:00:00-05:00,260.7250061035156,262.20001220703125,259.8999938964844,261.625,2951.0,0.0,0.0,Feeder Cattle,GF=F
2024-12-31 00:00:00-05:00,261.57501220703125,263.375,261.25,263.0249938964844,2451.0,0.0,0.0,Feeder Cattle,GF=F
2025-01-02 00:00:00-05:00,263.2250061035156,267.1499938964844,263.0,266.4750061035156,3622.0,0.0,0.0,Feeder Cattle,GF=F
2025-01-03 00:00:00-05:00,266.82501220703125,267.875,263.7250061035156,264.82501220703125,2973.0,0.0,0.0,Feeder Cattle,GF=F
2025-01-06 00:00:00-05:00,265.7749938964844,267.1000061035156,265.25,266.29998779296875,3494.0,0.0,0.0,Feeder Cattle,GF=F
2025-01-07 00:00:00-05:00,267.07501220703125,269.3500061035156,266.0249938964844,268.3999938964844,3229.0,0.0,0.0,Feeder Cattle,GF=F
2025-01-08 00:00:00-05:00,268.54998779296875,269.3500061035156,264.5249938964844,265.57501220703125,3650.0,0.0,0.0,Feeder Cattle,GF=F
2025-01-09 00:00:00-05:00,267.2749938964844,269.92498779296875,267.07501220703125,269.2250061035156,2220.0,0.0,0.0,Feeder Cattle,GF=F
2025-01-10 00:00:00-05:00,270.875,272.625,270.42498779296875,272.3500061035156,2220.0,0.0,0.0,Feeder Cattle,GF=F
2024-09-20 00:00:00-04:00,168.60000610351562,168.60000610351562,162.39999389648438,162.39999389648438,0.0,0.0,0.0,Rubber,TRB=F
2024-09-23 00:00:00-04:00,157.25,157.25,157.0500030517578,157.0500030517578,0.0,0.0,0.0,Rubber,TRB=F
2024-09-24 00:00:00-04:00,154.60000610351562,155.4499969482422,154.60000610351562,155.4499969482422,0.0,0.0,0.0,Rubber,TRB=F
2024-09-25 00:00:00-04:00,156.6999969482422,156.6999969482422,153.10000610351562,153.10000610351562,0.0,0.0,0.0,Rubber,TRB=F
2024-09-26 00:00:00-04:00,154.35000610351562,154.35000610351562,150.64999389648438,150.64999389648438,0.0,0.0,0.0,Rubber,TRB=F
2024-09-27 00:00:00-04:00,161.5,161.5,148.5,148.5,0.0,0.0,0.0,Rubber,TRB=F
2024-09-30 00:00:00-04:00,137.60000610351562,143.89999389648438,137.60000610351562,143.89999389648438,0.0,0.0,0.0,Rubber,TRB=F
2024-10-01 00:00:00-04:00,140.3000030517578,141.5500030517578,140.3000030517578,141.5500030517578,0.0,0.0,0.0,Rubber,TRB=F
2024-10-02 00:00:00-04:00,143.5,143.5,139.4499969482422,139.4499969482422,0.0,0.0,0.0,Rubber,TRB=F
2024-10-03 00:00:00-04:00,132.60000610351562,137.14999389648438,132.60000610351562,137.14999389648438,0.0,0.0,0.0,Rubber,TRB=F
2024-10-04 00:00:00-04:00,136.64999389648438,136.64999389648438,136.25,136.25,0.0,0.0,0.0,Rubber,TRB=F
2024-10-07 00:00:00-04:00,129.60000610351562,131.0,129.60000610351562,131.0,0.0,0.0,0.0,Rubber,TRB=F
2024-10-08 00:00:00-04:00,128.14999389648438,131.6999969482422,128.14999389648438,131.6999969482422,0.0,0.0,0.0,Rubber,TRB=F
2024-10-09 00:00:00-04:00,122.1500015258789,130.1999969482422,122.1500015258789,130.1999969482422,0.0,0.0,0.0,Rubber,TRB=F
2024-10-10 00:00:00-04:00,129.39999389648438,129.39999389648438,128.0500030517578,128.0500030517578,0.0,0.0,0.0,Rubber,TRB=F
2024-10-11 00:00:00-04:00,130.64999389648438,130.64999389648438,126.94999694824219,126.94999694824219,0.0,0.0,0.0,Rubber,TRB=F
2024-10-14 00:00:00-04:00,115.5999984741211,122.3499984741211,115.5999984741211,122.3499984741211,0.0,0.0,0.0,Rubber,TRB=F
2024-10-15 00:00:00-04:00,121.55000305175781,121.55000305175781,119.69999694824219,119.69999694824219,0.0,0.0,0.0,Rubber,TRB=F
2024-10-16 00:00:00-04:00,125.75,125.75,118.05000305175781,118.05000305175781,0.0,0.0,0.0,Rubber,TRB=F
2024-10-17 00:00:00-04:00,117.3499984741211,117.3499984741211,115.5999984741211,115.5999984741211,0.0,0.0,0.0,Rubber,TRB=F
2024-10-18 00:00:00-04:00,118.05000305175781,118.05000305175781,114.8499984741211,114.8499984741211,0.0,0.0,0.0,Rubber,TRB=F
2024-10-21 00:00:00-04:00,98.05000305175781,108.8499984741211,98.05000305175781,108.8499984741211,0.0,0.0,0.0,Rubber,TRB=F
2024-10-22 00:00:00-04:00,111.1500015258789,111.1500015258789,107.30000305175781,107.30000305175781,0.0,0.0,0.0,Rubber,TRB=F
2024-10-23 00:00:00-04:00,108.80000305175781,108.80000305175781,104.25,104.25,0.0,0.0,0.0,Rubber,TRB=F
2024-10-24 00:00:00-04:00,120.4000015258789,120.4000015258789,102.5999984741211,102.5999984741211,0.0,0.0,0.0,Rubber,TRB=F
2024-10-25 00:00:00-04:00,98.25,100.55000305175781,98.25,100.55000305175781,0.0,0.0,0.0,Rubber,TRB=F
2024-10-28 00:00:00-04:00,87.25,94.94999694824219,87.25,94.94999694824219,0.0,0.0,0.0,Rubber,TRB=F
2024-10-29 00:00:00-04:00,93.5999984741211,93.5999984741211,93.3499984741211,93.3499984741211,0.0,0.0,0.0,Rubber,TRB=F
2024-10-30 00:00:00-04:00,89.0,90.9000015258789,89.0,90.9000015258789,0.0,0.0,0.0,Rubber,TRB=F
2024-10-31 00:00:00-04:00,97.6500015258789,97.6500015258789,87.19999694824219,87.19999694824219,0.0,0.0,0.0,Rubber,TRB=F
2024-11-01 00:00:00-04:00,101.9000015258789,101.9000015258789,85.8499984741211,85.8499984741211,0.0,0.0,0.0,Rubber,TRB=F
2024-11-04 00:00:00-05:00,79.8499984741211,79.8499984741211,79.8499984741211,79.8499984741211,0.0,0.0,0.0,Rubber,TRB=F
2024-11-05 00:00:00-05:00,78.80000305175781,78.80000305175781,78.80000305175781,78.80000305175781,0.0,0.0,0.0,Rubber,TRB=F
2024-11-06 00:00:00-05:00,78.80000305175781,78.80000305175781,78.80000305175781,78.80000305175781,0.0,0.0,0.0,Rubber,TRB=F
2024-11-07 00:00:00-05:00,77.55000305175781,77.55000305175781,77.55000305175781,77.55000305175781,0.0,0.0,0.0,Rubber,TRB=F
2024-11-08 00:00:00-05:00,75.80000305175781,75.80000305175781,75.80000305175781,75.80000305175781,0.0,0.0,0.0,Rubber,TRB=F
2024-11-11 00:00:00-05:00,70.3499984741211,70.3499984741211,70.3499984741211,70.3499984741211,0.0,0.0,0.0,Rubber,TRB=F
2024-11-12 00:00:00-05:00,68.30000305175781,68.30000305175781,68.30000305175781,68.30000305175781,0.0,0.0,0.0,Rubber,TRB=F
2024-11-13 00:00:00-05:00,67.1500015258789,67.1500015258789,67.1500015258789,67.1500015258789,0.0,0.0,0.0,Rubber,TRB=F
2024-11-14 00:00:00-05:00,63.849998474121094,63.849998474121094,63.849998474121094,63.849998474121094,0.0,0.0,0.0,Rubber,TRB=F
2024-11-15 00:00:00-05:00,60.95000076293945,60.95000076293945,60.95000076293945,60.95000076293945,0.0,0.0,0.0,Rubber,TRB=F
2024-11-18 00:00:00-05:00,56.54999923706055,56.54999923706055,56.54999923706055,56.54999923706055,0.0,0.0,0.0,Rubber,TRB=F
2024-11-19 00:00:00-05:00,54.900001525878906,54.900001525878906,54.900001525878906,54.900001525878906,0.0,0.0,0.0,Rubber,TRB=F
2024-11-20 00:00:00-05:00,52.849998474121094,52.849998474121094,52.849998474121094,52.849998474121094,0.0,0.0,0.0,Rubber,TRB=F
2024-11-21 00:00:00-05:00,51.5,51.5,51.5,51.5,0.0,0.0,0.0,Rubber,TRB=F
2024-11-22 00:00:00-05:00,49.849998474121094,49.849998474121094,49.849998474121094,49.849998474121094,0.0,0.0,0.0,Rubber,TRB=F
2024-11-25 00:00:00-05:00,44.599998474121094,44.599998474121094,44.599998474121094,44.599998474121094,0.0,0.0,0.0,Rubber,TRB=F
2024-11-26 00:00:00-05:00,43.20000076293945,43.20000076293945,43.20000076293945,43.20000076293945,0.0,0.0,0.0,Rubber,TRB=F
2024-11-27 00:00:00-05:00,41.099998474121094,41.099998474121094,41.099998474121094,41.099998474121094,0.0,0.0,0.0,Rubber,TRB=F
2024-11-29 00:00:00-05:00,37.099998474121094,37.099998474121094,37.099998474121094,37.099998474121094,0.0,0.0,0.0,Rubber,TRB=F
2024-12-02 00:00:00-05:00,31.549999237060547,31.549999237060547,31.549999237060547,31.549999237060547,0.0,0.0,0.0,Rubber,TRB=F
2024-12-03 00:00:00-05:00,30.299999237060547,30.299999237060547,30.299999237060547,30.299999237060547,0.0,0.0,0.0,Rubber,TRB=F
2024-12-04 00:00:00-05:00,28.299999237060547,28.299999237060547,28.299999237060547,28.299999237060547,0.0,0.0,0.0,Rubber,TRB=F
2024-12-05 00:00:00-05:00,26.149999618530273,26.149999618530273,26.149999618530273,26.149999618530273,0.0,0.0,0.0,Rubber,TRB=F
2024-12-06 00:00:00-05:00,24.799999237060547,24.799999237060547,24.799999237060547,24.799999237060547,0.0,0.0,0.0,Rubber,TRB=F
2024-12-09 00:00:00-05:00,18.549999237060547,18.549999237060547,18.549999237060547,18.549999237060547,0.0,0.0,0.0,Rubber,TRB=F
2024-12-10 00:00:00-05:00,16.700000762939453,16.700000762939453,16.700000762939453,16.700000762939453,0.0,0.0,0.0,Rubber,TRB=F
2024-12-11 00:00:00-05:00,16.25,16.25,16.25,16.25,0.0,0.0,0.0,Rubber,TRB=F
2024-12-12 00:00:00-05:00,14.199999809265137,14.199999809265137,14.199999809265137,14.199999809265137,0.0,0.0,0.0,Rubber,TRB=F
2024-12-13 00:00:00-05:00,12.399999618530273,12.399999618530273,12.399999618530273,12.399999618530273,0.0,0.0,0.0,Rubber,TRB=F
2024-12-16 00:00:00-05:00,7.099999904632568,7.099999904632568,7.099999904632568,7.099999904632568,0.0,0.0,0.0,Rubber,TRB=F
2024-12-17 00:00:00-05:00,5.300000190734863,5.300000190734863,5.300000190734863,5.300000190734863,0.0,0.0,0.0,Rubber,TRB=F
2024-12-18 00:00:00-05:00,3.0,3.0,3.0,3.0,0.0,0.0,0.0,Rubber,TRB=F
2024-12-19 00:00:00-05:00,2.0,2.0,2.0,2.0,0.0,0.0,0.0,Rubber,TRB=F
2024-01-03 00:00:00-05:00,45500.0,46015.0,41110.0,43080.0,14998.0,0.0,0.0,Bitcoin Futures,BTC=F
2024-01-04 00:00:00-05:00,43285.0,45425.0,43005.0,44630.0,8081.0,0.0,0.0,Bitcoin Futures,BTC=F
2024-01-05 00:00:00-05:00,44845.0,44870.0,43160.0,44385.0,6448.0,0.0,0.0,Bitcoin Futures,BTC=F
2024-01-08 00:00:00-05:00,44300.0,47800.0,43490.0,47305.0,13422.0,0.0,0.0,Bitcoin Futures,BTC=F
2024-01-09 00:00:00-05:00,47495.0,48500.0,45270.0,47045.0,13488.0,0.0,0.0,Bitcoin Futures,BTC=F
2024-01-10 00:00:00-05:00,46405.0,47075.0,44505.0,46325.0,18562.0,0.0,0.0,Bitcoin Futures,BTC=F
2024-01-11 00:00:00-05:00,47080.0,49435.0,45700.0,46350.0,26661.0,0.0,0.0,Bitcoin Futures,BTC=F
2024-01-12 00:00:00-05:00,46505.0,46685.0,43165.0,43690.0,19477.0,0.0,0.0,Bitcoin Futures,BTC=F
2024-01-16 00:00:00-05:00,42365.0,43675.0,41705.0,43295.0,14369.0,0.0,0.0,Bitcoin Futures,BTC=F
2024-01-17 00:00:00-05:00,43370.0,43405.0,42215.0,42810.0,7598.0,0.0,0.0,Bitcoin Futures,BTC=F
2024-01-18 00:00:00-05:00,42745.0,42945.0,40590.0,40880.0,13037.0,0.0,0.0,Bitcoin Futures,BTC=F
2024-01-19 00:00:00-05:00,41300.0,42165.0,40300.0,41585.0,11085.0,0.0,0.0,Bitcoin Futures,BTC=F
2024-01-22 00:00:00-05:00,41600.0,41665.0,39345.0,40180.0,13318.0,0.0,0.0,Bitcoin Futures,BTC=F
2024-01-23 00:00:00-05:00,39755.0,40170.0,38540.0,39235.0,12701.0,0.0,0.0,Bitcoin Futures,BTC=F
2024-01-24 00:00:00-05:00,39450.0,40540.0,39450.0,39700.0,11877.0,0.0,0.0,Bitcoin Futures,BTC=F
2024-01-25 00:00:00-05:00,39945.0,40315.0,39545.0,39750.0,7377.0,0.0,0.0,Bitcoin Futures,BTC=F
2024-01-26 00:00:00-05:00,39970.0,41565.0,39840.0,41327.19140625,9966.0,0.0,0.0,Bitcoin Futures,BTC=F
2024-01-29 00:00:00-05:00,42190.0,43665.0,42040.0,43530.0,7389.0,0.0,0.0,Bitcoin Futures,BTC=F
2024-01-30 00:00:00-05:00,43445.0,44255.0,43435.0,43890.0,7256.0,0.0,0.0,Bitcoin Futures,BTC=F
2024-01-31 00:00:00-05:00,43705.0,44120.0,42575.0,42815.0,7804.0,0.0,0.0,Bitcoin Futures,BTC=F
2024-02-01 00:00:00-05:00,42930.0,43600.0,42100.0,43275.0,6568.0,0.0,0.0,Bitcoin Futures,BTC=F
2024-02-02 00:00:00-05:00,43215.0,43785.0,42810.0,43185.0,4777.0,0.0,0.0,Bitcoin Futures,BTC=F
2024-02-05 00:00:00-05:00,42790.0,43810.0,42340.0,42555.0,6737.0,0.0,0.0,Bitcoin Futures,BTC=F
2024-02-06 00:00:00-05:00,42695.0,43645.0,42590.0,43305.0,4921.0,0.0,0.0,Bitcoin Futures,BTC=F
2024-02-07 00:00:00-05:00,43470.0,44695.0,42930.0,44410.0,7443.0,0.0,0.0,Bitcoin Futures,BTC=F
2024-02-08 00:00:00-05:00,44410.0,45885.0,44410.0,45750.0,8758.0,0.0,0.0,Bitcoin Futures,BTC=F
2024-02-09 00:00:00-05:00,45535.0,48505.0,45535.0,47770.0,11047.0,0.0,0.0,Bitcoin Futures,BTC=F
2024-02-12 00:00:00-05:00,48460.0,50675.0,47950.0,50465.0,9063.0,0.0,0.0,Bitcoin Futures,BTC=F
2024-02-13 00:00:00-05:00,50285.0,50730.0,48600.0,49640.0,9230.0,0.0,0.0,Bitcoin Futures,BTC=F
2024-02-14 00:00:00-05:00,49650.0,52390.0,49535.0,51990.0,10316.0,0.0,0.0,Bitcoin Futures,BTC=F
2024-02-15 00:00:00-05:00,52165.0,53145.0,51605.0,51955.0,9406.0,0.0,0.0,Bitcoin Futures,BTC=F
2024-02-16 00:00:00-05:00,51825.0,52855.0,51825.0,52025.0,8909.0,0.0,0.0,Bitcoin Futures,BTC=F
2024-02-20 00:00:00-05:00,52425.0,53200.0,50830.0,52090.0,16703.0,0.0,0.0,Bitcoin Futures,BTC=F
2024-02-21 00:00:00-05:00,52330.0,52670.0,50630.0,50955.0,12760.0,0.0,0.0,Bitcoin Futures,BTC=F
2024-02-22 00:00:00-05:00,51495.0,52175.0,50935.0,52040.0,9292.0,0.0,0.0,Bitcoin Futures,BTC=F
2024-02-23 00:00:00-05:00,51430.0,51465.0,50760.0,50958.01171875,5157.0,0.0,0.0,Bitcoin Futures,BTC=F
2024-02-26 00:00:00-05:00,52320.0,55740.0,51460.0,55290.0,11813.0,0.0,0.0,Bitcoin Futures,BTC=F
2024-02-27 00:00:00-05:00,55430.0,58335.0,55250.0,57620.0,13225.0,0.0,0.0,Bitcoin Futures,BTC=F
2024-02-28 00:00:00-05:00,57700.0,64990.0,57350.0,60870.0,24495.0,0.0,0.0,Bitcoin Futures,BTC=F
2024-02-29 00:00:00-05:00,61940.0,64325.0,60975.0,62760.0,18024.0,0.0,0.0,Bitcoin Futures,BTC=F
2024-03-01 00:00:00-05:00,62005.0,64065.0,61490.0,63825.0,10098.0,0.0,0.0,Bitcoin Futures,BTC=F
2024-03-04 00:00:00-05:00,63760.0,68765.0,63055.0,68480.0,14722.0,0.0,0.0,Bitcoin Futures,BTC=F
2024-03-05 00:00:00-05:00,68665.0,70195.0,60120.0,62425.0,24388.0,0.0,0.0,Bitcoin Futures,BTC=F
2024-03-06 00:00:00-05:00,63935.0,68200.0,63385.0,67760.0,13346.0,0.0,0.0,Bitcoin Futures,BTC=F
2024-03-07 00:00:00-05:00,66855.0,68840.0,66060.0,68365.0,8061.0,0.0,0.0,Bitcoin Futures,BTC=F
2024-03-08 00:00:00-05:00,68015.0,71055.0,66755.0,69805.0,11249.0,0.0,0.0,Bitcoin Futures,BTC=F
2024-03-11 00:00:00-04:00,69660.0,73550.0,67550.0,72660.0,12897.0,0.0,0.0,Bitcoin Futures,BTC=F
2024-03-12 00:00:00-04:00,73100.0,73775.0,69125.0,71800.0,13572.0,0.0,0.0,Bitcoin Futures,BTC=F
2024-03-13 00:00:00-04:00,71370.0,74365.0,71210.0,73915.0,7789.0,0.0,0.0,Bitcoin Futures,BTC=F
2024-03-14 00:00:00-04:00,73800.0,74415.0,68805.0,69600.0,12636.0,0.0,0.0,Bitcoin Futures,BTC=F
2024-03-15 00:00:00-04:00,71055.0,72870.0,66125.0,69165.0,15859.0,0.0,0.0,Bitcoin Futures,BTC=F
2024-03-18 00:00:00-04:00,68480.0,69275.0,66830.0,67180.0,8669.0,0.0,0.0,Bitcoin Futures,BTC=F
2024-03-19 00:00:00-04:00,67755.0,68385.0,62485.0,64595.0,13848.0,0.0,0.0,Bitcoin Futures,BTC=F
2024-03-20 00:00:00-04:00,64130.0,68020.0,61020.0,65990.0,13914.0,0.0,0.0,Bitcoin Futures,BTC=F
2024-03-21 00:00:00-04:00,67990.0,68400.0,64600.0,65415.0,12956.0,0.0,0.0,Bitcoin Futures,BTC=F
2024-03-22 00:00:00-04:00,65710.0,66750.0,62655.0,63975.0,11341.0,0.0,0.0,Bitcoin Futures,BTC=F
2024-03-25 00:00:00-04:00,66505.0,71425.0,66390.0,71130.0,17480.0,0.0,0.0,Bitcoin Futures,BTC=F
2024-03-26 00:00:00-04:00,70095.0,71595.0,69330.0,69440.0,13919.0,0.0,0.0,Bitcoin Futures,BTC=F
2024-03-27 00:00:00-04:00,69915.0,71765.0,68305.0,68635.0,10711.0,0.0,0.0,Bitcoin Futures,BTC=F
2024-03-28 00:00:00-04:00,68860.0,71570.0,68840.0,71296.171875,7625.0,0.0,0.0,Bitcoin Futures,BTC=F
2024-04-01 00:00:00-04:00,71500.0,72230.0,68590.0,70380.0,8077.0,0.0,0.0,Bitcoin Futures,BTC=F
2024-04-02 00:00:00-04:00,70340.0,70555.0,65000.0,66550.0,10550.0,0.0,0.0,Bitcoin Futures,BTC=F
2024-04-03 00:00:00-04:00,65865.0,67455.0,64910.0,66305.0,6321.0,0.0,0.0,Bitcoin Futures,BTC=F
2024-04-04 00:00:00-04:00,66250.0,69910.0,65425.0,68840.0,9226.0,0.0,0.0,Bitcoin Futures,BTC=F
2024-04-05 00:00:00-04:00,68230.0,69160.0,66300.0,67755.0,7986.0,0.0,0.0,Bitcoin Futures,BTC=F
2024-04-08 00:00:00-04:00,69105.0,73380.0,69080.0,72110.0,10264.0,0.0,0.0,Bitcoin Futures,BTC=F
2024-04-09 00:00:00-04:00,72185.0,72455.0,68545.0,69355.0,9476.0,0.0,0.0,Bitcoin Futures,BTC=F
2024-04-10 00:00:00-04:00,69565.0,70560.0,67770.0,70410.0,10230.0,0.0,0.0,Bitcoin Futures,BTC=F
2024-04-11 00:00:00-04:00,70460.0,71770.0,69850.0,70800.0,7179.0,0.0,0.0,Bitcoin Futures,BTC=F
2024-04-12 00:00:00-04:00,70570.0,71805.0,65375.0,67170.0,14415.0,0.0,0.0,Bitcoin Futures,BTC=F
2024-04-15 00:00:00-04:00,64100.0,67215.0,62560.0,63560.0,15198.0,0.0,0.0,Bitcoin Futures,BTC=F
2024-04-16 00:00:00-04:00,63560.0,64085.0,61895.0,62920.0,9645.0,0.0,0.0,Bitcoin Futures,BTC=F
2024-04-17 00:00:00-04:00,64125.0,64665.0,59705.0,61130.0,15392.0,0.0,0.0,Bitcoin Futures,BTC=F
2024-04-18 00:00:00-04:00,61425.0,64390.0,61005.0,63660.0,12012.0,0.0,0.0,Bitcoin Futures,BTC=F
2024-04-19 00:00:00-04:00,63680.0,65640.0,59635.0,64355.0,12735.0,0.0,0.0,Bitcoin Futures,BTC=F
2024-04-22 00:00:00-04:00,64695.0,66945.0,64495.0,66610.0,10176.0,0.0,0.0,Bitcoin Futures,BTC=F
2024-04-23 00:00:00-04:00,66690.0,67340.0,65795.0,66435.0,9402.0,0.0,0.0,Bitcoin Futures,BTC=F
2024-04-24 00:00:00-04:00,66335.0,67120.0,63435.0,63880.0,12369.0,0.0,0.0,Bitcoin Futures,BTC=F
2024-04-25 00:00:00-04:00,64240.0,65015.0,62770.0,64700.0,9830.0,0.0,0.0,Bitcoin Futures,BTC=F
2024-04-26 00:00:00-04:00,64740.0,64760.0,63645.0,64302.05078125,5338.0,0.0,0.0,Bitcoin Futures,BTC=F
2024-04-29 00:00:00-04:00,64620.0,64620.0,62135.0,63450.0,6714.0,0.0,0.0,Bitcoin Futures,BTC=F
2024-04-30 00:00:00-04:00,63645.0,65335.0,59300.0,59400.0,12130.0,0.0,0.0,Bitcoin Futures,BTC=F
2024-05-01 00:00:00-04:00,60345.0,61150.0,56910.0,57355.0,12640.0,0.0,0.0,Bitcoin Futures,BTC=F
2024-05-02 00:00:00-04:00,58340.0,60070.0,57265.0,59765.0,7940.0,0.0,0.0,Bitcoin Futures,BTC=F
2024-05-03 00:00:00-04:00,59565.0,63660.0,59265.0,62590.0,8896.0,0.0,0.0,Bitcoin Futures,BTC=F
2024-05-06 00:00:00-04:00,64185.0,66015.0,63075.0,63585.0,6195.0,0.0,0.0,Bitcoin Futures,BTC=F
2024-05-07 00:00:00-04:00,63905.0,64835.0,63160.0,63365.0,3917.0,0.0,0.0,Bitcoin Futures,BTC=F
2024-05-08 00:00:00-04:00,63305.0,63445.0,61725.0,62460.0,4441.0,0.0,0.0,Bitcoin Futures,BTC=F
2024-05-09 00:00:00-04:00,62110.0,63120.0,60875.0,62840.0,4727.0,0.0,0.0,Bitcoin Futures,BTC=F
2024-05-10 00:00:00-04:00,62980.0,63890.0,60425.0,60950.0,9605.0,0.0,0.0,Bitcoin Futures,BTC=F
2024-05-13 00:00:00-04:00,61465.0,63855.0,61045.0,63480.0,8495.0,0.0,0.0,Bitcoin Futures,BTC=F
2024-05-14 00:00:00-04:00,63295.0,63485.0,61350.0,61835.0,5849.0,0.0,0.0,Bitcoin Futures,BTC=F
2024-05-15 00:00:00-04:00,61925.0,66870.0,61540.0,66495.0,12434.0,0.0,0.0,Bitcoin Futures,BTC=F
2024-05-16 00:00:00-04:00,66390.0,67135.0,64890.0,65445.0,6307.0,0.0,0.0,Bitcoin Futures,BTC=F
2024-05-17 00:00:00-04:00,65815.0,67865.0,65345.0,67365.0,7980.0,0.0,0.0,Bitcoin Futures,BTC=F
2024-05-20 00:00:00-04:00,66525.0,70805.0,66300.0,70435.0,9663.0,0.0,0.0,Bitcoin Futures,BTC=F
2024-05-21 00:00:00-04:00,70115.0,72360.0,69420.0,69500.0,11094.0,0.0,0.0,Bitcoin Futures,BTC=F
2024-05-22 00:00:00-04:00,70060.0,71010.0,69410.0,69815.0,6283.0,0.0,0.0,Bitcoin Futures,BTC=F
2024-05-23 00:00:00-04:00,69795.0,70370.0,66400.0,67205.0,10274.0,0.0,0.0,Bitcoin Futures,BTC=F
2024-05-24 00:00:00-04:00,68100.0,69585.0,66730.0,69475.0,9374.0,0.0,0.0,Bitcoin Futures,BTC=F
2024-05-28 00:00:00-04:00,68735.0,70855.0,67250.0,68455.0,15960.0,0.0,0.0,Bitcoin Futures,BTC=F
2024-05-29 00:00:00-04:00,68420.0,68965.0,67080.0,67185.0,7983.0,0.0,0.0,Bitcoin Futures,BTC=F
2024-05-30 00:00:00-04:00,67510.0,69670.0,67110.0,68675.0,10686.0,0.0,0.0,Bitcoin Futures,BTC=F
2024-05-31 00:00:00-04:00,68330.0,69010.0,67570.0,67633.7265625,7435.0,0.0,0.0,Bitcoin Futures,BTC=F
2024-06-03 00:00:00-04:00,68200.0,70975.0,68070.0,69660.0,9361.0,0.0,0.0,Bitcoin Futures,BTC=F
2024-06-04 00:00:00-04:00,69560.0,71770.0,68965.0,71085.0,8788.0,0.0,0.0,Bitcoin Futures,BTC=F
2024-06-05 00:00:00-04:00,71155.0,72455.0,70840.0,71890.0,6981.0,0.0,0.0,Bitcoin Futures,BTC=F
2024-06-06 00:00:00-04:00,71840.0,72265.0,70515.0,70960.0,5012.0,0.0,0.0,Bitcoin Futures,BTC=F
2024-06-07 00:00:00-04:00,71260.0,72660.0,68595.0,69755.0,11270.0,0.0,0.0,Bitcoin Futures,BTC=F
2024-06-10 00:00:00-04:00,69995.0,70655.0,69480.0,69875.0,4482.0,0.0,0.0,Bitcoin Futures,BTC=F
2024-06-11 00:00:00-04:00,69775.0,69895.0,66335.0,67735.0,10980.0,0.0,0.0,Bitcoin Futures,BTC=F
2024-06-12 00:00:00-04:00,67710.0,70480.0,67220.0,67875.0,10968.0,0.0,0.0,Bitcoin Futures,BTC=F
2024-06-13 00:00:00-04:00,68855.0,68855.0,66395.0,66860.0,7277.0,0.0,0.0,Bitcoin Futures,BTC=F
2024-06-14 00:00:00-04:00,67260.0,67655.0,65200.0,65640.0,6556.0,0.0,0.0,Bitcoin Futures,BTC=F
2024-06-17 00:00:00-04:00,66350.0,67525.0,65180.0,66865.0,7918.0,0.0,0.0,Bitcoin Futures,BTC=F
2024-06-18 00:00:00-04:00,66695.0,66920.0,64080.0,64475.0,9773.0,0.0,0.0,Bitcoin Futures,BTC=F
2024-06-20 00:00:00-04:00,65190.0,66675.0,64595.0,65100.0,9083.0,0.0,0.0,Bitcoin Futures,BTC=F
2024-06-21 00:00:00-04:00,65185.0,65260.0,63395.0,64260.0,9351.0,0.0,0.0,Bitcoin Futures,BTC=F
2024-06-24 00:00:00-04:00,64005.0,64005.0,58410.0,59145.0,15686.0,0.0,0.0,Bitcoin Futures,BTC=F
2024-06-25 00:00:00-04:00,59950.0,62460.0,59890.0,62055.0,13612.0,0.0,0.0,Bitcoin Futures,BTC=F
2024-06-26 00:00:00-04:00,61995.0,62495.0,60690.0,60940.0,9045.0,0.0,0.0,Bitcoin Futures,BTC=F
2024-06-27 00:00:00-04:00,61000.0,62415.0,60605.0,61365.0,6717.0,0.0,0.0,Bitcoin Futures,BTC=F
2024-06-28 00:00:00-04:00,61415.0,62210.0,60895.0,61024.23046875,8336.0,0.0,0.0,Bitcoin Futures,BTC=F
2024-07-01 00:00:00-04:00,62085.0,64335.0,62085.0,63695.0,9316.0,0.0,0.0,Bitcoin Futures,BTC=F
2024-07-02 00:00:00-04:00,63535.0,63630.0,62035.0,62185.0,6486.0,0.0,0.0,Bitcoin Futures,BTC=F
2024-07-03 00:00:00-04:00,62275.0,62510.0,59740.0,59825.0,7862.0,0.0,0.0,Bitcoin Futures,BTC=F
2024-07-05 00:00:00-04:00,60300.0,60635.0,53635.0,56685.0,18530.0,0.0,0.0,Bitcoin Futures,BTC=F
2024-07-08 00:00:00-04:00,56850.0,58525.0,54580.0,56755.0,10642.0,0.0,0.0,Bitcoin Futures,BTC=F
2024-07-09 00:00:00-04:00,56825.0,58570.0,56540.0,58160.0,7065.0,0.0,0.0,Bitcoin Futures,BTC=F
2024-07-10 00:00:00-04:00,58120.0,59740.0,57365.0,57625.0,6654.0,0.0,0.0,Bitcoin Futures,BTC=F
2024-07-11 00:00:00-04:00,57685.0,59895.0,57235.0,57580.0,7909.0,0.0,0.0,Bitcoin Futures,BTC=F
2024-07-12 00:00:00-04:00,57565.0,58790.0,56685.0,57845.0,6811.0,0.0,0.0,Bitcoin Futures,BTC=F
2024-07-15 00:00:00-04:00,60985.0,64210.0,60845.0,63700.0,13383.0,0.0,0.0,Bitcoin Futures,BTC=F
2024-07-16 00:00:00-04:00,63845.0,65505.0,62680.0,65450.0,11092.0,0.0,0.0,Bitcoin Futures,BTC=F
2024-07-17 00:00:00-04:00,64805.0,66295.0,64015.0,64730.0,8505.0,0.0,0.0,Bitcoin Futures,BTC=F
2024-07-18 00:00:00-04:00,64540.0,65390.0,63340.0,63650.0,7890.0,0.0,0.0,Bitcoin Futures,BTC=F
2024-07-19 00:00:00-04:00,64045.0,67740.0,63430.0,67480.0,17385.0,0.0,0.0,Bitcoin Futures,BTC=F
2024-07-22 00:00:00-04:00,68655.0,68655.0,66670.0,68340.0,13300.0,0.0,0.0,Bitcoin Futures,BTC=F
2024-07-23 00:00:00-04:00,68095.0,68135.0,65495.0,65565.0,12316.0,0.0,0.0,Bitcoin Futures,BTC=F
2024-07-24 00:00:00-04:00,65895.0,67230.0,65535.0,65700.0,10505.0,0.0,0.0,Bitcoin Futures,BTC=F
2024-07-25 00:00:00-04:00,65740.0,65770.0,63440.0,64695.0,8955.0,0.0,0.0,Bitcoin Futures,BTC=F
2024-07-26 00:00:00-04:00,65700.0,68010.0,65620.0,67414.7890625,8446.0,0.0,0.0,Bitcoin Futures,BTC=F
2024-07-29 00:00:00-04:00,68930.0,70825.0,67035.0,67860.0,12489.0,0.0,0.0,Bitcoin Futures,BTC=F
2024-07-30 00:00:00-04:00,67970.0,68135.0,65800.0,66385.0,8097.0,0.0,0.0,Bitcoin Futures,BTC=F
2024-07-31 00:00:00-04:00,66835.0,67360.0,65030.0,65685.0,7240.0,0.0,0.0,Bitcoin Futures,BTC=F
2024-08-01 00:00:00-04:00,65365.0,65720.0,62615.0,63790.0,11015.0,0.0,0.0,Bitcoin Futures,BTC=F
2024-08-02 00:00:00-04:00,65200.0,66065.0,62470.0,62945.0,11759.0,0.0,0.0,Bitcoin Futures,BTC=F
2024-08-05 00:00:00-04:00,58885.0,59445.0,49365.0,53770.0,30884.0,0.0,0.0,Bitcoin Futures,BTC=F
2024-08-06 00:00:00-04:00,54705.0,57420.0,54230.0,57145.0,11490.0,0.0,0.0,Bitcoin Futures,BTC=F
2024-08-07 00:00:00-04:00,56805.0,58030.0,54870.0,55000.0,9708.0,0.0,0.0,Bitcoin Futures,BTC=F
2024-08-08 00:00:00-04:00,55635.0,60240.0,54790.0,59695.0,11456.0,0.0,0.0,Bitcoin Futures,BTC=F
2024-08-09 00:00:00-04:00,60620.0,62970.0,59810.0,60990.0,8408.0,0.0,0.0,Bitcoin Futures,BTC=F
2024-08-12 00:00:00-04:00,59250.0,60910.0,57945.0,59200.0,8516.0,0.0,0.0,Bitcoin Futures,BTC=F
2024-08-13 00:00:00-04:00,59415.0,61895.0,58600.0,61105.0,7446.0,0.0,0.0,Bitcoin Futures,BTC=F
2024-08-14 00:00:00-04:00,61270.0,62200.0,58855.0,59080.0,7782.0,0.0,0.0,Bitcoin Futures,BTC=F
2024-08-15 00:00:00-04:00,59000.0,60050.0,56295.0,57220.0,9285.0,0.0,0.0,Bitcoin Futures,BTC=F
2024-08-16 00:00:00-04:00,57755.0,60130.0,57270.0,59990.0,10524.0,0.0,0.0,Bitcoin Futures,BTC=F
2024-08-19 00:00:00-04:00,59700.0,59810.0,58000.0,59200.0,6577.0,0.0,0.0,Bitcoin Futures,BTC=F
2024-08-20 00:00:00-04:00,59175.0,61650.0,58690.0,59670.0,10871.0,0.0,0.0,Bitcoin Futures,BTC=F
2024-08-21 00:00:00-04:00,59365.0,61995.0,58900.0,61730.0,8981.0,0.0,0.0,Bitcoin Futures,BTC=F
2024-08-22 00:00:00-04:00,61410.0,61700.0,59840.0,60350.0,9974.0,0.0,0.0,Bitcoin Futures,BTC=F
2024-08-23 00:00:00-04:00,60610.0,64000.0,60365.0,63815.0,19987.0,0.0,0.0,Bitcoin Futures,BTC=F
2024-08-26 00:00:00-04:00,64500.0,65200.0,63120.0,63330.0,11300.0,0.0,0.0,Bitcoin Futures,BTC=F
2024-08-27 00:00:00-04:00,63255.0,63510.0,61445.0,62055.0,11849.0,0.0,0.0,Bitcoin Futures,BTC=F
2024-08-28 00:00:00-04:00,60485.0,60485.0,57885.0,58950.0,13769.0,0.0,0.0,Bitcoin Futures,BTC=F
2024-08-29 00:00:00-04:00,59220.0,61235.0,58825.0,59275.0,9497.0,0.0,0.0,Bitcoin Futures,BTC=F
2024-08-30 00:00:00-04:00,59020.0,59900.0,58700.0,59165.640625,9451.0,0.0,0.0,Bitcoin Futures,BTC=F
2024-09-03 00:00:00-04:00,58645.0,60185.0,57315.0,58240.0,11642.0,0.0,0.0,Bitcoin Futures,BTC=F
2024-09-04 00:00:00-04:00,58365.0,58840.0,55725.0,58355.0,10982.0,0.0,0.0,Bitcoin Futures,BTC=F
2024-09-05 00:00:00-04:00,58485.0,58665.0,55955.0,56215.0,10653.0,0.0,0.0,Bitcoin Futures,BTC=F
2024-09-06 00:00:00-04:00,56375.0,57270.0,52820.0,53695.0,14268.0,0.0,0.0,Bitcoin Futures,BTC=F
2024-09-09 00:00:00-04:00,54565.0,57480.0,54545.0,57410.0,14268.0,0.0,0.0,Bitcoin Futures,BTC=F
2024-09-10 00:00:00-04:00,57500.0,58265.0,56610.0,58195.0,6715.0,0.0,0.0,Bitcoin Futures,BTC=F
2024-09-11 00:00:00-04:00,57765.0,58210.0,55645.0,57860.0,12196.0,0.0,0.0,Bitcoin Futures,BTC=F
2024-09-12 00:00:00-04:00,57545.0,58755.0,57415.0,58580.0,7146.0,0.0,0.0,Bitcoin Futures,BTC=F
2024-09-13 00:00:00-04:00,58180.0,60245.0,57810.0,59935.0,9727.0,0.0,0.0,Bitcoin Futures,BTC=F
2024-09-16 00:00:00-04:00,59920.0,59920.0,57550.0,57985.0,9573.0,0.0,0.0,Bitcoin Futures,BTC=F
2024-09-17 00:00:00-04:00,58020.0,61560.0,57665.0,60105.0,14607.0,0.0,0.0,Bitcoin Futures,BTC=F
2024-09-18 00:00:00-04:00,60395.0,61495.0,59270.0,60140.0,10263.0,0.0,0.0,Bitcoin Futures,BTC=F
2024-09-19 00:00:00-04:00,60420.0,64045.0,60345.0,63415.0,11001.0,0.0,0.0,Bitcoin Futures,BTC=F
2024-09-20 00:00:00-04:00,63000.0,64200.0,62430.0,62935.0,10825.0,0.0,0.0,Bitcoin Futures,BTC=F
2024-09-23 00:00:00-04:00,62935.0,64835.0,62430.0,63360.0,10084.0,0.0,0.0,Bitcoin Futures,BTC=F
2024-09-24 00:00:00-04:00,63360.0,64720.0,62745.0,64460.0,12625.0,0.0,0.0,Bitcoin Futures,BTC=F
2024-09-25 00:00:00-04:00,64205.0,64975.0,63005.0,63200.0,10119.0,0.0,0.0,Bitcoin Futures,BTC=F
2024-09-26 00:00:00-04:00,63440.0,65920.0,62670.0,64735.0,11420.0,0.0,0.0,Bitcoin Futures,BTC=F
2024-09-27 00:00:00-04:00,65185.0,66240.0,64860.0,66196.90625,10156.0,0.0,0.0,Bitcoin Futures,BTC=F
2024-09-30 00:00:00-04:00,66285.0,66400.0,63340.0,63745.0,12426.0,0.0,0.0,Bitcoin Futures,BTC=F
2024-10-01 00:00:00-04:00,64040.0,64430.0,60450.0,61965.0,13503.0,0.0,0.0,Bitcoin Futures,BTC=F
2024-10-02 00:00:00-04:00,61360.0,62665.0,60265.0,60430.0,9309.0,0.0,0.0,Bitcoin Futures,BTC=F
2024-10-03 00:00:00-04:00,61000.0,61685.0,60070.0,61295.0,6977.0,0.0,0.0,Bitcoin Futures,BTC=F
2024-10-04 00:00:00-04:00,61125.0,63085.0,60635.0,62715.0,7563.0,0.0,0.0,Bitcoin Futures,BTC=F
2024-10-07 00:00:00-04:00,62675.0,64770.0,62615.0,63560.0,8352.0,0.0,0.0,Bitcoin Futures,BTC=F
2024-10-08 00:00:00-04:00,63600.0,63600.0,61995.0,62400.0,6539.0,0.0,0.0,Bitcoin Futures,BTC=F
2024-10-09 00:00:00-04:00,62545.0,62720.0,60440.0,61115.0,6181.0,0.0,0.0,Bitcoin Futures,BTC=F
2024-10-10 00:00:00-04:00,60920.0,61450.0,58945.0,59795.0,8549.0,0.0,0.0,Bitcoin Futures,BTC=F
2024-10-11 00:00:00-04:00,60220.0,63675.0,59990.0,63305.0,12263.0,0.0,0.0,Bitcoin Futures,BTC=F
2024-10-14 00:00:00-04:00,63150.0,66580.0,62645.0,66145.0,13384.0,0.0,0.0,Bitcoin Futures,BTC=F
2024-10-15 00:00:00-04:00,65950.0,68225.0,65005.0,67220.0,15057.0,0.0,0.0,Bitcoin Futures,BTC=F
2024-10-16 00:00:00-04:00,66670.0,68695.0,66665.0,67925.0,8332.0,0.0,0.0,Bitcoin Futures,BTC=F
2024-10-17 00:00:00-04:00,67810.0,68150.0,66765.0,66905.0,7484.0,0.0,0.0,Bitcoin Futures,BTC=F
2024-10-18 00:00:00-04:00,67245.0,69255.0,67245.0,68785.0,12552.0,0.0,0.0,Bitcoin Futures,BTC=F
2024-10-21 00:00:00-04:00,69295.0,69635.0,66855.0,67790.0,14146.0,0.0,0.0,Bitcoin Futures,BTC=F
2024-10-22 00:00:00-04:00,67780.0,67860.0,66565.0,67490.0,10746.0,0.0,0.0,Bitcoin Futures,BTC=F
2024-10-23 00:00:00-04:00,67610.0,67870.0,65210.0,66360.0,12272.0,0.0,0.0,Bitcoin Futures,BTC=F
2024-10-24 00:00:00-04:00,66430.0,68345.0,66330.0,68215.0,6809.0,0.0,0.0,Bitcoin Futures,BTC=F
2024-10-25 00:00:00-04:00,68500.0,68685.0,67315.0,68430.5078125,10944.0,0.0,0.0,Bitcoin Futures,BTC=F
2024-10-28 00:00:00-04:00,68185.0,70600.0,68070.0,70300.0,8448.0,0.0,0.0,Bitcoin Futures,BTC=F
2024-10-29 00:00:00-04:00,70500.0,74485.0,70460.0,73340.0,13100.0,0.0,0.0,Bitcoin Futures,BTC=F
2024-10-30 00:00:00-04:00,73170.0,73775.0,72135.0,72535.0,7999.0,0.0,0.0,Bitcoin Futures,BTC=F
2024-10-31 00:00:00-04:00,73290.0,73600.0,70080.0,70465.0,11205.0,0.0,0.0,Bitcoin Futures,BTC=F
2024-11-01 00:00:00-04:00,70885.0,72190.0,69230.0,69730.0,11898.0,0.0,0.0,Bitcoin Futures,BTC=F
2024-11-04 00:00:00-05:00,69000.0,69785.0,67140.0,67680.0,10301.0,0.0,0.0,Bitcoin Futures,BTC=F
2024-11-05 00:00:00-05:00,68250.0,70980.0,67740.0,69860.0,8871.0,0.0,0.0,Bitcoin Futures,BTC=F
2024-11-06 00:00:00-05:00,70000.0,77140.0,69645.0,76875.0,29081.0,0.0,0.0,Bitcoin Futures,BTC=F
2024-11-07 00:00:00-05:00,76395.0,77535.0,75070.0,77180.0,11723.0,0.0,0.0,Bitcoin Futures,BTC=F
2024-11-08 00:00:00-05:00,76510.0,77930.0,76225.0,77360.0,10585.0,0.0,0.0,Bitcoin Futures,BTC=F
2024-11-11 00:00:00-05:00,81210.0,89140.0,80670.0,87735.0,22345.0,0.0,0.0,Bitcoin Futures,BTC=F
2024-11-12 00:00:00-05:00,88735.0,90725.0,85890.0,90090.0,21811.0,0.0,0.0,Bitcoin Futures,BTC=F
2024-11-13 00:00:00-05:00,89320.0,94065.0,86925.0,90255.0,20471.0,0.0,0.0,Bitcoin Futures,BTC=F
2024-11-14 00:00:00-05:00,89990.0,92335.0,87345.0,87920.0,12045.0,0.0,0.0,Bitcoin Futures,BTC=F
2024-11-15 00:00:00-05:00,87970.0,92350.0,87005.0,91985.0,12201.0,0.0,0.0,Bitcoin Futures,BTC=F
2024-11-18 00:00:00-05:00,90195.0,93215.0,89755.0,92060.0,12505.0,0.0,0.0,Bitcoin Futures,BTC=F
2024-11-19 00:00:00-05:00,91840.0,94715.0,90770.0,93060.0,14591.0,0.0,0.0,Bitcoin Futures,BTC=F
2024-11-20 00:00:00-05:00,92330.0,95565.0,92005.0,94740.0,13156.0,0.0,0.0,Bitcoin Futures,BTC=F
2024-11-21 00:00:00-05:00,94665.0,99575.0,94290.0,98735.0,20641.0,0.0,0.0,Bitcoin Futures,BTC=F
2024-11-22 00:00:00-05:00,98860.0,100170.0,97430.0,99485.0,17264.0,0.0,0.0,Bitcoin Futures,BTC=F
2024-11-25 00:00:00-05:00,98555.0,99275.0,93490.0,94945.0,18093.0,0.0,0.0,Bitcoin Futures,BTC=F
2024-11-26 00:00:00-05:00,94350.0,95225.0,90785.0,90995.0,15780.0,0.0,0.0,Bitcoin Futures,BTC=F
2024-11-27 00:00:00-05:00,91695.0,97500.0,91475.0,96785.0,10755.0,0.0,0.0,Bitcoin Futures,BTC=F
2024-11-29 00:00:00-05:00,96415.0,98560.0,94760.0,98339.7578125,9278.0,0.0,0.0,Bitcoin Futures,BTC=F
2024-12-02 00:00:00-05:00,98875.0,99565.0,95270.0,96635.0,12122.0,0.0,0.0,Bitcoin Futures,BTC=F
2024-12-03 00:00:00-05:00,96380.0,97395.0,94435.0,96535.0,9601.0,0.0,0.0,Bitcoin Futures,BTC=F
2024-12-04 00:00:00-05:00,97040.0,100280.0,95390.0,99915.0,13087.0,0.0,0.0,Bitcoin Futures,BTC=F
2024-12-05 00:00:00-05:00,99390.0,105325.0,98610.0,99775.0,19550.0,0.0,0.0,Bitcoin Futures,BTC=F
2024-12-06 00:00:00-05:00,97320.0,102990.0,96155.0,102435.0,11218.0,0.0,0.0,Bitcoin Futures,BTC=F
2024-12-09 00:00:00-05:00,101300.0,102265.0,94640.0,96790.0,14138.0,0.0,0.0,Bitcoin Futures,BTC=F
2024-12-10 00:00:00-05:00,97490.0,98985.0,94785.0,96975.0,11149.0,0.0,0.0,Bitcoin Futures,BTC=F
2024-12-11 00:00:00-05:00,97550.0,102465.0,96290.0,102150.0,13648.0,0.0,0.0,Bitcoin Futures,BTC=F
2024-12-12 00:00:00-05:00,102000.0,103225.0,99775.0,100405.0,12579.0,0.0,0.0,Bitcoin Futures,BTC=F
2024-12-13 00:00:00-05:00,100875.0,102605.0,99620.0,102300.0,11146.0,0.0,0.0,Bitcoin Futures,BTC=F
2024-12-16 00:00:00-05:00,103670.0,108475.0,103670.0,106560.0,15357.0,0.0,0.0,Bitcoin Futures,BTC=F
2024-12-17 00:00:00-05:00,106395.0,108960.0,106000.0,107190.0,11429.0,0.0,0.0,Bitcoin Futures,BTC=F
2024-12-18 00:00:00-05:00,106500.0,106960.0,100325.0,100870.0,18669.0,0.0,0.0,Bitcoin Futures,BTC=F
2024-12-19 00:00:00-05:00,101385.0,103190.0,95765.0,96505.0,19910.0,0.0,0.0,Bitcoin Futures,BTC=F
2024-12-20 00:00:00-05:00,98415.0,98435.0,92355.0,96600.0,20236.0,0.0,0.0,Bitcoin Futures,BTC=F
2024-12-23 00:00:00-05:00,95730.0,96595.0,92460.0,93270.0,14664.0,0.0,0.0,Bitcoin Futures,BTC=F
2024-12-24 00:00:00-05:00,95015.0,99685.0,93545.0,99100.0,10649.0,0.0,0.0,Bitcoin Futures,BTC=F
2024-12-26 00:00:00-05:00,98555.0,99995.0,95095.0,95525.0,8202.0,0.0,0.0,Bitcoin Futures,BTC=F
2024-12-27 00:00:00-05:00,95785.0,97045.0,94450.0,94568.296875,7880.0,0.0,0.0,Bitcoin Futures,BTC=F
2024-12-30 00:00:00-05:00,93995.0,95580.0,91735.0,94955.0,8813.0,0.0,0.0,Bitcoin Futures,BTC=F
2024-12-31 00:00:00-05:00,93280.0,97010.0,92615.0,94120.0,5745.0,0.0,0.0,Bitcoin Futures,BTC=F
2025-01-02 00:00:00-05:00,95270.0,98735.0,94830.0,98190.0,8727.0,0.0,0.0,Bitcoin Futures,BTC=F
2025-01-03 00:00:00-05:00,97710.0,99920.0,96770.0,99230.0,6396.0,0.0,0.0,Bitcoin Futures,BTC=F
2025-01-06 00:00:00-05:00,99450.0,103565.0,98660.0,103150.0,11431.0,0.0,0.0,Bitcoin Futures,BTC=F
2025-01-07 00:00:00-05:00,103020.0,103685.0,96525.0,96785.0,16649.0,0.0,0.0,Bitcoin Futures,BTC=F
2025-01-08 00:00:00-05:00,97520.0,97565.0,92745.0,94230.0,9662.0,0.0,0.0,Bitcoin Futures,BTC=F
2025-01-09 00:00:00-05:00,95560.0,95640.0,91300.0,92140.0,8380.0,0.0,0.0,Bitcoin Futures,BTC=F
2025-01-10 00:00:00-05:00,92675.0,96375.0,92350.0,95210.0,8380.0,0.0,0.0,Bitcoin Futures,BTC=F
2024-01-03 00:00:00-05:00,2386.0,2414.0,2081.0,2240.5,6808.0,0.0,0.0,Ethereum Futures,ETH=F
2024-01-04 00:00:00-05:00,2240.5,2326.0,2221.0,2297.0,4732.0,0.0,0.0,Ethereum Futures,ETH=F
2024-01-05 00:00:00-05:00,2291.5,2299.0,2224.0,2268.5,3382.0,0.0,0.0,Ethereum Futures,ETH=F
2024-01-08 00:00:00-05:00,2233.0,2383.0,2183.5,2361.5,6039.0,0.0,0.0,Ethereum Futures,ETH=F
2024-01-09 00:00:00-05:00,2360.0,2397.5,2244.0,2266.5,6860.0,0.0,0.0,Ethereum Futures,ETH=F
2024-01-10 00:00:00-05:00,2360.5,2550.5,2331.5,2503.0,12243.0,0.0,0.0,Ethereum Futures,ETH=F
2024-01-11 00:00:00-05:00,2562.0,2715.0,2562.0,2603.5,8267.0,0.0,0.0,Ethereum Futures,ETH=F
2024-01-12 00:00:00-05:00,2622.0,2730.5,2515.0,2572.5,8647.0,0.0,0.0,Ethereum Futures,ETH=F
2024-01-16 00:00:00-05:00,2522.5,2623.0,2470.5,2596.5,7492.0,0.0,0.0,Ethereum Futures,ETH=F
2024-01-17 00:00:00-05:00,2608.5,2616.5,2520.5,2547.0,5277.0,0.0,0.0,Ethereum Futures,ETH=F
2024-01-18 00:00:00-05:00,2524.5,2556.5,2424.0,2450.0,5497.0,0.0,0.0,Ethereum Futures,ETH=F
2024-01-19 00:00:00-05:00,2469.0,2509.0,2415.0,2487.0,4577.0,0.0,0.0,Ethereum Futures,ETH=F
2024-01-22 00:00:00-05:00,2462.5,2467.0,2304.5,2340.0,7326.0,0.0,0.0,Ethereum Futures,ETH=F
2024-01-23 00:00:00-05:00,2318.0,2352.0,2165.5,2198.0,8936.0,0.0,0.0,Ethereum Futures,ETH=F
2024-01-24 00:00:00-05:00,2220.0,2259.0,2196.0,2201.5,4271.0,0.0,0.0,Ethereum Futures,ETH=F
2024-01-25 00:00:00-05:00,2218.5,2240.5,2168.5,2216.5,4229.0,0.0,0.0,Ethereum Futures,ETH=F
2024-01-26 00:00:00-05:00,2221.0,2263.0,2196.0,2254.27001953125,3956.0,0.0,0.0,Ethereum Futures,ETH=F
2024-01-29 00:00:00-05:00,2259.5,2328.0,2243.5,2318.5,2977.0,0.0,0.0,Ethereum Futures,ETH=F
2024-01-30 00:00:00-05:00,2325.0,2410.0,2311.5,2391.5,3838.0,0.0,0.0,Ethereum Futures,ETH=F
2024-01-31 00:00:00-05:00,2384.0,2387.0,2276.0,2298.5,3774.0,0.0,0.0,Ethereum Futures,ETH=F
2024-02-01 00:00:00-05:00,2296.5,2324.0,2248.5,2307.0,4138.0,0.0,0.0,Ethereum Futures,ETH=F
2024-02-02 00:00:00-05:00,2308.0,2333.0,2270.5,2307.5,3097.0,0.0,0.0,Ethereum Futures,ETH=F
2024-02-05 00:00:00-05:00,2293.5,2345.0,2271.5,2299.5,3860.0,0.0,0.0,Ethereum Futures,ETH=F
2024-02-06 00:00:00-05:00,2302.0,2405.5,2300.0,2393.0,4643.0,0.0,0.0,Ethereum Futures,ETH=F
2024-02-07 00:00:00-05:00,2396.0,2461.0,2364.0,2454.5,3462.0,0.0,0.0,Ethereum Futures,ETH=F
2024-02-08 00:00:00-05:00,2445.0,2478.5,2427.5,2443.0,4101.0,0.0,0.0,Ethereum Futures,ETH=F
2024-02-09 00:00:00-05:00,2441.0,2540.0,2431.0,2504.0,5602.0,0.0,0.0,Ethereum Futures,ETH=F
2024-02-12 00:00:00-05:00,2510.5,2668.0,2482.5,2657.5,5476.0,0.0,0.0,Ethereum Futures,ETH=F
2024-02-13 00:00:00-05:00,2668.0,2704.5,2607.0,2644.5,5778.0,0.0,0.0,Ethereum Futures,ETH=F
2024-02-14 00:00:00-05:00,2649.0,2803.5,2635.0,2784.0,5127.0,0.0,0.0,Ethereum Futures,ETH=F
2024-02-15 00:00:00-05:00,2781.5,2887.0,2776.5,2847.0,4137.0,0.0,0.0,Ethereum Futures,ETH=F
2024-02-16 00:00:00-05:00,2834.0,2877.5,2760.5,2797.0,4457.0,0.0,0.0,Ethereum Futures,ETH=F
2024-02-20 00:00:00-05:00,2890.0,3015.0,2868.5,2985.0,9247.0,0.0,0.0,Ethereum Futures,ETH=F
2024-02-21 00:00:00-05:00,3006.0,3044.5,2871.0,2908.5,5981.0,0.0,0.0,Ethereum Futures,ETH=F
2024-02-22 00:00:00-05:00,2939.5,3036.5,2909.0,3011.5,5254.0,0.0,0.0,Ethereum Futures,ETH=F
2024-02-23 00:00:00-05:00,2989.0,2995.5,2917.0,2927.989990234375,4693.0,0.0,0.0,Ethereum Futures,ETH=F
2024-02-26 00:00:00-05:00,3158.5,3252.0,3071.0,3238.5,5822.0,0.0,0.0,Ethereum Futures,ETH=F
2024-02-27 00:00:00-05:00,3228.0,3340.5,3216.0,3298.0,4569.0,0.0,0.0,Ethereum Futures,ETH=F
2024-02-28 00:00:00-05:00,3286.0,3540.0,3226.0,3334.0,8863.0,0.0,0.0,Ethereum Futures,ETH=F
2024-02-29 00:00:00-05:00,3381.0,3567.5,3354.0,3444.0,5546.0,0.0,0.0,Ethereum Futures,ETH=F
2024-03-01 00:00:00-05:00,3366.5,3501.0,3363.0,3497.5,3727.0,0.0,0.0,Ethereum Futures,ETH=F
2024-03-04 00:00:00-05:00,3510.0,3656.5,3460.5,3632.5,4080.0,0.0,0.0,Ethereum Futures,ETH=F
2024-03-05 00:00:00-05:00,3651.0,3877.0,3309.0,3429.5,8006.0,0.0,0.0,Ethereum Futures,ETH=F
2024-03-06 00:00:00-05:00,3537.5,3953.0,3533.5,3907.5,4800.0,0.0,0.0,Ethereum Futures,ETH=F
2024-03-07 00:00:00-05:00,3846.0,3980.0,3777.0,3975.0,2857.0,0.0,0.0,Ethereum Futures,ETH=F
2024-03-08 00:00:00-05:00,3895.5,4040.0,3856.0,3987.0,4297.0,0.0,0.0,Ethereum Futures,ETH=F
2024-03-11 00:00:00-04:00,3922.0,4136.0,3766.0,4073.5,4520.0,0.0,0.0,Ethereum Futures,ETH=F
2024-03-12 00:00:00-04:00,4088.0,4138.5,3852.0,4006.0,4099.0,0.0,0.0,Ethereum Futures,ETH=F
2024-03-13 00:00:00-04:00,3966.0,4126.0,3962.0,4032.0,2530.0,0.0,0.0,Ethereum Futures,ETH=F
2024-03-14 00:00:00-04:00,4031.0,4047.0,3732.0,3797.5,3765.0,0.0,0.0,Ethereum Futures,ETH=F
2024-03-15 00:00:00-04:00,3879.0,3956.5,3589.0,3706.0,4823.0,0.0,0.0,Ethereum Futures,ETH=F
2024-03-18 00:00:00-04:00,3662.0,3701.5,3469.5,3492.0,2881.0,0.0,0.0,Ethereum Futures,ETH=F
2024-03-19 00:00:00-04:00,3536.0,3558.0,3210.0,3347.5,4068.0,0.0,0.0,Ethereum Futures,ETH=F
2024-03-20 00:00:00-04:00,3299.0,3505.0,3063.5,3387.0,8606.0,0.0,0.0,Ethereum Futures,ETH=F
2024-03-21 00:00:00-04:00,3505.5,3587.0,3417.5,3455.0,4475.0,0.0,0.0,Ethereum Futures,ETH=F
2024-03-22 00:00:00-04:00,3507.5,3547.0,3283.0,3347.0,4024.0,0.0,0.0,Ethereum Futures,ETH=F
2024-03-25 00:00:00-04:00,3429.0,3660.5,3424.0,3647.0,5703.0,0.0,0.0,Ethereum Futures,ETH=F
2024-03-26 00:00:00-04:00,3600.5,3677.0,3544.5,3560.0,4276.0,0.0,0.0,Ethereum Futures,ETH=F
2024-03-27 00:00:00-04:00,3586.0,3667.0,3460.0,3487.0,5304.0,0.0,0.0,Ethereum Futures,ETH=F
2024-03-28 00:00:00-04:00,3484.5,3611.5,3466.5,3584.530029296875,3286.0,0.0,0.0,Ethereum Futures,ETH=F
2024-04-01 00:00:00-04:00,3650.5,3706.0,3440.0,3516.5,3130.0,0.0,0.0,Ethereum Futures,ETH=F
2024-04-02 00:00:00-04:00,3521.0,3543.5,3239.0,3302.5,2942.0,0.0,0.0,Ethereum Futures,ETH=F
2024-04-03 00:00:00-04:00,3291.0,3395.5,3219.0,3343.5,2740.0,0.0,0.0,Ethereum Futures,ETH=F
2024-04-04 00:00:00-04:00,3341.5,3468.5,3270.0,3381.5,3259.0,0.0,0.0,Ethereum Futures,ETH=F
2024-04-05 00:00:00-04:00,3329.5,3364.0,3230.0,3337.0,2724.0,0.0,0.0,Ethereum Futures,ETH=F
2024-04-08 00:00:00-04:00,3399.0,3741.0,3399.0,3727.0,4356.0,0.0,0.0,Ethereum Futures,ETH=F
2024-04-09 00:00:00-04:00,3709.0,3759.0,3465.0,3530.5,4168.0,0.0,0.0,Ethereum Futures,ETH=F
2024-04-10 00:00:00-04:00,3523.0,3568.0,3424.5,3535.0,3167.0,0.0,0.0,Ethereum Futures,ETH=F
2024-04-11 00:00:00-04:00,3542.5,3634.5,3486.0,3533.0,1754.0,0.0,0.0,Ethereum Futures,ETH=F
2024-04-12 00:00:00-04:00,3522.5,3570.0,3071.0,3214.5,4756.0,0.0,0.0,Ethereum Futures,ETH=F
2024-04-15 00:00:00-04:00,3096.5,3290.5,3032.5,3109.0,4242.0,0.0,0.0,Ethereum Futures,ETH=F
2024-04-16 00:00:00-04:00,3118.0,3134.0,2997.0,3063.0,3775.0,0.0,0.0,Ethereum Futures,ETH=F
2024-04-17 00:00:00-04:00,3102.5,3122.5,2913.0,3006.5,4630.0,0.0,0.0,Ethereum Futures,ETH=F
2024-04-18 00:00:00-04:00,2994.0,3099.0,2959.5,3070.0,2483.0,0.0,0.0,Ethereum Futures,ETH=F
2024-04-19 00:00:00-04:00,3067.5,3133.0,2868.0,3106.5,4430.0,0.0,0.0,Ethereum Futures,ETH=F
2024-04-22 00:00:00-04:00,3132.0,3238.5,3126.5,3190.0,4101.0,0.0,0.0,Ethereum Futures,ETH=F
2024-04-23 00:00:00-04:00,3204.5,3282.5,3153.0,3221.0,4260.0,0.0,0.0,Ethereum Futures,ETH=F
2024-04-24 00:00:00-04:00,3217.0,3294.0,3108.0,3132.5,3695.0,0.0,0.0,Ethereum Futures,ETH=F
2024-04-25 00:00:00-04:00,3141.5,3182.0,3070.0,3164.0,3144.0,0.0,0.0,Ethereum Futures,ETH=F
2024-04-26 00:00:00-04:00,3167.5,3171.5,3112.5,3144.0400390625,2928.0,0.0,0.0,Ethereum Futures,ETH=F
2024-04-29 00:00:00-04:00,3232.0,3343.0,3127.0,3200.5,2961.0,0.0,0.0,Ethereum Futures,ETH=F
2024-04-30 00:00:00-04:00,3207.0,3271.5,2922.0,2929.5,5174.0,0.0,0.0,Ethereum Futures,ETH=F
2024-05-01 00:00:00-04:00,2989.0,3032.0,2825.5,2933.0,4028.0,0.0,0.0,Ethereum Futures,ETH=F
2024-05-02 00:00:00-04:00,2985.0,3023.0,2898.5,3010.5,2425.0,0.0,0.0,Ethereum Futures,ETH=F
2024-05-03 00:00:00-04:00,3012.5,3149.0,2974.0,3095.5,3196.0,0.0,0.0,Ethereum Futures,ETH=F
2024-05-06 00:00:00-04:00,3159.0,3247.0,3064.0,3086.5,2722.0,0.0,0.0,Ethereum Futures,ETH=F
2024-05-07 00:00:00-04:00,3101.5,3147.5,3035.0,3063.0,2558.0,0.0,0.0,Ethereum Futures,ETH=F
2024-05-08 00:00:00-04:00,3045.0,3065.5,2948.0,3005.0,2603.0,0.0,0.0,Ethereum Futures,ETH=F
2024-05-09 00:00:00-04:00,2973.5,3039.0,2957.5,3031.0,2241.0,0.0,0.0,Ethereum Futures,ETH=F
2024-05-10 00:00:00-04:00,3027.5,3070.5,2882.0,2903.5,5313.0,0.0,0.0,Ethereum Futures,ETH=F
2024-05-13 00:00:00-04:00,2928.5,3006.5,2871.0,2967.0,3846.0,0.0,0.0,Ethereum Futures,ETH=F
2024-05-14 00:00:00-04:00,2959.0,2968.5,2865.5,2901.0,3484.0,0.0,0.0,Ethereum Futures,ETH=F
2024-05-15 00:00:00-04:00,2903.5,3045.0,2870.0,3040.5,4045.0,0.0,0.0,Ethereum Futures,ETH=F
2024-05-16 00:00:00-04:00,3033.0,3057.0,2939.0,2955.5,2874.0,0.0,0.0,Ethereum Futures,ETH=F
2024-05-17 00:00:00-04:00,2946.5,3137.5,2933.0,3102.0,4078.0,0.0,0.0,Ethereum Futures,ETH=F
2024-05-20 00:00:00-04:00,3080.0,3602.5,3055.5,3459.5,7295.0,0.0,0.0,Ethereum Futures,ETH=F
2024-05-21 00:00:00-04:00,3650.5,3865.0,3628.5,3729.5,12747.0,0.0,0.0,Ethereum Futures,ETH=F
2024-05-22 00:00:00-04:00,3771.5,3841.5,3676.5,3746.5,4502.0,0.0,0.0,Ethereum Futures,ETH=F
2024-05-23 00:00:00-04:00,3794.0,3966.0,3523.5,3794.5,7440.0,0.0,0.0,Ethereum Futures,ETH=F
2024-05-24 00:00:00-04:00,3865.0,3895.5,3637.5,3755.0,6088.0,0.0,0.0,Ethereum Futures,ETH=F
2024-05-28 00:00:00-04:00,3800.0,3980.5,3774.5,3841.5,6974.0,0.0,0.0,Ethereum Futures,ETH=F
2024-05-29 00:00:00-04:00,3849.5,3889.0,3743.5,3748.0,4485.0,0.0,0.0,Ethereum Futures,ETH=F
2024-05-30 00:00:00-04:00,3784.5,3826.5,3704.0,3764.0,4164.0,0.0,0.0,Ethereum Futures,ETH=F
2024-05-31 00:00:00-04:00,3748.5,3849.0,3727.0,3778.590087890625,4310.0,0.0,0.0,Ethereum Futures,ETH=F
2024-06-03 00:00:00-04:00,3804.0,3886.5,3781.0,3797.0,3079.0,0.0,0.0,Ethereum Futures,ETH=F
2024-06-04 00:00:00-04:00,3799.0,3862.0,3748.5,3832.0,2924.0,0.0,0.0,Ethereum Futures,ETH=F
2024-06-05 00:00:00-04:00,3843.5,3921.5,3800.0,3913.5,4089.0,0.0,0.0,Ethereum Futures,ETH=F
2024-06-06 00:00:00-04:00,3884.0,3911.5,3788.0,3820.0,2621.0,0.0,0.0,Ethereum Futures,ETH=F
2024-06-07 00:00:00-04:00,3823.5,3877.0,3594.5,3709.5,5648.0,0.0,0.0,Ethereum Futures,ETH=F
2024-06-10 00:00:00-04:00,3741.5,3742.5,3662.5,3690.0,2483.0,0.0,0.0,Ethereum Futures,ETH=F
2024-06-11 00:00:00-04:00,3682.5,3694.5,3440.5,3508.0,6327.0,0.0,0.0,Ethereum Futures,ETH=F
2024-06-12 00:00:00-04:00,3512.5,3672.0,3479.0,3541.5,4018.0,0.0,0.0,Ethereum Futures,ETH=F
2024-06-13 00:00:00-04:00,3575.5,3582.5,3436.0,3493.5,4330.0,0.0,0.0,Ethereum Futures,ETH=F
2024-06-14 00:00:00-04:00,3501.0,3544.5,3371.0,3410.0,2721.0,0.0,0.0,Ethereum Futures,ETH=F
2024-06-17 00:00:00-04:00,3575.0,3671.5,3473.0,3563.5,5083.0,0.0,0.0,Ethereum Futures,ETH=F
2024-06-18 00:00:00-04:00,3535.0,3535.0,3354.0,3427.0,3722.0,0.0,0.0,Ethereum Futures,ETH=F
2024-06-20 00:00:00-04:00,3467.0,3629.0,3467.0,3535.5,7452.0,0.0,0.0,Ethereum Futures,ETH=F
2024-06-21 00:00:00-04:00,3520.5,3549.5,3446.0,3534.5,4154.0,0.0,0.0,Ethereum Futures,ETH=F
2024-06-24 00:00:00-04:00,3430.5,3432.0,3227.5,3287.0,6514.0,0.0,0.0,Ethereum Futures,ETH=F
2024-06-25 00:00:00-04:00,3342.5,3428.5,3326.0,3417.0,5213.0,0.0,0.0,Ethereum Futures,ETH=F
2024-06-26 00:00:00-04:00,3405.0,3425.5,3322.5,3408.0,4565.0,0.0,0.0,Ethereum Futures,ETH=F
2024-06-27 00:00:00-04:00,3386.5,3479.5,3358.0,3444.5,4047.0,0.0,0.0,Ethereum Futures,ETH=F
2024-06-28 00:00:00-04:00,3443.0,3485.5,3420.5,3424.949951171875,4149.0,0.0,0.0,Ethereum Futures,ETH=F
2024-07-01 00:00:00-04:00,3419.0,3542.0,3419.0,3489.5,3437.0,0.0,0.0,Ethereum Futures,ETH=F
2024-07-02 00:00:00-04:00,3477.5,3481.5,3405.5,3421.5,2099.0,0.0,0.0,Ethereum Futures,ETH=F
2024-07-03 00:00:00-04:00,3426.0,3439.5,3256.0,3266.5,3776.0,0.0,0.0,Ethereum Futures,ETH=F
2024-07-05 00:00:00-04:00,3305.0,3315.5,2813.5,2997.0,9708.0,0.0,0.0,Ethereum Futures,ETH=F
2024-07-08 00:00:00-04:00,2972.5,3107.5,2832.5,3014.5,7175.0,0.0,0.0,Ethereum Futures,ETH=F
2024-07-09 00:00:00-04:00,3028.0,3122.5,3010.5,3075.5,2901.0,0.0,0.0,Ethereum Futures,ETH=F
2024-07-10 00:00:00-04:00,3073.5,3160.5,3034.5,3117.0,3321.0,0.0,0.0,Ethereum Futures,ETH=F
2024-07-11 00:00:00-04:00,3101.5,3223.0,3058.5,3114.5,3064.0,0.0,0.0,Ethereum Futures,ETH=F
2024-07-12 00:00:00-04:00,3118.0,3168.0,3051.0,3126.5,3328.0,0.0,0.0,Ethereum Futures,ETH=F
2024-07-15 00:00:00-04:00,3236.5,3464.0,3236.5,3422.5,4961.0,0.0,0.0,Ethereum Futures,ETH=F
2024-07-16 00:00:00-04:00,3441.5,3511.0,3359.0,3490.0,3901.0,0.0,0.0,Ethereum Futures,ETH=F
2024-07-17 00:00:00-04:00,3454.0,3532.0,3390.0,3426.5,2813.0,0.0,0.0,Ethereum Futures,ETH=F
2024-07-18 00:00:00-04:00,3422.0,3502.5,3375.5,3412.5,3707.0,0.0,0.0,Ethereum Futures,ETH=F
2024-07-19 00:00:00-04:00,3432.0,3555.5,3384.5,3537.5,5459.0,0.0,0.0,Ethereum Futures,ETH=F
2024-07-22 00:00:00-04:00,3532.5,3570.0,3442.0,3505.5,5077.0,0.0,0.0,Ethereum Futures,ETH=F
2024-07-23 00:00:00-04:00,3473.5,3548.0,3392.0,3459.0,10219.0,0.0,0.0,Ethereum Futures,ETH=F
2024-07-24 00:00:00-04:00,3473.0,3503.0,3357.0,3364.5,5882.0,0.0,0.0,Ethereum Futures,ETH=F
2024-07-25 00:00:00-04:00,3340.5,3343.5,3087.5,3123.5,6090.0,0.0,0.0,Ethereum Futures,ETH=F
2024-07-26 00:00:00-04:00,3172.5,3269.5,3161.0,3241.75,3659.0,0.0,0.0,Ethereum Futures,ETH=F
2024-07-29 00:00:00-04:00,3291.5,3430.0,3281.5,3336.5,3653.0,0.0,0.0,Ethereum Futures,ETH=F
2024-07-30 00:00:00-04:00,3356.5,3395.5,3258.0,3294.5,3140.0,0.0,0.0,Ethereum Futures,ETH=F
2024-07-31 00:00:00-04:00,3307.0,3377.0,3244.0,3292.0,2847.0,0.0,0.0,Ethereum Futures,ETH=F
2024-08-01 00:00:00-04:00,3268.5,3269.5,3096.5,3155.0,2896.0,0.0,0.0,Ethereum Futures,ETH=F
2024-08-02 00:00:00-04:00,3194.0,3239.0,3000.5,3025.0,3871.0,0.0,0.0,Ethereum Futures,ETH=F
2024-08-05 00:00:00-04:00,2737.0,2764.0,2176.0,2424.5,13730.0,0.0,0.0,Ethereum Futures,ETH=F
2024-08-06 00:00:00-04:00,2442.0,2567.0,2428.5,2509.0,4565.0,0.0,0.0,Ethereum Futures,ETH=F
2024-08-07 00:00:00-04:00,2507.0,2565.0,2326.0,2362.5,3342.0,0.0,0.0,Ethereum Futures,ETH=F
2024-08-08 00:00:00-04:00,2368.5,2619.5,2324.0,2586.5,3363.0,0.0,0.0,Ethereum Futures,ETH=F
2024-08-09 00:00:00-04:00,2655.0,2735.5,2564.0,2602.0,3204.0,0.0,0.0,Ethereum Futures,ETH=F
2024-08-12 00:00:00-04:00,2582.5,2733.0,2519.5,2668.5,3240.0,0.0,0.0,Ethereum Futures,ETH=F
2024-08-13 00:00:00-04:00,2697.0,2757.0,2619.0,2724.0,2806.0,0.0,0.0,Ethereum Futures,ETH=F
2024-08-14 00:00:00-04:00,2737.0,2782.5,2640.0,2679.0,2805.0,0.0,0.0,Ethereum Futures,ETH=F
2024-08-15 00:00:00-04:00,2674.0,2683.0,2523.5,2556.0,2641.0,0.0,0.0,Ethereum Futures,ETH=F
2024-08-16 00:00:00-04:00,2570.5,2639.5,2559.0,2635.5,3383.0,0.0,0.0,Ethereum Futures,ETH=F
2024-08-19 00:00:00-04:00,2657.0,2672.0,2571.5,2616.0,2517.0,0.0,0.0,Ethereum Futures,ETH=F
2024-08-20 00:00:00-04:00,2625.0,2707.5,2560.5,2607.0,3456.0,0.0,0.0,Ethereum Futures,ETH=F
2024-08-21 00:00:00-04:00,2590.0,2669.0,2542.5,2657.5,3503.0,0.0,0.0,Ethereum Futures,ETH=F
2024-08-22 00:00:00-04:00,2646.0,2650.5,2589.0,2608.5,3184.0,0.0,0.0,Ethereum Futures,ETH=F
2024-08-23 00:00:00-04:00,2628.5,2768.0,2621.5,2757.0,5735.0,0.0,0.0,Ethereum Futures,ETH=F
2024-08-26 00:00:00-04:00,2788.5,2794.5,2675.0,2681.0,4377.0,0.0,0.0,Ethereum Futures,ETH=F
2024-08-27 00:00:00-04:00,2690.0,2701.5,2560.0,2581.5,4640.0,0.0,0.0,Ethereum Futures,ETH=F
2024-08-28 00:00:00-04:00,2509.5,2554.0,2395.5,2507.0,5211.0,0.0,0.0,Ethereum Futures,ETH=F
2024-08-29 00:00:00-04:00,2531.0,2596.5,2511.5,2530.0,3580.0,0.0,0.0,Ethereum Futures,ETH=F
2024-08-30 00:00:00-04:00,2526.0,2545.5,2498.0,2499.679931640625,3823.0,0.0,0.0,Ethereum Futures,ETH=F
2024-09-03 00:00:00-04:00,2494.0,2568.0,2409.5,2455.5,4109.0,0.0,0.0,Ethereum Futures,ETH=F
2024-09-04 00:00:00-04:00,2472.0,2503.0,2315.0,2466.5,3397.0,0.0,0.0,Ethereum Futures,ETH=F
2024-09-05 00:00:00-04:00,2481.5,2483.5,2358.5,2372.0,2131.0,0.0,0.0,Ethereum Futures,ETH=F
2024-09-06 00:00:00-04:00,2385.0,2420.0,2170.0,2228.5,4425.0,0.0,0.0,Ethereum Futures,ETH=F
2024-09-09 00:00:00-04:00,2282.0,2364.5,2281.5,2360.5,4425.0,0.0,0.0,Ethereum Futures,ETH=F
2024-09-10 00:00:00-04:00,2378.5,2401.0,2326.0,2392.5,2055.0,0.0,0.0,Ethereum Futures,ETH=F
2024-09-11 00:00:00-04:00,2382.0,2410.5,2280.5,2351.5,3635.0,0.0,0.0,Ethereum Futures,ETH=F
2024-09-12 00:00:00-04:00,2350.5,2402.0,2319.5,2369.0,1832.0,0.0,0.0,Ethereum Futures,ETH=F
2024-09-13 00:00:00-04:00,2358.5,2438.0,2344.0,2428.0,3468.0,0.0,0.0,Ethereum Futures,ETH=F
2024-09-16 00:00:00-04:00,2360.0,2361.5,2253.5,2277.5,4550.0,0.0,0.0,Ethereum Futures,ETH=F
2024-09-17 00:00:00-04:00,2298.5,2398.0,2265.5,2358.0,3820.0,0.0,0.0,Ethereum Futures,ETH=F
2024-09-18 00:00:00-04:00,2348.5,2368.0,2280.5,2317.0,3376.0,0.0,0.0,Ethereum Futures,ETH=F
2024-09-19 00:00:00-04:00,2336.0,2499.5,2336.0,2466.5,4468.0,0.0,0.0,Ethereum Futures,ETH=F
2024-09-20 00:00:00-04:00,2468.5,2579.0,2441.0,2545.0,3755.0,0.0,0.0,Ethereum Futures,ETH=F
2024-09-23 00:00:00-04:00,2555.5,2708.0,2532.0,2675.0,5437.0,0.0,0.0,Ethereum Futures,ETH=F
2024-09-24 00:00:00-04:00,2653.5,2671.5,2595.0,2656.0,4740.0,0.0,0.0,Ethereum Futures,ETH=F
2024-09-25 00:00:00-04:00,2655.0,2676.5,2567.5,2571.5,4737.0,0.0,0.0,Ethereum Futures,ETH=F
2024-09-26 00:00:00-04:00,2581.5,2670.0,2556.5,2651.0,3958.0,0.0,0.0,Ethereum Futures,ETH=F
2024-09-27 00:00:00-04:00,2643.5,2685.0,2617.5,2680.739990234375,3974.0,0.0,0.0,Ethereum Futures,ETH=F
2024-09-30 00:00:00-04:00,2672.0,2691.0,2588.0,2609.5,3136.0,0.0,0.0,Ethereum Futures,ETH=F
2024-10-01 00:00:00-04:00,2624.0,2673.5,2425.0,2496.0,4677.0,0.0,0.0,Ethereum Futures,ETH=F
2024-10-02 00:00:00-04:00,2470.0,2506.5,2371.0,2381.5,3836.0,0.0,0.0,Ethereum Futures,ETH=F
2024-10-03 00:00:00-04:00,2388.5,2409.5,2316.5,2361.0,3653.0,0.0,0.0,Ethereum Futures,ETH=F
2024-10-04 00:00:00-04:00,2359.0,2453.0,2344.5,2440.5,3973.0,0.0,0.0,Ethereum Futures,ETH=F
2024-10-07 00:00:00-04:00,2429.0,2530.5,2425.5,2451.0,3707.0,0.0,0.0,Ethereum Futures,ETH=F
2024-10-08 00:00:00-04:00,2455.5,2462.5,2406.5,2446.0,2496.0,0.0,0.0,Ethereum Futures,ETH=F
2024-10-09 00:00:00-04:00,2464.0,2480.0,2357.0,2423.0,3539.0,0.0,0.0,Ethereum Futures,ETH=F
2024-10-10 00:00:00-04:00,2380.0,2426.0,2332.0,2370.5,3293.0,0.0,0.0,Ethereum Futures,ETH=F
2024-10-11 00:00:00-04:00,2387.5,2479.5,2375.5,2466.0,3358.0,0.0,0.0,Ethereum Futures,ETH=F
2024-10-14 00:00:00-04:00,2475.0,2652.5,2448.5,2632.5,4492.0,0.0,0.0,Ethereum Futures,ETH=F
2024-10-15 00:00:00-04:00,2634.0,2698.0,2544.0,2599.5,6224.0,0.0,0.0,Ethereum Futures,ETH=F
2024-10-16 00:00:00-04:00,2602.0,2656.0,2593.5,2624.0,2738.0,0.0,0.0,Ethereum Futures,ETH=F
2024-10-17 00:00:00-04:00,2625.0,2658.5,2579.0,2599.0,3466.0,0.0,0.0,Ethereum Futures,ETH=F
2024-10-18 00:00:00-04:00,2611.5,2684.0,2602.0,2658.5,4974.0,0.0,0.0,Ethereum Futures,ETH=F
2024-10-21 00:00:00-04:00,2719.0,2775.5,2657.0,2684.0,5523.0,0.0,0.0,Ethereum Futures,ETH=F
2024-10-22 00:00:00-04:00,2681.5,2688.5,2607.5,2629.0,4479.0,0.0,0.0,Ethereum Futures,ETH=F
2024-10-23 00:00:00-04:00,2635.5,2642.5,2443.0,2508.5,5861.0,0.0,0.0,Ethereum Futures,ETH=F
2024-10-24 00:00:00-04:00,2508.5,2560.0,2501.0,2535.5,3188.0,0.0,0.0,Ethereum Futures,ETH=F
2024-10-25 00:00:00-04:00,2541.0,2553.5,2461.5,2547.830078125,4317.0,0.0,0.0,Ethereum Futures,ETH=F
2024-10-28 00:00:00-04:00,2539.0,2564.5,2489.0,2524.5,3850.0,0.0,0.0,Ethereum Futures,ETH=F
2024-10-29 00:00:00-04:00,2580.5,2713.0,2580.5,2658.0,5603.0,0.0,0.0,Ethereum Futures,ETH=F
2024-10-30 00:00:00-04:00,2650.0,2752.0,2631.5,2679.5,4699.0,0.0,0.0,Ethereum Futures,ETH=F
2024-10-31 00:00:00-04:00,2681.5,2693.5,2518.5,2528.5,5944.0,0.0,0.0,Ethereum Futures,ETH=F
2024-11-01 00:00:00-04:00,2534.5,2604.0,2482.0,2530.5,4860.0,0.0,0.0,Ethereum Futures,ETH=F
2024-11-04 00:00:00-05:00,2486.0,2501.0,2370.0,2433.5,4118.0,0.0,0.0,Ethereum Futures,ETH=F
2024-11-05 00:00:00-05:00,2416.5,2493.5,2388.5,2440.0,4485.0,0.0,0.0,Ethereum Futures,ETH=F
2024-11-06 00:00:00-05:00,2447.0,2730.5,2430.5,2719.5,10880.0,0.0,0.0,Ethereum Futures,ETH=F
2024-11-07 00:00:00-05:00,2758.0,2944.0,2726.5,2935.5,9842.0,0.0,0.0,Ethereum Futures,ETH=F
2024-11-08 00:00:00-05:00,2909.0,3010.5,2895.5,2970.0,7604.0,0.0,0.0,Ethereum Futures,ETH=F
2024-11-11 00:00:00-05:00,3214.5,3408.5,3132.5,3395.0,12874.0,0.0,0.0,Ethereum Futures,ETH=F
2024-11-12 00:00:00-05:00,3384.0,3483.5,3237.0,3312.5,10511.0,0.0,0.0,Ethereum Futures,ETH=F
2024-11-13 00:00:00-05:00,3301.0,3364.0,3142.5,3189.0,8866.0,0.0,0.0,Ethereum Futures,ETH=F
2024-11-14 00:00:00-05:00,3194.5,3267.0,3074.0,3116.0,6180.0,0.0,0.0,Ethereum Futures,ETH=F
2024-11-15 00:00:00-05:00,3101.5,3147.5,3028.5,3109.0,4681.0,0.0,0.0,Ethereum Futures,ETH=F
2024-11-18 00:00:00-05:00,3094.5,3219.5,3065.0,3175.0,7246.0,0.0,0.0,Ethereum Futures,ETH=F
2024-11-19 00:00:00-05:00,3165.5,3247.5,3089.0,3120.5,5203.0,0.0,0.0,Ethereum Futures,ETH=F
2024-11-20 00:00:00-05:00,3114.0,3181.0,3044.0,3087.5,7060.0,0.0,0.0,Ethereum Futures,ETH=F
2024-11-21 00:00:00-05:00,3090.0,3413.5,3045.5,3380.0,11572.0,0.0,0.0,Ethereum Futures,ETH=F
2024-11-22 00:00:00-05:00,3401.5,3446.0,3275.5,3306.5,9034.0,0.0,0.0,Ethereum Futures,ETH=F
2024-11-25 00:00:00-05:00,3379.5,3558.0,3313.0,3511.5,14501.0,0.0,0.0,Ethereum Futures,ETH=F
2024-11-26 00:00:00-05:00,3451.5,3479.0,3259.0,3327.0,10458.0,0.0,0.0,Ethereum Futures,ETH=F
2024-11-27 00:00:00-05:00,3333.0,3657.5,3307.5,3641.0,9680.0,0.0,0.0,Ethereum Futures,ETH=F
2024-11-29 00:00:00-05:00,3678.5,3693.5,3535.5,3629.68994140625,5566.0,0.0,0.0,Ethereum Futures,ETH=F
2024-12-02 00:00:00-05:00,3776.0,3816.5,3599.0,3661.0,5951.0,0.0,0.0,Ethereum Futures,ETH=F
2024-12-03 00:00:00-05:00,3661.0,3722.0,3540.5,3647.5,5249.0,0.0,0.0,Ethereum Futures,ETH=F
2024-12-04 00:00:00-05:00,3672.0,3949.0,3653.5,3931.0,10443.0,0.0,0.0,Ethereum Futures,ETH=F
2024-12-05 00:00:00-05:00,3897.0,4019.5,3820.0,3865.5,9622.0,0.0,0.0,Ethereum Futures,ETH=F
2024-12-06 00:00:00-05:00,3848.5,4142.5,3804.0,4095.5,10970.0,0.0,0.0,Ethereum Futures,ETH=F
2024-12-09 00:00:00-05:00,4046.0,4055.0,3498.5,3775.0,11331.0,0.0,0.0,Ethereum Futures,ETH=F
2024-12-10 00:00:00-05:00,3747.0,3811.5,3541.5,3682.0,10764.0,0.0,0.0,Ethereum Futures,ETH=F
2024-12-11 00:00:00-05:00,3675.0,3874.0,3592.0,3868.5,6565.0,0.0,0.0,Ethereum Futures,ETH=F
2024-12-12 00:00:00-05:00,3868.5,4015.0,3832.0,3906.5,7223.0,0.0,0.0,Ethereum Futures,ETH=F
2024-12-13 00:00:00-05:00,3901.5,3993.5,3875.0,3940.0,6355.0,0.0,0.0,Ethereum Futures,ETH=F
2024-12-16 00:00:00-05:00,3924.0,4136.5,3897.5,4073.0,12587.0,0.0,0.0,Ethereum Futures,ETH=F
2024-12-17 00:00:00-05:00,4056.0,4062.5,3933.0,3956.0,8295.0,0.0,0.0,Ethereum Futures,ETH=F
2024-12-18 00:00:00-05:00,3901.0,3930.0,3646.5,3701.5,11735.0,0.0,0.0,Ethereum Futures,ETH=F
2024-12-19 00:00:00-05:00,3688.5,3731.5,3329.0,3382.0,19010.0,0.0,0.0,Ethereum Futures,ETH=F
2024-12-20 00:00:00-05:00,3457.5,3505.5,3107.0,3448.0,14836.0,0.0,0.0,Ethereum Futures,ETH=F
2024-12-23 00:00:00-05:00,3286.5,3463.0,3220.5,3410.5,10014.0,0.0,0.0,Ethereum Futures,ETH=F
2024-12-24 00:00:00-05:00,3456.5,3541.5,3356.0,3507.5,6770.0,0.0,0.0,Ethereum Futures,ETH=F
2024-12-26 00:00:00-05:00,3476.0,3514.0,3305.0,3327.5,5178.0,0.0,0.0,Ethereum Futures,ETH=F
2024-12-27 00:00:00-05:00,3333.0,3430.5,3251.0,3322.9599609375,4453.0,0.0,0.0,Ethereum Futures,ETH=F
2024-12-30 00:00:00-05:00,3369.5,3466.0,3325.5,3428.5,5167.0,0.0,0.0,Ethereum Futures,ETH=F
2024-12-31 00:00:00-05:00,3386.0,3483.5,3339.5,3381.5,4377.0,0.0,0.0,Ethereum Futures,ETH=F
2025-01-02 00:00:00-05:00,3384.0,3541.5,3373.5,3488.0,5670.0,0.0,0.0,Ethereum Futures,ETH=F
2025-01-03 00:00:00-05:00,3473.5,3670.0,3451.0,3640.5,5989.0,0.0,0.0,Ethereum Futures,ETH=F
2025-01-06 00:00:00-05:00,3706.5,3782.5,3644.0,3718.0,5791.0,0.0,0.0,Ethereum Futures,ETH=F
2025-01-07 00:00:00-05:00,3717.5,3729.0,3376.5,3406.5,11125.0,0.0,0.0,Ethereum Futures,ETH=F
2025-01-08 00:00:00-05:00,3410.0,3428.5,3222.5,3298.0,5940.0,0.0,0.0,Ethereum Futures,ETH=F
2025-01-09 00:00:00-05:00,3342.5,3369.0,3172.0,3206.5,3588.0,0.0,0.0,Ethereum Futures,ETH=F
2025-01-10 00:00:00-05:00,3233.0,3343.0,3210.5,3277.5,3588.0,0.0,0.0,Ethereum Futures,ETH=F
